booking_id,booking_date,month,day_of_week,is_weekend,start_hour,duration_hours,is_peak_hour,hall_code,hall_type,hall_capacity,event_type,organizer_type,has_special_equipment,hist_avg_occupancy,registered_attendees,actual_attendees,actual_occupancy_rate,utilization_level,overload_risk
BK-00001,2026-06-13,6,7,1,6,2.5,0,HT-01,Sân thi đấu chính,3500,Giải thi đấu thể thao,CLB_ChuyenNghiep,1,0.694,2497,2530,0.7229,Trung bình,0
BK-00002,2026-01-09,1,6,0,7,2.0,0,HT-01,Sân thi đấu chính,3500,Giải thi đấu thể thao,DoanhNghiep_TuNhan,1,0.667,2988,3168,0.9051,Cao,1
BK-00003,2026-04-25,4,7,1,10,1.5,0,HT-05,Sân tập,200,Tập luyện CLB / Đội tuyển,TruongHoc_DaiHoc,0,0.536,46,49,0.245,Thấp,0
BK-00004,2026-04-08,4,4,0,13,2.5,0,HT-01,Sân thi đấu chính,3500,Tập luyện CLB / Đội tuyển,SoBanNganh_DoanThe,0,0.661,1429,1631,0.466,Trung bình,0
BK-00005,2026-05-22,5,6,0,18,4.0,1,HT-03,Sân cầu lông,800,Tập thể thao tự do,TruongHoc_DaiHoc,1,0.898,350,378,0.4725,Trung bình,0
BK-00006,2026-03-01,3,8,1,14,2.5,0,HT-01,Sân thi đấu chính,3500,Giao lưu phong trào,DoanhNghiep_TuNhan,0,0.712,703,738,0.2109,Thấp,0
BK-00007,2026-06-24,6,4,0,7,4.0,0,HT-06,Sân đa năng,1200,Tập luyện CLB / Đội tuyển,CLB_ChuyenNghiep,0,0.518,280,260,0.2167,Thấp,0
BK-00008,2026-06-26,6,6,0,9,2.5,1,HT-05,Sân tập,200,Tập luyện CLB / Đội tuyển,NhomCaNhan,0,0.666,133,115,0.575,Trung bình,0
BK-00009,2026-05-26,5,3,0,13,2.0,0,HT-06,Sân đa năng,1200,Tập luyện CLB / Đội tuyển,SoBanNganh_DoanThe,0,0.409,559,519,0.4325,Trung bình,0
BK-00010,2026-05-24,5,8,1,10,4.0,0,HT-05,Sân tập,200,Tập thể thao tự do,TruongHoc_DaiHoc,0,0.535,49,49,0.245,Thấp,0
BK-00011,2026-01-13,1,3,0,8,2.0,1,HT-01,Sân thi đấu chính,3500,Tập luyện CLB / Đội tuyển,SoBanNganh_DoanThe,0,0.64,1907,1888,0.5394,Trung bình,0
BK-00012,2026-05-22,5,6,0,18,1.5,1,HT-01,Sân thi đấu chính,3500,Tập luyện CLB / Đội tuyển,DoanhNghiep_TuNhan,0,0.625,2266,2125,0.6071,Trung bình,0
BK-00013,2026-01-01,1,5,0,19,2.5,1,HT-06,Sân đa năng,1200,Tập luyện CLB / Đội tuyển,CLB_ChuyenNghiep,0,0.451,537,592,0.4933,Trung bình,0
BK-00014,2026-02-20,2,6,0,13,2.0,0,HT-02,Hội trường,500,Hội nghị / Sự kiện,TruongHoc_DaiHoc,1,0.603,275,306,0.612,Trung bình,0
BK-00015,2026-03-20,3,6,0,6,2.0,0,HT-02,Hội trường,500,Hội nghị / Sự kiện,SoBanNganh_DoanThe,1,0.49,430,434,0.868,Cao,0
BK-00016,2026-06-18,6,5,0,16,2.0,1,HT-04,Bể bơi,2100,Tập luyện CLB / Đội tuyển,TruongHoc_DaiHoc,0,0.757,1084,1096,0.5219,Trung bình,0
BK-00017,2026-02-21,2,7,1,10,3.0,0,HT-06,Sân đa năng,1200,Tập luyện CLB / Đội tuyển,DoanhNghiep_TuNhan,0,0.38,552,510,0.425,Trung bình,0
BK-00018,2026-01-06,1,3,0,16,2.0,1,HT-05,Sân tập,200,Giao lưu phong trào,NhomCaNhan,1,0.525,118,102,0.51,Trung bình,0
BK-00019,2026-03-26,3,5,0,16,2.0,1,HT-01,Sân thi đấu chính,3500,Giao lưu phong trào,DoanhNghiep_TuNhan,0,0.692,2152,2398,0.6851,Trung bình,0
BK-00020,2026-03-04,3,4,0,20,3.0,0,HT-04,Bể bơi,2100,Tập thể thao tự do,CLB_ChuyenNghiep,1,0.757,622,615,0.2929,Thấp,0
BK-00021,2026-06-22,6,2,0,18,1.5,1,HT-06,Sân đa năng,1200,Giải thi đấu thể thao,SoBanNganh_DoanThe,1,0.456,984,892,0.7433,Trung bình,0
BK-00022,2026-02-05,2,5,0,8,2.5,1,HT-04,Bể bơi,2100,Tập luyện CLB / Đội tuyển,CLB_ChuyenNghiep,0,0.656,950,1051,0.5005,Trung bình,0
BK-00023,2026-06-16,6,3,0,6,1.5,0,HT-05,Sân tập,200,Tập luyện CLB / Đội tuyển,NhomCaNhan,0,0.546,68,76,0.38,Thấp,0
BK-00024,2026-01-01,1,5,0,10,3.0,0,HT-04,Bể bơi,2100,Tập luyện CLB / Đội tuyển,NhomCaNhan,0,0.718,900,943,0.449,Trung bình,0
BK-00025,2026-02-18,2,4,0,9,1.5,1,HT-03,Sân cầu lông,800,Giao lưu phong trào,TruongHoc_DaiHoc,0,0.82,482,494,0.6175,Trung bình,0
BK-00026,2026-05-16,5,7,1,6,4.0,0,HT-02,Hội trường,500,Hội nghị / Sự kiện,SoBanNganh_DoanThe,1,0.621,280,271,0.542,Trung bình,0
BK-00027,2026-05-26,5,3,0,17,4.0,0,HT-02,Hội trường,500,Hội nghị / Sự kiện,TruongHoc_DaiHoc,1,0.512,369,348,0.696,Trung bình,0
BK-00028,2026-06-21,6,8,1,13,2.0,0,HT-06,Sân đa năng,1200,Giao lưu phong trào,SoBanNganh_DoanThe,1,0.52,447,504,0.42,Trung bình,0
BK-00029,2026-01-03,1,7,1,17,4.0,0,HT-04,Bể bơi,2100,Tập thể thao tự do,CLB_ChuyenNghiep,0,0.651,636,607,0.289,Thấp,0
BK-00030,2026-03-04,3,4,0,10,2.0,0,HT-03,Sân cầu lông,800,Tập thể thao tự do,TruongHoc_DaiHoc,0,0.741,319,333,0.4163,Trung bình,0
BK-00031,2026-05-22,5,6,0,18,1.5,1,HT-03,Sân cầu lông,800,Tập luyện CLB / Đội tuyển,CLB_ChuyenNghiep,1,0.837,353,328,0.41,Trung bình,0
BK-00032,2026-03-29,3,8,1,18,2.5,1,HT-02,Hội trường,500,Giao lưu phong trào,DoanhNghiep_TuNhan,0,0.514,392,383,0.766,Cao,0
BK-00033,2026-01-01,1,5,0,20,2.0,0,HT-03,Sân cầu lông,800,Giao lưu phong trào,CLB_ChuyenNghiep,1,0.758,253,257,0.3212,Thấp,0
BK-00034,2026-06-26,6,6,0,16,1.5,1,HT-02,Hội trường,500,Giao lưu phong trào,TruongHoc_DaiHoc,0,0.619,249,238,0.476,Trung bình,0
BK-00035,2026-01-11,1,8,1,9,2.0,1,HT-03,Sân cầu lông,800,Giao lưu phong trào,NhomCaNhan,0,0.86,660,753,0.9413,Cao,1
BK-00036,2026-03-02,3,2,0,20,2.0,0,HT-02,Hội trường,500,Giao lưu phong trào,SoBanNganh_DoanThe,1,0.577,250,243,0.486,Trung bình,0
BK-00037,2026-03-05,3,5,0,8,1.5,1,HT-03,Sân cầu lông,800,Tập thể thao tự do,NhomCaNhan,0,0.789,406,401,0.5012,Trung bình,0
BK-00038,2026-02-28,2,7,1,6,2.0,0,HT-02,Hội trường,500,Giao lưu phong trào,DoanhNghiep_TuNhan,0,0.552,91,86,0.172,Thấp,0
BK-00039,2026-06-23,6,3,0,13,1.5,0,HT-05,Sân tập,200,Tập luyện CLB / Đội tuyển,CLB_ChuyenNghiep,1,0.59,92,81,0.405,Trung bình,0
BK-00040,2026-03-22,3,8,1,17,4.0,0,HT-04,Bể bơi,2100,Tập thể thao tự do,NhomCaNhan,0,0.723,413,405,0.1929,Thấp,0
BK-00041,2026-05-18,5,2,0,19,2.0,1,HT-06,Sân đa năng,1200,Giao lưu phong trào,SoBanNganh_DoanThe,1,0.506,733,692,0.5767,Trung bình,0
BK-00042,2026-03-18,3,4,0,10,3.0,0,HT-05,Sân tập,200,Tập thể thao tự do,CLB_ChuyenNghiep,0,0.581,64,67,0.335,Thấp,0
BK-00043,2026-02-14,2,7,1,17,2.5,0,HT-05,Sân tập,200,Tập thể thao tự do,TruongHoc_DaiHoc,0,0.617,48,52,0.26,Thấp,0
BK-00044,2026-03-24,3,3,0,15,3.0,1,HT-04,Bể bơi,2100,Giải thi đấu thể thao,CLB_ChuyenNghiep,1,0.745,2036,2180,1.0381,Quá tải,1
BK-00045,2026-03-14,3,7,1,18,4.0,1,HT-05,Sân tập,200,Tập thể thao tự do,NhomCaNhan,0,0.552,170,155,0.775,Cao,0
BK-00046,2026-01-07,1,4,0,9,3.0,1,HT-01,Sân thi đấu chính,3500,Tập luyện CLB / Đội tuyển,CLB_ChuyenNghiep,0,0.661,2523,2688,0.768,Cao,0
BK-00047,2026-04-13,4,2,0,8,1.5,1,HT-02,Hội trường,500,Hội nghị / Sự kiện,DoanhNghiep_TuNhan,1,0.559,406,401,0.802,Cao,0
BK-00048,2026-02-01,2,8,1,8,3.0,1,HT-04,Bể bơi,2100,Giải thi đấu thể thao,TruongHoc_DaiHoc,0,0.738,1896,2118,1.0086,Quá tải,1
BK-00049,2026-05-10,5,8,1,16,3.0,1,HT-04,Bể bơi,2100,Tập thể thao tự do,TruongHoc_DaiHoc,0,0.684,1621,1786,0.8505,Cao,0
BK-00050,2026-05-14,5,5,0,18,2.0,1,HT-04,Bể bơi,2100,Tập luyện CLB / Đội tuyển,NhomCaNhan,1,0.726,1002,947,0.451,Trung bình,0
BK-00051,2026-02-05,2,5,0,9,3.0,1,HT-02,Hội trường,500,Hội nghị / Sự kiện,TruongHoc_DaiHoc,1,0.48,311,307,0.614,Trung bình,0
BK-00052,2026-04-18,4,7,1,20,4.0,0,HT-04,Bể bơi,2100,Giải thi đấu thể thao,CLB_ChuyenNghiep,0,0.696,1803,1535,0.731,Trung bình,0
BK-00053,2026-04-10,4,6,0,16,4.0,1,HT-04,Bể bơi,2100,Giải thi đấu thể thao,CLB_ChuyenNghiep,1,0.747,1532,1480,0.7048,Trung bình,0
BK-00054,2026-04-14,4,3,0,8,3.0,1,HT-06,Sân đa năng,1200,Giải thi đấu thể thao,DoanhNghiep_TuNhan,1,0.383,1126,1181,0.9842,Cao,1
BK-00055,2026-04-20,4,2,0,15,2.0,1,HT-02,Hội trường,500,Hội nghị / Sự kiện,DoanhNghiep_TuNhan,1,0.531,277,298,0.596,Trung bình,0
BK-00056,2026-04-18,4,7,1,7,3.0,0,HT-03,Sân cầu lông,800,Tập luyện CLB / Đội tuyển,TruongHoc_DaiHoc,0,0.865,387,404,0.505,Trung bình,0
BK-00057,2026-06-16,6,3,0,20,1.5,0,HT-01,Sân thi đấu chính,3500,Giải thi đấu thể thao,CLB_ChuyenNghiep,1,0.618,2774,2751,0.786,Cao,0
BK-00058,2026-02-25,2,4,0,19,2.5,1,HT-04,Bể bơi,2100,Tập luyện CLB / Đội tuyển,CLB_ChuyenNghiep,0,0.666,1615,1749,0.8329,Cao,0
BK-00059,2026-03-21,3,7,1,17,1.5,0,HT-01,Sân thi đấu chính,3500,Giao lưu phong trào,DoanhNghiep_TuNhan,0,0.612,1663,1770,0.5057,Trung bình,0
BK-00060,2026-06-26,6,6,0,9,1.5,1,HT-06,Sân đa năng,1200,Tập luyện CLB / Đội tuyển,SoBanNganh_DoanThe,0,0.495,676,774,0.645,Trung bình,0
BK-00061,2026-03-30,3,2,0,14,2.5,0,HT-05,Sân tập,200,Tập luyện CLB / Đội tuyển,TruongHoc_DaiHoc,0,0.589,30,29,0.145,Thấp,0
BK-00062,2026-04-03,4,6,0,15,2.0,1,HT-06,Sân đa năng,1200,Giao lưu phong trào,CLB_ChuyenNghiep,0,0.456,844,922,0.7683,Cao,0
BK-00063,2026-05-04,5,2,0,14,4.0,0,HT-04,Bể bơi,2100,Tập luyện CLB / Đội tuyển,NhomCaNhan,0,0.679,849,946,0.4505,Trung bình,0
BK-00064,2026-04-29,4,4,0,17,3.0,0,HT-05,Sân tập,200,Tập thể thao tự do,NhomCaNhan,0,0.561,52,49,0.245,Thấp,0
BK-00065,2026-03-13,3,6,0,19,2.5,1,HT-05,Sân tập,200,Giao lưu phong trào,NhomCaNhan,0,0.609,88,85,0.425,Trung bình,0
BK-00066,2026-03-03,3,3,0,15,3.0,1,HT-06,Sân đa năng,1200,Giao lưu phong trào,CLB_ChuyenNghiep,1,0.463,595,560,0.4667,Trung bình,0
BK-00067,2026-05-02,5,7,1,16,2.5,1,HT-05,Sân tập,200,Tập thể thao tự do,TruongHoc_DaiHoc,0,0.557,139,130,0.65,Trung bình,0
BK-00068,2026-02-19,2,5,0,7,4.0,0,HT-03,Sân cầu lông,800,Giao lưu phong trào,NhomCaNhan,1,0.862,312,320,0.4,Trung bình,0
BK-00069,2026-06-02,6,3,0,7,2.0,0,HT-03,Sân cầu lông,800,Tập thể thao tự do,NhomCaNhan,0,0.747,213,189,0.2362,Thấp,0
BK-00070,2026-01-14,1,4,0,10,2.0,0,HT-05,Sân tập,200,Giao lưu phong trào,CLB_ChuyenNghiep,1,0.575,29,28,0.14,Thấp,0
BK-00071,2026-01-14,1,4,0,15,1.5,1,HT-03,Sân cầu lông,800,Tập luyện CLB / Đội tuyển,CLB_ChuyenNghiep,0,0.87,499,446,0.5575,Trung bình,0
BK-00072,2026-03-19,3,5,0,9,1.5,1,HT-01,Sân thi đấu chính,3500,Tập luyện CLB / Đội tuyển,SoBanNganh_DoanThe,0,0.672,2238,2253,0.6437,Trung bình,0
BK-00073,2026-04-24,4,6,0,17,3.0,0,HT-03,Sân cầu lông,800,Tập thể thao tự do,TruongHoc_DaiHoc,0,0.773,304,344,0.43,Trung bình,0
BK-00074,2026-02-24,2,3,0,18,1.5,1,HT-03,Sân cầu lông,800,Tập luyện CLB / Đội tuyển,NhomCaNhan,1,0.835,307,302,0.3775,Thấp,0
BK-00075,2026-03-16,3,2,0,9,2.5,1,HT-01,Sân thi đấu chính,3500,Tập luyện CLB / Đội tuyển,SoBanNganh_DoanThe,0,0.726,2029,2287,0.6534,Trung bình,0
BK-00076,2026-06-10,6,4,0,18,2.0,1,HT-05,Sân tập,200,Tập thể thao tự do,NhomCaNhan,0,0.531,135,148,0.74,Trung bình,0
BK-00077,2026-02-12,2,5,0,17,4.0,0,HT-03,Sân cầu lông,800,Tập thể thao tự do,CLB_ChuyenNghiep,1,0.82,325,368,0.46,Trung bình,0
BK-00078,2026-05-07,5,5,0,7,4.0,0,HT-04,Bể bơi,2100,Tập thể thao tự do,NhomCaNhan,0,0.748,686,630,0.3,Thấp,0
BK-00079,2026-05-28,5,5,0,6,2.5,0,HT-05,Sân tập,200,Giao lưu phong trào,NhomCaNhan,0,0.565,42,41,0.205,Thấp,0
BK-00080,2026-05-30,5,7,1,18,3.0,1,HT-04,Bể bơi,2100,Tập thể thao tự do,NhomCaNhan,0,0.693,1520,1683,0.8014,Cao,0
BK-00081,2026-06-27,6,7,1,10,3.0,0,HT-04,Bể bơi,2100,Giải thi đấu thể thao,CLB_ChuyenNghiep,1,0.705,1507,1719,0.8186,Cao,0
BK-00082,2026-05-12,5,3,0,18,4.0,1,HT-01,Sân thi đấu chính,3500,Giao lưu phong trào,SoBanNganh_DoanThe,1,0.671,2085,2084,0.5954,Trung bình,0
BK-00083,2026-01-14,1,4,0,10,4.0,0,HT-02,Hội trường,500,Hội nghị / Sự kiện,DoanhNghiep_TuNhan,1,0.567,344,392,0.784,Cao,0
BK-00084,2026-03-03,3,3,0,8,2.5,1,HT-06,Sân đa năng,1200,Tập luyện CLB / Đội tuyển,CLB_ChuyenNghiep,0,0.444,570,640,0.5333,Trung bình,0
BK-00085,2026-01-31,1,7,1,8,3.0,1,HT-06,Sân đa năng,1200,Tập luyện CLB / Đội tuyển,SoBanNganh_DoanThe,0,0.409,873,998,0.8317,Cao,0
BK-00086,2026-05-22,5,6,0,14,2.0,0,HT-02,Hội trường,500,Hội nghị / Sự kiện,SoBanNganh_DoanThe,1,0.551,381,430,0.86,Cao,0
BK-00087,2026-01-01,1,5,0,19,2.5,1,HT-03,Sân cầu lông,800,Giao lưu phong trào,TruongHoc_DaiHoc,0,0.795,424,428,0.535,Trung bình,0
BK-00088,2026-05-22,5,6,0,14,3.0,0,HT-05,Sân tập,200,Tập thể thao tự do,NhomCaNhan,0,0.586,45,49,0.245,Thấp,0
BK-00089,2026-03-23,3,2,0,15,3.0,1,HT-06,Sân đa năng,1200,Giao lưu phong trào,DoanhNghiep_TuNhan,0,0.39,701,798,0.665,Trung bình,0
BK-00090,2026-06-01,6,2,0,7,3.0,0,HT-03,Sân cầu lông,800,Tập luyện CLB / Đội tuyển,TruongHoc_DaiHoc,0,0.895,115,127,0.1588,Thấp,0
BK-00091,2026-01-20,1,3,0,20,2.5,0,HT-04,Bể bơi,2100,Tập luyện CLB / Đội tuyển,TruongHoc_DaiHoc,0,0.777,848,937,0.4462,Trung bình,0
BK-00092,2026-04-08,4,4,0,18,3.0,1,HT-03,Sân cầu lông,800,Giao lưu phong trào,NhomCaNhan,0,0.776,399,373,0.4662,Trung bình,0
BK-00093,2026-01-24,1,7,1,7,1.5,0,HT-04,Bể bơi,2100,Tập luyện CLB / Đội tuyển,CLB_ChuyenNghiep,0,0.687,890,969,0.4614,Trung bình,0
BK-00094,2026-04-06,4,2,0,8,2.0,1,HT-04,Bể bơi,2100,Giải thi đấu thể thao,NhomCaNhan,1,0.779,1741,1521,0.7243,Trung bình,0
BK-00095,2026-06-08,6,2,0,9,3.0,1,HT-06,Sân đa năng,1200,Tập luyện CLB / Đội tuyển,CLB_ChuyenNghiep,1,0.514,741,778,0.6483,Trung bình,0
BK-00096,2026-04-30,4,5,0,18,4.0,1,HT-03,Sân cầu lông,800,Tập luyện CLB / Đội tuyển,NhomCaNhan,0,0.808,424,441,0.5513,Trung bình,0
BK-00097,2026-03-06,3,6,0,10,2.0,0,HT-04,Bể bơi,2100,Tập luyện CLB / Đội tuyển,NhomCaNhan,1,0.752,578,542,0.2581,Thấp,0
BK-00098,2026-01-06,1,3,0,14,2.5,0,HT-06,Sân đa năng,1200,Giải thi đấu thể thao,DoanhNghiep_TuNhan,0,0.489,1160,1302,1.085,Quá tải,1
BK-00099,2026-03-15,3,8,1,17,2.5,0,HT-02,Hội trường,500,Hội nghị / Sự kiện,TruongHoc_DaiHoc,1,0.579,308,332,0.664,Trung bình,0
BK-00100,2026-02-05,2,5,0,7,1.5,0,HT-06,Sân đa năng,1200,Giao lưu phong trào,SoBanNganh_DoanThe,1,0.422,308,345,0.2875,Thấp,0
BK-00101,2026-04-17,4,6,0,9,2.0,1,HT-02,Hội trường,500,Giao lưu phong trào,TruongHoc_DaiHoc,0,0.621,231,259,0.518,Trung bình,0
BK-00102,2026-03-17,3,3,0,13,1.5,0,HT-06,Sân đa năng,1200,Giao lưu phong trào,CLB_ChuyenNghiep,1,0.527,628,670,0.5583,Trung bình,0
BK-00103,2026-05-23,5,7,1,7,3.0,0,HT-03,Sân cầu lông,800,Tập luyện CLB / Đội tuyển,CLB_ChuyenNghiep,0,0.834,255,268,0.335,Thấp,0
BK-00104,2026-06-13,6,7,1,7,2.0,0,HT-03,Sân cầu lông,800,Tập thể thao tự do,NhomCaNhan,0,0.844,370,382,0.4775,Trung bình,0
BK-00105,2026-06-12,6,6,0,19,2.5,1,HT-04,Bể bơi,2100,Giải thi đấu thể thao,NhomCaNhan,1,0.659,1264,1452,0.6914,Trung bình,0
BK-00106,2026-03-02,3,2,0,8,3.0,1,HT-05,Sân tập,200,Tập thể thao tự do,CLB_ChuyenNghiep,0,0.639,143,139,0.695,Trung bình,0
BK-00107,2026-02-09,2,2,0,18,1.5,1,HT-04,Bể bơi,2100,Tập luyện CLB / Đội tuyển,TruongHoc_DaiHoc,0,0.711,1395,1340,0.6381,Trung bình,0
BK-00108,2026-03-02,3,2,0,7,2.5,0,HT-03,Sân cầu lông,800,Giao lưu phong trào,TruongHoc_DaiHoc,0,0.876,217,192,0.24,Thấp,0
BK-00109,2026-04-27,4,2,0,18,2.0,1,HT-01,Sân thi đấu chính,3500,Tập luyện CLB / Đội tuyển,DoanhNghiep_TuNhan,0,0.62,1507,1391,0.3974,Thấp,0
BK-00110,2026-05-25,5,2,0,7,4.0,0,HT-02,Hội trường,500,Hội nghị / Sự kiện,TruongHoc_DaiHoc,1,0.614,388,346,0.692,Trung bình,0
BK-00111,2026-01-01,1,5,0,8,2.0,1,HT-03,Sân cầu lông,800,Giao lưu phong trào,CLB_ChuyenNghiep,0,0.797,376,334,0.4175,Trung bình,0
BK-00112,2026-03-02,3,2,0,13,1.5,0,HT-05,Sân tập,200,Tập luyện CLB / Đội tuyển,CLB_ChuyenNghiep,1,0.596,82,88,0.44,Trung bình,0
BK-00113,2026-04-03,4,6,0,17,1.5,0,HT-05,Sân tập,200,Tập thể thao tự do,TruongHoc_DaiHoc,1,0.625,76,85,0.425,Trung bình,0
BK-00114,2026-03-19,3,5,0,18,1.5,1,HT-04,Bể bơi,2100,Tập thể thao tự do,NhomCaNhan,0,0.711,1062,1129,0.5376,Trung bình,0
BK-00115,2026-01-21,1,4,0,17,2.0,0,HT-03,Sân cầu lông,800,Tập luyện CLB / Đội tuyển,NhomCaNhan,0,0.899,300,284,0.355,Thấp,0
BK-00116,2026-05-16,5,7,1,15,4.0,1,HT-03,Sân cầu lông,800,Giao lưu phong trào,CLB_ChuyenNghiep,1,0.863,694,725,0.9062,Cao,1
BK-00117,2026-02-25,2,4,0,15,2.0,1,HT-04,Bể bơi,2100,Tập luyện CLB / Đội tuyển,NhomCaNhan,0,0.69,1185,1118,0.5324,Trung bình,0
BK-00118,2026-03-07,3,7,1,8,3.0,1,HT-03,Sân cầu lông,800,Tập luyện CLB / Đội tuyển,NhomCaNhan,0,0.87,461,494,0.6175,Trung bình,0
BK-00119,2026-05-23,5,7,1,17,4.0,0,HT-01,Sân thi đấu chính,3500,Tập luyện CLB / Đội tuyển,SoBanNganh_DoanThe,0,0.668,1105,1251,0.3574,Thấp,0
BK-00120,2026-01-14,1,4,0,17,2.5,0,HT-03,Sân cầu lông,800,Tập thể thao tự do,NhomCaNhan,0,0.757,185,169,0.2112,Thấp,0
BK-00121,2026-05-23,5,7,1,7,2.5,0,HT-03,Sân cầu lông,800,Giao lưu phong trào,NhomCaNhan,0,0.838,390,427,0.5337,Trung bình,0
BK-00122,2026-06-14,6,8,1,6,4.0,0,HT-05,Sân tập,200,Giao lưu phong trào,TruongHoc_DaiHoc,0,0.574,44,41,0.205,Thấp,0
BK-00123,2026-01-02,1,6,0,8,4.0,1,HT-02,Hội trường,500,Giao lưu phong trào,SoBanNganh_DoanThe,1,0.504,281,301,0.602,Trung bình,0
BK-00124,2026-04-18,4,7,1,13,2.0,0,HT-04,Bể bơi,2100,Tập luyện CLB / Đội tuyển,NhomCaNhan,0,0.648,897,785,0.3738,Thấp,0
BK-00125,2026-02-10,2,3,0,6,1.5,0,HT-05,Sân tập,200,Tập thể thao tự do,CLB_ChuyenNghiep,0,0.641,63,58,0.29,Thấp,0
BK-00126,2026-01-30,1,6,0,14,1.5,0,HT-03,Sân cầu lông,800,Tập thể thao tự do,TruongHoc_DaiHoc,0,0.803,264,227,0.2838,Thấp,0
BK-00127,2026-06-03,6,4,0,6,2.0,0,HT-01,Sân thi đấu chính,3500,Giao lưu phong trào,CLB_ChuyenNghiep,0,0.68,1399,1239,0.354,Thấp,0
BK-00128,2026-04-21,4,3,0,8,3.0,1,HT-02,Hội trường,500,Hội nghị / Sự kiện,TruongHoc_DaiHoc,1,0.589,356,345,0.69,Trung bình,0
BK-00129,2026-04-22,4,4,0,15,1.5,1,HT-01,Sân thi đấu chính,3500,Giao lưu phong trào,DoanhNghiep_TuNhan,0,0.665,1948,1824,0.5211,Trung bình,0
BK-00130,2026-03-25,3,4,0,20,4.0,0,HT-02,Hội trường,500,Giao lưu phong trào,TruongHoc_DaiHoc,0,0.564,96,88,0.176,Thấp,0
BK-00131,2026-05-15,5,6,0,14,2.5,0,HT-01,Sân thi đấu chính,3500,Tập luyện CLB / Đội tuyển,SoBanNganh_DoanThe,1,0.685,1354,1408,0.4023,Trung bình,0
BK-00132,2026-02-19,2,5,0,13,2.0,0,HT-03,Sân cầu lông,800,Tập luyện CLB / Đội tuyển,NhomCaNhan,1,0.845,178,191,0.2387,Thấp,0
BK-00133,2026-02-15,2,8,1,15,3.0,1,HT-06,Sân đa năng,1200,Tập luyện CLB / Đội tuyển,DoanhNghiep_TuNhan,0,0.47,1066,1109,0.9242,Cao,1
BK-00134,2026-06-10,6,4,0,8,3.0,1,HT-03,Sân cầu lông,800,Tập luyện CLB / Đội tuyển,CLB_ChuyenNghiep,0,0.821,386,334,0.4175,Trung bình,0
BK-00135,2026-03-21,3,7,1,15,1.5,1,HT-04,Bể bơi,2100,Tập thể thao tự do,NhomCaNhan,0,0.738,1403,1552,0.739,Trung bình,0
BK-00136,2026-05-10,5,8,1,15,4.0,1,HT-04,Bể bơi,2100,Giải thi đấu thể thao,TruongHoc_DaiHoc,0,0.691,1750,1829,0.871,Cao,0
BK-00137,2026-05-02,5,7,1,8,1.5,1,HT-05,Sân tập,200,Tập thể thao tự do,NhomCaNhan,0,0.623,186,162,0.81,Cao,0
BK-00138,2026-01-11,1,8,1,19,3.0,1,HT-02,Hội trường,500,Giao lưu phong trào,TruongHoc_DaiHoc,0,0.535,315,294,0.588,Trung bình,0
BK-00139,2026-03-28,3,7,1,17,1.5,0,HT-06,Sân đa năng,1200,Tập luyện CLB / Đội tuyển,DoanhNghiep_TuNhan,0,0.41,322,311,0.2592,Thấp,0
BK-00140,2026-06-18,6,5,0,8,2.5,1,HT-05,Sân tập,200,Tập luyện CLB / Đội tuyển,TruongHoc_DaiHoc,0,0.626,138,144,0.72,Trung bình,0
BK-00141,2026-02-03,2,3,0,19,1.5,1,HT-05,Sân tập,200,Tập thể thao tự do,TruongHoc_DaiHoc,0,0.653,143,150,0.75,Cao,0
BK-00142,2026-06-25,6,5,0,7,3.0,0,HT-05,Sân tập,200,Giao lưu phong trào,CLB_ChuyenNghiep,1,0.643,56,53,0.265,Thấp,0
BK-00143,2026-02-19,2,5,0,8,2.0,1,HT-02,Hội trường,500,Hội nghị / Sự kiện,DoanhNghiep_TuNhan,1,0.611,282,310,0.62,Trung bình,0
BK-00144,2026-01-10,1,7,1,13,4.0,0,HT-06,Sân đa năng,1200,Giải thi đấu thể thao,DoanhNghiep_TuNhan,1,0.499,893,965,0.8042,Cao,0
BK-00145,2026-02-12,2,5,0,15,1.5,1,HT-06,Sân đa năng,1200,Giao lưu phong trào,SoBanNganh_DoanThe,0,0.49,573,536,0.4467,Trung bình,0
BK-00146,2026-04-25,4,7,1,16,2.0,1,HT-02,Hội trường,500,Giao lưu phong trào,DoanhNghiep_TuNhan,0,0.54,340,347,0.694,Trung bình,0
BK-00147,2026-03-14,3,7,1,16,4.0,1,HT-04,Bể bơi,2100,Tập luyện CLB / Đội tuyển,CLB_ChuyenNghiep,0,0.743,1637,1514,0.721,Trung bình,0
BK-00148,2026-04-06,4,2,0,7,4.0,0,HT-05,Sân tập,200,Tập luyện CLB / Đội tuyển,CLB_ChuyenNghiep,1,0.653,40,40,0.2,Thấp,0
BK-00149,2026-01-24,1,7,1,15,2.5,1,HT-02,Hội trường,500,Hội nghị / Sự kiện,DoanhNghiep_TuNhan,1,0.53,319,366,0.732,Trung bình,0
BK-00150,2026-01-08,1,5,0,7,2.5,0,HT-03,Sân cầu lông,800,Tập luyện CLB / Đội tuyển,NhomCaNhan,1,0.861,374,411,0.5138,Trung bình,0
BK-00151,2026-05-01,5,6,0,17,1.5,0,HT-04,Bể bơi,2100,Tập thể thao tự do,CLB_ChuyenNghiep,0,0.724,937,1000,0.4762,Trung bình,0
BK-00152,2026-01-29,1,5,0,9,2.5,1,HT-03,Sân cầu lông,800,Tập luyện CLB / Đội tuyển,NhomCaNhan,1,0.874,511,443,0.5537,Trung bình,0
BK-00153,2026-05-08,5,6,0,16,1.5,1,HT-05,Sân tập,200,Giao lưu phong trào,TruongHoc_DaiHoc,0,0.576,124,105,0.525,Trung bình,0
BK-00154,2026-05-27,5,4,0,8,1.5,1,HT-04,Bể bơi,2100,Giải thi đấu thể thao,NhomCaNhan,1,0.729,1698,1946,0.9267,Cao,1
BK-00155,2026-04-10,4,6,0,6,3.0,0,HT-04,Bể bơi,2100,Tập luyện CLB / Đội tuyển,NhomCaNhan,0,0.745,527,486,0.2314,Thấp,0
BK-00156,2026-01-27,1,3,0,19,2.5,1,HT-05,Sân tập,200,Tập luyện CLB / Đội tuyển,NhomCaNhan,0,0.63,106,116,0.58,Trung bình,0
BK-00157,2026-06-28,6,8,1,18,2.0,1,HT-04,Bể bơi,2100,Tập thể thao tự do,CLB_ChuyenNghiep,0,0.767,1682,1531,0.729,Trung bình,0
BK-00158,2026-01-11,1,8,1,10,4.0,0,HT-03,Sân cầu lông,800,Tập thể thao tự do,TruongHoc_DaiHoc,0,0.878,134,125,0.1562,Thấp,0
BK-00159,2026-01-13,1,3,0,13,2.5,0,HT-06,Sân đa năng,1200,Giải thi đấu thể thao,SoBanNganh_DoanThe,1,0.424,912,1036,0.8633,Cao,0
BK-00160,2026-02-17,2,3,0,19,3.0,1,HT-04,Bể bơi,2100,Tập luyện CLB / Đội tuyển,TruongHoc_DaiHoc,0,0.799,887,868,0.4133,Trung bình,0
BK-00161,2026-02-16,2,2,0,10,2.5,0,HT-05,Sân tập,200,Tập luyện CLB / Đội tuyển,NhomCaNhan,0,0.547,50,53,0.265,Thấp,0
BK-00162,2026-04-24,4,6,0,15,1.5,1,HT-03,Sân cầu lông,800,Giao lưu phong trào,CLB_ChuyenNghiep,0,0.749,454,493,0.6162,Trung bình,0
BK-00163,2026-06-21,6,8,1,14,2.5,0,HT-06,Sân đa năng,1200,Tập luyện CLB / Đội tuyển,DoanhNghiep_TuNhan,0,0.495,538,555,0.4625,Trung bình,0
BK-00164,2026-01-09,1,6,0,7,2.0,0,HT-02,Hội trường,500,Giao lưu phong trào,DoanhNghiep_TuNhan,0,0.622,177,186,0.372,Thấp,0
BK-00165,2026-04-06,4,2,0,20,1.5,0,HT-04,Bể bơi,2100,Giải thi đấu thể thao,CLB_ChuyenNghiep,1,0.658,1664,1539,0.7329,Trung bình,0
BK-00166,2026-02-17,2,3,0,16,3.0,1,HT-04,Bể bơi,2100,Giải thi đấu thể thao,CLB_ChuyenNghiep,1,0.686,1512,1737,0.8271,Cao,0
BK-00167,2026-05-06,5,4,0,7,2.0,0,HT-02,Hội trường,500,Hội nghị / Sự kiện,DoanhNghiep_TuNhan,1,0.625,412,450,0.9,Cao,1
BK-00168,2026-03-23,3,2,0,13,1.5,0,HT-06,Sân đa năng,1200,Tập luyện CLB / Đội tuyển,DoanhNghiep_TuNhan,0,0.482,285,302,0.2517,Thấp,0
BK-00169,2026-02-14,2,7,1,16,2.0,1,HT-03,Sân cầu lông,800,Tập luyện CLB / Đội tuyển,NhomCaNhan,0,0.832,536,513,0.6412,Trung bình,0
BK-00170,2026-04-30,4,5,0,8,4.0,1,HT-05,Sân tập,200,Tập luyện CLB / Đội tuyển,NhomCaNhan,0,0.643,156,157,0.785,Cao,0
BK-00171,2026-05-28,5,5,0,8,2.5,1,HT-01,Sân thi đấu chính,3500,Tập luyện CLB / Đội tuyển,CLB_ChuyenNghiep,0,0.725,2163,2408,0.688,Trung bình,0
BK-00172,2026-06-13,6,7,1,8,2.0,1,HT-05,Sân tập,200,Tập thể thao tự do,TruongHoc_DaiHoc,0,0.546,114,102,0.51,Trung bình,0
BK-00173,2026-03-24,3,3,0,9,2.5,1,HT-06,Sân đa năng,1200,Tập luyện CLB / Đội tuyển,SoBanNganh_DoanThe,0,0.39,601,610,0.5083,Trung bình,0
BK-00174,2026-03-19,3,5,0,16,1.5,1,HT-05,Sân tập,200,Giao lưu phong trào,TruongHoc_DaiHoc,1,0.635,135,141,0.705,Trung bình,0
BK-00175,2026-06-04,6,5,0,17,1.5,0,HT-03,Sân cầu lông,800,Tập luyện CLB / Đội tuyển,NhomCaNhan,1,0.863,304,317,0.3962,Thấp,0
BK-00176,2026-04-17,4,6,0,18,1.5,1,HT-05,Sân tập,200,Tập thể thao tự do,TruongHoc_DaiHoc,0,0.649,119,109,0.545,Trung bình,0
BK-00177,2026-04-14,4,3,0,15,1.5,1,HT-03,Sân cầu lông,800,Giao lưu phong trào,NhomCaNhan,1,0.763,433,412,0.515,Trung bình,0
BK-00178,2026-03-23,3,2,0,13,3.0,0,HT-06,Sân đa năng,1200,Giải thi đấu thể thao,SoBanNganh_DoanThe,1,0.442,775,687,0.5725,Trung bình,0
BK-00179,2026-02-06,2,6,0,6,2.5,0,HT-01,Sân thi đấu chính,3500,Giao lưu phong trào,DoanhNghiep_TuNhan,0,0.749,1841,2014,0.5754,Trung bình,0
BK-00180,2026-03-22,3,8,1,20,2.0,0,HT-02,Hội trường,500,Giao lưu phong trào,TruongHoc_DaiHoc,0,0.533,228,199,0.398,Thấp,0
BK-00181,2026-04-28,4,3,0,9,4.0,1,HT-02,Hội trường,500,Giao lưu phong trào,SoBanNganh_DoanThe,1,0.545,308,322,0.644,Trung bình,0
BK-00182,2026-05-18,5,2,0,7,3.0,0,HT-01,Sân thi đấu chính,3500,Giải thi đấu thể thao,SoBanNganh_DoanThe,1,0.691,2994,2904,0.8297,Cao,0
BK-00183,2026-02-19,2,5,0,16,2.5,1,HT-03,Sân cầu lông,800,Tập luyện CLB / Đội tuyển,CLB_ChuyenNghiep,0,0.849,510,584,0.73,Trung bình,0
BK-00184,2026-01-31,1,7,1,7,3.0,0,HT-02,Hội trường,500,Giao lưu phong trào,DoanhNghiep_TuNhan,0,0.534,129,132,0.264,Thấp,0
BK-00185,2026-01-11,1,8,1,6,2.0,0,HT-01,Sân thi đấu chính,3500,Tập luyện CLB / Đội tuyển,SoBanNganh_DoanThe,0,0.622,1079,1206,0.3446,Thấp,0
BK-00186,2026-06-06,6,7,1,8,3.0,1,HT-03,Sân cầu lông,800,Giao lưu phong trào,TruongHoc_DaiHoc,0,0.818,623,624,0.78,Cao,0
BK-00187,2026-05-25,5,2,0,15,1.5,1,HT-03,Sân cầu lông,800,Tập thể thao tự do,CLB_ChuyenNghiep,0,0.856,604,657,0.8213,Cao,0
BK-00188,2026-06-26,6,6,0,6,4.0,0,HT-06,Sân đa năng,1200,Giao lưu phong trào,SoBanNganh_DoanThe,0,0.485,536,548,0.4567,Trung bình,0
BK-00189,2026-05-30,5,7,1,8,4.0,1,HT-04,Bể bơi,2100,Giải thi đấu thể thao,TruongHoc_DaiHoc,1,0.645,1761,1856,0.8838,Cao,0
BK-00190,2026-06-29,6,2,0,9,1.5,1,HT-01,Sân thi đấu chính,3500,Giao lưu phong trào,SoBanNganh_DoanThe,0,0.698,1793,1793,0.5123,Trung bình,0
BK-00191,2026-05-01,5,6,0,19,1.5,1,HT-06,Sân đa năng,1200,Tập luyện CLB / Đội tuyển,CLB_ChuyenNghiep,0,0.43,786,780,0.65,Trung bình,0
BK-00192,2026-02-14,2,7,1,16,2.5,1,HT-04,Bể bơi,2100,Giải thi đấu thể thao,NhomCaNhan,1,0.682,1980,2160,1.0286,Quá tải,1
BK-00193,2026-05-04,5,2,0,9,2.5,1,HT-02,Hội trường,500,Giao lưu phong trào,SoBanNganh_DoanThe,0,0.58,392,416,0.832,Cao,0
BK-00194,2026-05-06,5,4,0,15,2.5,1,HT-03,Sân cầu lông,800,Giao lưu phong trào,TruongHoc_DaiHoc,0,0.897,366,352,0.44,Trung bình,0
BK-00195,2026-03-30,3,2,0,10,1.5,0,HT-02,Hội trường,500,Giao lưu phong trào,TruongHoc_DaiHoc,1,0.504,244,262,0.524,Trung bình,0
BK-00196,2026-05-18,5,2,0,16,2.5,1,HT-03,Sân cầu lông,800,Tập luyện CLB / Đội tuyển,NhomCaNhan,0,0.825,459,482,0.6025,Trung bình,0
BK-00197,2026-06-13,6,7,1,6,1.5,0,HT-02,Hội trường,500,Giao lưu phong trào,DoanhNghiep_TuNhan,0,0.558,97,82,0.164,Thấp,0
BK-00198,2026-02-10,2,3,0,18,3.0,1,HT-04,Bể bơi,2100,Tập luyện CLB / Đội tuyển,TruongHoc_DaiHoc,1,0.785,1493,1558,0.7419,Trung bình,0
BK-00199,2026-01-23,1,6,0,17,2.0,0,HT-06,Sân đa năng,1200,Tập luyện CLB / Đội tuyển,DoanhNghiep_TuNhan,0,0.511,620,559,0.4658,Trung bình,0
BK-00200,2026-02-15,2,8,1,14,3.0,0,HT-01,Sân thi đấu chính,3500,Giải thi đấu thể thao,DoanhNghiep_TuNhan,0,0.691,3492,2977,0.8506,Cao,0
BK-00201,2026-01-28,1,4,0,10,3.0,0,HT-03,Sân cầu lông,800,Giao lưu phong trào,TruongHoc_DaiHoc,0,0.784,341,341,0.4263,Trung bình,0
BK-00202,2026-01-29,1,5,0,8,3.0,1,HT-03,Sân cầu lông,800,Giao lưu phong trào,CLB_ChuyenNghiep,0,0.848,313,293,0.3663,Thấp,0
BK-00203,2026-02-19,2,5,0,17,3.0,0,HT-02,Hội trường,500,Giao lưu phong trào,TruongHoc_DaiHoc,0,0.546,133,152,0.304,Thấp,0
BK-00204,2026-03-05,3,5,0,10,3.0,0,HT-01,Sân thi đấu chính,3500,Giải thi đấu thể thao,SoBanNganh_DoanThe,1,0.602,3146,3356,0.9589,Cao,1
BK-00205,2026-06-17,6,4,0,19,2.0,1,HT-03,Sân cầu lông,800,Tập luyện CLB / Đội tuyển,TruongHoc_DaiHoc,1,0.883,398,398,0.4975,Trung bình,0
BK-00206,2026-06-30,6,3,0,19,1.5,1,HT-03,Sân cầu lông,800,Giao lưu phong trào,CLB_ChuyenNghiep,0,0.813,416,413,0.5162,Trung bình,0
BK-00207,2026-06-05,6,6,0,14,4.0,0,HT-03,Sân cầu lông,800,Tập thể thao tự do,TruongHoc_DaiHoc,0,0.835,369,388,0.485,Trung bình,0
BK-00208,2026-01-21,1,4,0,15,4.0,1,HT-05,Sân tập,200,Giao lưu phong trào,CLB_ChuyenNghiep,1,0.601,109,110,0.55,Trung bình,0
BK-00209,2026-05-27,5,4,0,8,2.0,1,HT-05,Sân tập,200,Tập thể thao tự do,TruongHoc_DaiHoc,0,0.664,133,132,0.66,Trung bình,0
BK-00210,2026-04-25,4,7,1,15,2.0,1,HT-01,Sân thi đấu chính,3500,Tập luyện CLB / Đội tuyển,SoBanNganh_DoanThe,0,0.716,2144,2341,0.6689,Trung bình,0
BK-00211,2026-04-12,4,8,1,6,2.0,0,HT-03,Sân cầu lông,800,Giao lưu phong trào,NhomCaNhan,1,0.89,197,226,0.2825,Thấp,0
BK-00212,2026-01-18,1,8,1,6,2.5,0,HT-04,Bể bơi,2100,Tập luyện CLB / Đội tuyển,CLB_ChuyenNghiep,0,0.707,961,1003,0.4776,Trung bình,0
BK-00213,2026-04-08,4,4,0,14,3.0,0,HT-04,Bể bơi,2100,Tập thể thao tự do,TruongHoc_DaiHoc,0,0.659,887,982,0.4676,Trung bình,0
BK-00214,2026-05-18,5,2,0,16,2.0,1,HT-04,Bể bơi,2100,Giải thi đấu thể thao,CLB_ChuyenNghiep,1,0.755,2017,1994,0.9495,Cao,1
BK-00215,2026-04-19,4,8,1,14,2.0,0,HT-05,Sân tập,200,Tập luyện CLB / Đội tuyển,CLB_ChuyenNghiep,0,0.538,53,56,0.28,Thấp,0
BK-00216,2026-06-19,6,6,0,17,1.5,0,HT-04,Bể bơi,2100,Tập thể thao tự do,CLB_ChuyenNghiep,1,0.78,743,781,0.3719,Thấp,0
BK-00217,2026-03-04,3,4,0,6,3.0,0,HT-06,Sân đa năng,1200,Giao lưu phong trào,CLB_ChuyenNghiep,0,0.529,524,467,0.3892,Thấp,0
BK-00218,2026-03-01,3,8,1,17,2.5,0,HT-06,Sân đa năng,1200,Tập luyện CLB / Đội tuyển,DoanhNghiep_TuNhan,0,0.528,496,551,0.4592,Trung bình,0
BK-00219,2026-05-14,5,5,0,14,2.5,0,HT-02,Hội trường,500,Giao lưu phong trào,SoBanNganh_DoanThe,0,0.579,186,167,0.334,Thấp,0
BK-00220,2026-05-23,5,7,1,6,2.5,0,HT-04,Bể bơi,2100,Giải thi đấu thể thao,TruongHoc_DaiHoc,1,0.688,1761,1712,0.8152,Cao,0
BK-00221,2026-02-17,2,3,0,15,2.0,1,HT-05,Sân tập,200,Tập luyện CLB / Đội tuyển,CLB_ChuyenNghiep,0,0.586,89,77,0.385,Thấp,0
BK-00222,2026-04-17,4,6,0,16,2.0,1,HT-05,Sân tập,200,Tập thể thao tự do,NhomCaNhan,0,0.579,94,92,0.46,Trung bình,0
BK-00223,2026-05-18,5,2,0,9,1.5,1,HT-06,Sân đa năng,1200,Giao lưu phong trào,SoBanNganh_DoanThe,0,0.492,788,714,0.595,Trung bình,0
BK-00224,2026-06-21,6,8,1,9,3.0,1,HT-05,Sân tập,200,Tập luyện CLB / Đội tuyển,CLB_ChuyenNghiep,0,0.639,164,148,0.74,Trung bình,0
BK-00225,2026-05-03,5,8,1,19,4.0,1,HT-02,Hội trường,500,Hội nghị / Sự kiện,DoanhNghiep_TuNhan,0,0.555,365,351,0.702,Trung bình,0
BK-00226,2026-04-02,4,5,0,10,2.5,0,HT-03,Sân cầu lông,800,Giao lưu phong trào,CLB_ChuyenNghiep,0,0.791,360,388,0.485,Trung bình,0
BK-00227,2026-02-22,2,8,1,13,3.0,0,HT-03,Sân cầu lông,800,Tập luyện CLB / Đội tuyển,TruongHoc_DaiHoc,0,0.833,295,299,0.3738,Thấp,0
BK-00228,2026-04-17,4,6,0,8,2.0,1,HT-03,Sân cầu lông,800,Tập thể thao tự do,NhomCaNhan,0,0.85,553,578,0.7225,Trung bình,0
BK-00229,2026-03-07,3,7,1,19,3.0,1,HT-04,Bể bơi,2100,Tập luyện CLB / Đội tuyển,CLB_ChuyenNghiep,0,0.669,1375,1394,0.6638,Trung bình,0
BK-00230,2026-05-19,5,3,0,6,4.0,0,HT-06,Sân đa năng,1200,Giải thi đấu thể thao,CLB_ChuyenNghiep,0,0.505,1074,1045,0.8708,Cao,0
BK-00231,2026-03-01,3,8,1,19,2.0,1,HT-01,Sân thi đấu chính,3500,Giải thi đấu thể thao,CLB_ChuyenNghiep,1,0.699,2729,2865,0.8186,Cao,0
BK-00232,2026-05-04,5,2,0,15,1.5,1,HT-06,Sân đa năng,1200,Giải thi đấu thể thao,DoanhNghiep_TuNhan,1,0.526,788,734,0.6117,Trung bình,0
BK-00233,2026-01-05,1,2,0,19,3.0,1,HT-05,Sân tập,200,Tập luyện CLB / Đội tuyển,NhomCaNhan,0,0.56,110,113,0.565,Trung bình,0
BK-00234,2026-04-01,4,4,0,20,3.0,0,HT-03,Sân cầu lông,800,Tập luyện CLB / Đội tuyển,CLB_ChuyenNghiep,0,0.788,235,248,0.31,Thấp,0
BK-00235,2026-01-21,1,4,0,18,1.5,1,HT-06,Sân đa năng,1200,Giải thi đấu thể thao,SoBanNganh_DoanThe,1,0.397,892,760,0.6333,Trung bình,0
BK-00236,2026-05-08,5,6,0,18,2.5,1,HT-04,Bể bơi,2100,Giải thi đấu thể thao,CLB_ChuyenNghiep,0,0.751,1838,2059,0.9805,Cao,1
BK-00237,2026-05-26,5,3,0,10,1.5,0,HT-04,Bể bơi,2100,Tập thể thao tự do,TruongHoc_DaiHoc,0,0.789,988,849,0.4043,Trung bình,0
BK-00238,2026-03-22,3,8,1,9,4.0,1,HT-01,Sân thi đấu chính,3500,Giải thi đấu thể thao,DoanhNghiep_TuNhan,1,0.691,3119,3178,0.908,Cao,1
BK-00239,2026-04-10,4,6,0,16,2.5,1,HT-06,Sân đa năng,1200,Giao lưu phong trào,DoanhNghiep_TuNhan,1,0.526,935,935,0.7792,Cao,0
BK-00240,2026-01-14,1,4,0,14,2.0,0,HT-01,Sân thi đấu chính,3500,Giải thi đấu thể thao,SoBanNganh_DoanThe,1,0.652,2975,3393,0.9694,Cao,1
BK-00241,2026-06-12,6,6,0,20,3.0,0,HT-03,Sân cầu lông,800,Tập thể thao tự do,NhomCaNhan,0,0.846,378,398,0.4975,Trung bình,0
BK-00242,2026-01-22,1,5,0,10,2.0,0,HT-05,Sân tập,200,Giao lưu phong trào,NhomCaNhan,1,0.638,42,43,0.215,Thấp,0
BK-00243,2026-03-23,3,2,0,7,1.5,0,HT-03,Sân cầu lông,800,Tập luyện CLB / Đội tuyển,CLB_ChuyenNghiep,0,0.809,306,268,0.335,Thấp,0
BK-00244,2026-05-23,5,7,1,16,3.0,1,HT-05,Sân tập,200,Tập luyện CLB / Đội tuyển,NhomCaNhan,1,0.658,156,169,0.845,Cao,0
BK-00245,2026-01-04,1,8,1,14,3.0,0,HT-03,Sân cầu lông,800,Tập luyện CLB / Đội tuyển,TruongHoc_DaiHoc,0,0.767,409,417,0.5212,Trung bình,0
BK-00246,2026-04-08,4,4,0,8,2.5,1,HT-02,Hội trường,500,Giao lưu phong trào,DoanhNghiep_TuNhan,0,0.547,208,203,0.406,Trung bình,0
BK-00247,2026-01-20,1,3,0,10,2.0,0,HT-03,Sân cầu lông,800,Giao lưu phong trào,TruongHoc_DaiHoc,0,0.741,290,258,0.3225,Thấp,0
BK-00248,2026-04-12,4,8,1,17,3.0,0,HT-03,Sân cầu lông,800,Tập thể thao tự do,CLB_ChuyenNghiep,0,0.762,373,426,0.5325,Trung bình,0
BK-00249,2026-03-24,3,3,0,19,2.0,1,HT-05,Sân tập,200,Tập thể thao tự do,CLB_ChuyenNghiep,1,0.621,103,110,0.55,Trung bình,0
BK-00250,2026-05-28,5,5,0,13,3.0,0,HT-02,Hội trường,500,Giao lưu phong trào,DoanhNghiep_TuNhan,0,0.499,223,256,0.512,Trung bình,0
BK-00251,2026-05-21,5,5,0,19,3.0,1,HT-01,Sân thi đấu chính,3500,Tập luyện CLB / Đội tuyển,CLB_ChuyenNghiep,0,0.727,1824,1998,0.5709,Trung bình,0
BK-00252,2026-04-15,4,4,0,15,2.0,1,HT-06,Sân đa năng,1200,Tập luyện CLB / Đội tuyển,SoBanNganh_DoanThe,1,0.382,789,857,0.7142,Trung bình,0
BK-00253,2026-06-03,6,4,0,17,3.0,0,HT-04,Bể bơi,2100,Giải thi đấu thể thao,TruongHoc_DaiHoc,0,0.795,1881,1619,0.771,Cao,0
BK-00254,2026-06-29,6,2,0,17,1.5,0,HT-05,Sân tập,200,Tập luyện CLB / Đội tuyển,NhomCaNhan,0,0.677,56,48,0.24,Thấp,0
BK-00255,2026-06-23,6,3,0,14,2.5,0,HT-06,Sân đa năng,1200,Giao lưu phong trào,CLB_ChuyenNghiep,1,0.463,289,290,0.2417,Thấp,0
BK-00256,2026-05-28,5,5,0,15,2.5,1,HT-02,Hội trường,500,Giao lưu phong trào,DoanhNghiep_TuNhan,0,0.474,303,288,0.576,Trung bình,0
BK-00257,2026-01-27,1,3,0,14,1.5,0,HT-03,Sân cầu lông,800,Tập luyện CLB / Đội tuyển,TruongHoc_DaiHoc,1,0.817,205,186,0.2325,Thấp,0
BK-00258,2026-05-02,5,7,1,15,3.0,1,HT-01,Sân thi đấu chính,3500,Giao lưu phong trào,CLB_ChuyenNghiep,0,0.704,2723,3008,0.8594,Cao,0
BK-00259,2026-06-23,6,3,0,19,2.0,1,HT-02,Hội trường,500,Hội nghị / Sự kiện,TruongHoc_DaiHoc,1,0.535,379,348,0.696,Trung bình,0
BK-00260,2026-02-17,2,3,0,18,3.0,1,HT-02,Hội trường,500,Giao lưu phong trào,SoBanNganh_DoanThe,0,0.471,350,342,0.684,Trung bình,0
BK-00261,2026-02-24,2,3,0,10,1.5,0,HT-02,Hội trường,500,Hội nghị / Sự kiện,TruongHoc_DaiHoc,1,0.608,304,282,0.564,Trung bình,0
BK-00262,2026-05-16,5,7,1,13,4.0,0,HT-06,Sân đa năng,1200,Giao lưu phong trào,DoanhNghiep_TuNhan,0,0.398,221,218,0.1817,Thấp,0
BK-00263,2026-06-22,6,2,0,20,2.5,0,HT-06,Sân đa năng,1200,Tập luyện CLB / Đội tuyển,DoanhNghiep_TuNhan,1,0.399,218,205,0.1708,Thấp,0
BK-00264,2026-06-27,6,7,1,16,3.0,1,HT-02,Hội trường,500,Giao lưu phong trào,TruongHoc_DaiHoc,1,0.581,335,348,0.696,Trung bình,0
BK-00265,2026-06-15,6,2,0,16,2.0,1,HT-02,Hội trường,500,Giao lưu phong trào,DoanhNghiep_TuNhan,1,0.527,252,218,0.436,Trung bình,0
BK-00266,2026-01-03,1,7,1,8,2.0,1,HT-04,Bể bơi,2100,Tập luyện CLB / Đội tuyển,TruongHoc_DaiHoc,0,0.774,1629,1587,0.7557,Cao,0
BK-00267,2026-05-06,5,4,0,7,4.0,0,HT-02,Hội trường,500,Hội nghị / Sự kiện,SoBanNganh_DoanThe,1,0.543,300,270,0.54,Trung bình,0
BK-00268,2026-05-07,5,5,0,16,1.5,1,HT-05,Sân tập,200,Giao lưu phong trào,NhomCaNhan,0,0.641,129,130,0.65,Trung bình,0
BK-00269,2026-04-23,4,5,0,9,3.0,1,HT-05,Sân tập,200,Tập luyện CLB / Đội tuyển,TruongHoc_DaiHoc,0,0.592,127,146,0.73,Trung bình,0
BK-00270,2026-03-31,3,3,0,15,1.5,1,HT-01,Sân thi đấu chính,3500,Giải thi đấu thể thao,CLB_ChuyenNghiep,1,0.701,2805,2982,0.852,Cao,0
BK-00271,2026-02-12,2,5,0,8,2.0,1,HT-05,Sân tập,200,Tập luyện CLB / Đội tuyển,NhomCaNhan,0,0.677,119,107,0.535,Trung bình,0
BK-00272,2026-03-16,3,2,0,17,2.5,0,HT-03,Sân cầu lông,800,Giao lưu phong trào,TruongHoc_DaiHoc,0,0.749,165,160,0.2,Thấp,0
BK-00273,2026-03-12,3,5,0,8,2.0,1,HT-06,Sân đa năng,1200,Giải thi đấu thể thao,CLB_ChuyenNghiep,1,0.448,1134,1193,0.9942,Cao,1
BK-00274,2026-05-28,5,5,0,10,3.0,0,HT-06,Sân đa năng,1200,Giao lưu phong trào,SoBanNganh_DoanThe,1,0.49,541,525,0.4375,Trung bình,0
BK-00275,2026-06-27,6,7,1,15,3.0,1,HT-03,Sân cầu lông,800,Tập thể thao tự do,TruongHoc_DaiHoc,1,0.813,696,744,0.93,Cao,1
BK-00276,2026-06-20,6,7,1,13,1.5,0,HT-06,Sân đa năng,1200,Tập luyện CLB / Đội tuyển,SoBanNganh_DoanThe,1,0.503,339,315,0.2625,Thấp,0
BK-00277,2026-03-28,3,7,1,17,2.0,0,HT-05,Sân tập,200,Giao lưu phong trào,CLB_ChuyenNghiep,0,0.62,97,83,0.415,Trung bình,0
BK-00278,2026-04-28,4,3,0,7,2.0,0,HT-01,Sân thi đấu chính,3500,Giao lưu phong trào,SoBanNganh_DoanThe,1,0.621,1597,1687,0.482,Trung bình,0
BK-00279,2026-06-16,6,3,0,8,2.5,1,HT-03,Sân cầu lông,800,Tập luyện CLB / Đội tuyển,TruongHoc_DaiHoc,0,0.748,354,369,0.4612,Trung bình,0
BK-00280,2026-06-10,6,4,0,19,2.0,1,HT-03,Sân cầu lông,800,Tập thể thao tự do,TruongHoc_DaiHoc,1,0.835,326,284,0.355,Thấp,0
BK-00281,2026-05-13,5,4,0,15,1.5,1,HT-06,Sân đa năng,1200,Giải thi đấu thể thao,DoanhNghiep_TuNhan,1,0.446,882,933,0.7775,Cao,0
BK-00282,2026-02-28,2,7,1,7,1.5,0,HT-04,Bể bơi,2100,Tập thể thao tự do,NhomCaNhan,0,0.78,522,571,0.2719,Thấp,0
BK-00283,2026-06-14,6,8,1,8,1.5,1,HT-06,Sân đa năng,1200,Tập luyện CLB / Đội tuyển,DoanhNghiep_TuNhan,1,0.47,942,1004,0.8367,Cao,0
BK-00284,2026-02-08,2,8,1,17,3.0,0,HT-04,Bể bơi,2100,Tập thể thao tự do,CLB_ChuyenNghiep,0,0.696,386,412,0.1962,Thấp,0
BK-00285,2026-04-20,4,2,0,20,2.0,0,HT-03,Sân cầu lông,800,Tập luyện CLB / Đội tuyển,CLB_ChuyenNghiep,0,0.786,193,205,0.2562,Thấp,0
BK-00286,2026-06-26,6,6,0,18,2.5,1,HT-01,Sân thi đấu chính,3500,Giải thi đấu thể thao,DoanhNghiep_TuNhan,1,0.725,2419,2525,0.7214,Trung bình,0
BK-00287,2026-03-03,3,3,0,14,1.5,0,HT-04,Bể bơi,2100,Tập thể thao tự do,NhomCaNhan,0,0.698,395,337,0.1605,Thấp,0
BK-00288,2026-03-23,3,2,0,14,4.0,0,HT-02,Hội trường,500,Giao lưu phong trào,DoanhNghiep_TuNhan,0,0.482,104,119,0.238,Thấp,0
BK-00289,2026-05-31,5,8,1,6,2.5,0,HT-01,Sân thi đấu chính,3500,Giải thi đấu thể thao,CLB_ChuyenNghiep,0,0.714,3204,2998,0.8566,Cao,0
BK-00290,2026-04-17,4,6,0,19,3.0,1,HT-04,Bể bơi,2100,Tập thể thao tự do,TruongHoc_DaiHoc,0,0.722,1235,1164,0.5543,Trung bình,0
BK-00291,2026-02-22,2,8,1,16,2.5,1,HT-02,Hội trường,500,Giao lưu phong trào,TruongHoc_DaiHoc,0,0.582,440,382,0.764,Cao,0
BK-00292,2026-03-03,3,3,0,9,1.5,1,HT-01,Sân thi đấu chính,3500,Giao lưu phong trào,CLB_ChuyenNghiep,0,0.719,2063,2212,0.632,Trung bình,0
BK-00293,2026-01-31,1,7,1,19,2.0,1,HT-01,Sân thi đấu chính,3500,Tập luyện CLB / Đội tuyển,CLB_ChuyenNghiep,1,0.715,3114,3378,0.9651,Cao,1
BK-00294,2026-02-12,2,5,0,8,2.5,1,HT-03,Sân cầu lông,800,Giao lưu phong trào,NhomCaNhan,0,0.75,348,324,0.405,Trung bình,0
BK-00295,2026-05-28,5,5,0,7,3.0,0,HT-06,Sân đa năng,1200,Giao lưu phong trào,DoanhNghiep_TuNhan,0,0.411,395,379,0.3158,Thấp,0
BK-00296,2026-01-27,1,3,0,18,1.5,1,HT-05,Sân tập,200,Tập luyện CLB / Đội tuyển,TruongHoc_DaiHoc,0,0.595,89,82,0.41,Trung bình,0
BK-00297,2026-04-09,4,5,0,8,1.5,1,HT-02,Hội trường,500,Giao lưu phong trào,SoBanNganh_DoanThe,0,0.482,284,264,0.528,Trung bình,0
BK-00298,2026-04-06,4,2,0,16,1.5,1,HT-01,Sân thi đấu chính,3500,Giải thi đấu thể thao,CLB_ChuyenNghiep,1,0.674,3605,3138,0.8966,Cao,0
BK-00299,2026-03-14,3,7,1,13,1.5,0,HT-03,Sân cầu lông,800,Giao lưu phong trào,CLB_ChuyenNghiep,1,0.84,178,167,0.2087,Thấp,0
BK-00300,2026-04-29,4,4,0,17,3.0,0,HT-03,Sân cầu lông,800,Tập luyện CLB / Đội tuyển,TruongHoc_DaiHoc,0,0.806,315,268,0.335,Thấp,0
BK-00301,2026-03-01,3,8,1,13,1.5,0,HT-05,Sân tập,200,Tập thể thao tự do,NhomCaNhan,0,0.553,59,55,0.275,Thấp,0
BK-00302,2026-03-02,3,2,0,15,1.5,1,HT-04,Bể bơi,2100,Tập thể thao tự do,TruongHoc_DaiHoc,0,0.706,825,910,0.4333,Trung bình,0
BK-00303,2026-04-06,4,2,0,19,1.5,1,HT-04,Bể bơi,2100,Giải thi đấu thể thao,CLB_ChuyenNghiep,1,0.65,1729,1776,0.8457,Cao,0
BK-00304,2026-06-19,6,6,0,9,2.5,1,HT-02,Hội trường,500,Giao lưu phong trào,DoanhNghiep_TuNhan,0,0.542,286,271,0.542,Trung bình,0
BK-00305,2026-03-01,3,8,1,9,2.0,1,HT-01,Sân thi đấu chính,3500,Tập luyện CLB / Đội tuyển,CLB_ChuyenNghiep,1,0.686,2257,2193,0.6266,Trung bình,0
BK-00306,2026-02-23,2,2,0,10,3.0,0,HT-04,Bể bơi,2100,Tập luyện CLB / Đội tuyển,CLB_ChuyenNghiep,1,0.737,873,926,0.441,Trung bình,0
BK-00307,2026-02-25,2,4,0,8,1.5,1,HT-03,Sân cầu lông,800,Giao lưu phong trào,NhomCaNhan,0,0.871,392,368,0.46,Trung bình,0
BK-00308,2026-02-14,2,7,1,14,3.0,0,HT-01,Sân thi đấu chính,3500,Tập luyện CLB / Đội tuyển,DoanhNghiep_TuNhan,0,0.619,589,640,0.1829,Thấp,0
BK-00309,2026-01-16,1,6,0,8,2.0,1,HT-02,Hội trường,500,Giao lưu phong trào,DoanhNghiep_TuNhan,0,0.617,333,341,0.682,Trung bình,0
BK-00310,2026-01-20,1,3,0,7,2.0,0,HT-01,Sân thi đấu chính,3500,Tập luyện CLB / Đội tuyển,SoBanNganh_DoanThe,0,0.62,681,744,0.2126,Thấp,0
BK-00311,2026-04-29,4,4,0,8,4.0,1,HT-01,Sân thi đấu chính,3500,Giao lưu phong trào,DoanhNghiep_TuNhan,0,0.634,1488,1341,0.3831,Thấp,0
BK-00312,2026-02-17,2,3,0,10,3.0,0,HT-03,Sân cầu lông,800,Tập luyện CLB / Đội tuyển,NhomCaNhan,0,0.881,301,300,0.375,Thấp,0
BK-00313,2026-05-03,5,8,1,7,2.5,0,HT-01,Sân thi đấu chính,3500,Giao lưu phong trào,CLB_ChuyenNghiep,0,0.759,1390,1285,0.3671,Thấp,0
BK-00314,2026-05-20,5,4,0,14,2.5,0,HT-01,Sân thi đấu chính,3500,Giao lưu phong trào,DoanhNghiep_TuNhan,0,0.643,958,906,0.2589,Thấp,0
BK-00315,2026-01-07,1,4,0,17,2.0,0,HT-03,Sân cầu lông,800,Tập luyện CLB / Đội tuyển,CLB_ChuyenNghiep,1,0.9,399,430,0.5375,Trung bình,0
BK-00316,2026-02-10,2,3,0,9,2.0,1,HT-01,Sân thi đấu chính,3500,Giao lưu phong trào,DoanhNghiep_TuNhan,0,0.635,2299,2641,0.7546,Cao,0
BK-00317,2026-04-10,4,6,0,8,2.0,1,HT-03,Sân cầu lông,800,Tập luyện CLB / Đội tuyển,TruongHoc_DaiHoc,0,0.853,511,525,0.6562,Trung bình,0
BK-00318,2026-04-01,4,4,0,17,2.0,0,HT-05,Sân tập,200,Giao lưu phong trào,NhomCaNhan,0,0.548,94,95,0.475,Trung bình,0
BK-00319,2026-01-10,1,7,1,6,2.0,0,HT-01,Sân thi đấu chính,3500,Tập luyện CLB / Đội tuyển,CLB_ChuyenNghiep,1,0.729,1073,1109,0.3169,Thấp,0
BK-00320,2026-03-29,3,8,1,8,2.5,1,HT-06,Sân đa năng,1200,Giải thi đấu thể thao,CLB_ChuyenNghiep,1,0.454,959,847,0.7058,Trung bình,0
BK-00321,2026-04-04,4,7,1,13,3.0,0,HT-01,Sân thi đấu chính,3500,Tập luyện CLB / Đội tuyển,CLB_ChuyenNghiep,0,0.67,1007,1077,0.3077,Thấp,0
BK-00322,2026-06-13,6,7,1,18,2.5,1,HT-04,Bể bơi,2100,Tập thể thao tự do,TruongHoc_DaiHoc,0,0.676,1842,2000,0.9524,Cao,1
BK-00323,2026-05-31,5,8,1,14,2.5,0,HT-02,Hội trường,500,Giao lưu phong trào,SoBanNganh_DoanThe,1,0.606,78,79,0.158,Thấp,0
BK-00324,2026-05-26,5,3,0,8,4.0,1,HT-01,Sân thi đấu chính,3500,Giao lưu phong trào,DoanhNghiep_TuNhan,1,0.719,2275,2029,0.5797,Trung bình,0
BK-00325,2026-03-02,3,2,0,13,2.0,0,HT-03,Sân cầu lông,800,Giao lưu phong trào,NhomCaNhan,0,0.742,321,305,0.3812,Thấp,0
BK-00326,2026-02-23,2,2,0,19,1.5,1,HT-02,Hội trường,500,Giao lưu phong trào,DoanhNghiep_TuNhan,0,0.537,296,290,0.58,Trung bình,0
BK-00327,2026-02-12,2,5,0,15,3.0,1,HT-04,Bể bơi,2100,Tập luyện CLB / Đội tuyển,TruongHoc_DaiHoc,0,0.761,1532,1567,0.7462,Trung bình,0
BK-00328,2026-02-27,2,6,0,15,1.5,1,HT-02,Hội trường,500,Hội nghị / Sự kiện,DoanhNghiep_TuNhan,1,0.612,272,259,0.518,Trung bình,0
BK-00329,2026-02-11,2,4,0,7,4.0,0,HT-06,Sân đa năng,1200,Giải thi đấu thể thao,SoBanNganh_DoanThe,1,0.521,997,856,0.7133,Trung bình,0
BK-00330,2026-02-12,2,5,0,14,2.0,0,HT-05,Sân tập,200,Tập luyện CLB / Đội tuyển,NhomCaNhan,0,0.668,96,97,0.485,Trung bình,0
BK-00331,2026-05-19,5,3,0,18,2.5,1,HT-03,Sân cầu lông,800,Tập thể thao tự do,NhomCaNhan,1,0.749,434,432,0.54,Trung bình,0
BK-00332,2026-01-01,1,5,0,7,2.5,0,HT-04,Bể bơi,2100,Giải thi đấu thể thao,TruongHoc_DaiHoc,1,0.687,1349,1215,0.5786,Trung bình,0
BK-00333,2026-01-21,1,4,0,7,2.5,0,HT-04,Bể bơi,2100,Tập luyện CLB / Đội tuyển,NhomCaNhan,0,0.67,735,744,0.3543,Thấp,0
BK-00334,2026-04-08,4,4,0,8,3.0,1,HT-03,Sân cầu lông,800,Tập luyện CLB / Đội tuyển,CLB_ChuyenNghiep,0,0.764,420,428,0.535,Trung bình,0
BK-00335,2026-06-28,6,8,1,7,1.5,0,HT-06,Sân đa năng,1200,Tập luyện CLB / Đội tuyển,SoBanNganh_DoanThe,0,0.38,372,341,0.2842,Thấp,0
BK-00336,2026-04-10,4,6,0,14,4.0,0,HT-05,Sân tập,200,Giao lưu phong trào,CLB_ChuyenNghiep,0,0.657,44,42,0.21,Thấp,0
BK-00337,2026-01-09,1,6,0,17,4.0,0,HT-05,Sân tập,200,Giao lưu phong trào,TruongHoc_DaiHoc,0,0.672,43,42,0.21,Thấp,0
BK-00338,2026-02-12,2,5,0,20,2.0,0,HT-02,Hội trường,500,Hội nghị / Sự kiện,SoBanNganh_DoanThe,1,0.57,417,479,0.958,Cao,1
BK-00339,2026-06-02,6,3,0,13,1.5,0,HT-03,Sân cầu lông,800,Tập luyện CLB / Đội tuyển,CLB_ChuyenNghiep,0,0.887,294,295,0.3688,Thấp,0
BK-00340,2026-01-04,1,8,1,17,4.0,0,HT-06,Sân đa năng,1200,Tập luyện CLB / Đội tuyển,SoBanNganh_DoanThe,1,0.524,246,252,0.21,Thấp,0
BK-00341,2026-01-26,1,2,0,17,1.5,0,HT-01,Sân thi đấu chính,3500,Giao lưu phong trào,DoanhNghiep_TuNhan,0,0.692,1524,1594,0.4554,Trung bình,0
BK-00342,2026-05-02,5,7,1,8,2.5,1,HT-01,Sân thi đấu chính,3500,Giao lưu phong trào,CLB_ChuyenNghiep,0,0.741,2759,2672,0.7634,Cao,0
BK-00343,2026-06-26,6,6,0,6,3.0,0,HT-02,Hội trường,500,Giao lưu phong trào,DoanhNghiep_TuNhan,1,0.549,209,195,0.39,Thấp,0
BK-00344,2026-06-28,6,8,1,7,2.0,0,HT-06,Sân đa năng,1200,Giải thi đấu thể thao,SoBanNganh_DoanThe,0,0.437,1000,930,0.775,Cao,0
BK-00345,2026-06-15,6,2,0,9,3.0,1,HT-01,Sân thi đấu chính,3500,Giải thi đấu thể thao,SoBanNganh_DoanThe,1,0.682,3298,3615,1.0329,Quá tải,1
BK-00346,2026-02-10,2,3,0,10,4.0,0,HT-01,Sân thi đấu chính,3500,Giao lưu phong trào,CLB_ChuyenNghiep,0,0.74,1183,1067,0.3049,Thấp,0
BK-00347,2026-02-21,2,7,1,9,1.5,1,HT-01,Sân thi đấu chính,3500,Giao lưu phong trào,CLB_ChuyenNghiep,0,0.681,2711,2974,0.8497,Cao,0
BK-00348,2026-06-12,6,6,0,18,1.5,1,HT-01,Sân thi đấu chính,3500,Giải thi đấu thể thao,SoBanNganh_DoanThe,1,0.688,2996,2973,0.8494,Cao,0
BK-00349,2026-03-30,3,2,0,10,1.5,0,HT-02,Hội trường,500,Giao lưu phong trào,SoBanNganh_DoanThe,0,0.607,105,119,0.238,Thấp,0
BK-00350,2026-06-15,6,2,0,18,2.0,1,HT-02,Hội trường,500,Giao lưu phong trào,TruongHoc_DaiHoc,0,0.471,214,231,0.462,Trung bình,0
BK-00351,2026-02-03,2,3,0,8,4.0,1,HT-06,Sân đa năng,1200,Giải thi đấu thể thao,CLB_ChuyenNghiep,1,0.473,1028,1172,0.9767,Cao,1
BK-00352,2026-04-19,4,8,1,13,3.0,0,HT-04,Bể bơi,2100,Tập luyện CLB / Đội tuyển,CLB_ChuyenNghiep,0,0.656,865,838,0.399,Thấp,0
BK-00353,2026-05-11,5,2,0,13,4.0,0,HT-06,Sân đa năng,1200,Tập luyện CLB / Đội tuyển,DoanhNghiep_TuNhan,0,0.528,281,244,0.2033,Thấp,0
BK-00354,2026-06-13,6,7,1,10,2.5,0,HT-03,Sân cầu lông,800,Giao lưu phong trào,TruongHoc_DaiHoc,0,0.778,283,284,0.355,Thấp,0
BK-00355,2026-01-15,1,5,0,14,2.5,0,HT-05,Sân tập,200,Giao lưu phong trào,NhomCaNhan,0,0.587,83,77,0.385,Thấp,0
BK-00356,2026-04-10,4,6,0,6,4.0,0,HT-06,Sân đa năng,1200,Tập luyện CLB / Đội tuyển,DoanhNghiep_TuNhan,0,0.472,337,355,0.2958,Thấp,0
BK-00357,2026-05-02,5,7,1,13,4.0,0,HT-06,Sân đa năng,1200,Giao lưu phong trào,CLB_ChuyenNghiep,0,0.39,513,451,0.3758,Thấp,0
BK-00358,2026-03-08,3,8,1,20,4.0,0,HT-06,Sân đa năng,1200,Giải thi đấu thể thao,DoanhNghiep_TuNhan,0,0.509,959,879,0.7325,Trung bình,0
BK-00359,2026-04-18,4,7,1,13,2.5,0,HT-03,Sân cầu lông,800,Giao lưu phong trào,CLB_ChuyenNghiep,0,0.833,139,144,0.18,Thấp,0
BK-00360,2026-06-08,6,2,0,15,2.0,1,HT-01,Sân thi đấu chính,3500,Tập luyện CLB / Đội tuyển,CLB_ChuyenNghiep,0,0.737,1792,1552,0.4434,Trung bình,0
BK-00361,2026-02-05,2,5,0,13,3.0,0,HT-02,Hội trường,500,Giao lưu phong trào,SoBanNganh_DoanThe,0,0.571,211,210,0.42,Trung bình,0
BK-00362,2026-02-15,2,8,1,18,1.5,1,HT-03,Sân cầu lông,800,Tập luyện CLB / Đội tuyển,CLB_ChuyenNghiep,0,0.818,618,667,0.8337,Cao,0
BK-00363,2026-01-23,1,6,0,17,3.0,0,HT-02,Hội trường,500,Giao lưu phong trào,DoanhNghiep_TuNhan,0,0.587,142,143,0.286,Thấp,0
BK-00364,2026-01-04,1,8,1,20,4.0,0,HT-03,Sân cầu lông,800,Tập luyện CLB / Đội tuyển,NhomCaNhan,0,0.795,280,296,0.37,Thấp,0
BK-00365,2026-02-03,2,3,0,14,4.0,0,HT-01,Sân thi đấu chính,3500,Tập luyện CLB / Đội tuyển,SoBanNganh_DoanThe,1,0.716,1472,1379,0.394,Thấp,0
BK-00366,2026-06-02,6,3,0,13,3.0,0,HT-05,Sân tập,200,Giao lưu phong trào,NhomCaNhan,0,0.672,90,81,0.405,Trung bình,0
BK-00367,2026-04-14,4,3,0,9,2.0,1,HT-01,Sân thi đấu chính,3500,Tập luyện CLB / Đội tuyển,CLB_ChuyenNghiep,1,0.714,1428,1266,0.3617,Thấp,0
BK-00368,2026-01-10,1,7,1,18,2.5,1,HT-04,Bể bơi,2100,Giải thi đấu thể thao,TruongHoc_DaiHoc,1,0.643,2056,2150,1.0238,Quá tải,1
BK-00369,2026-06-26,6,6,0,14,3.0,0,HT-01,Sân thi đấu chính,3500,Giao lưu phong trào,CLB_ChuyenNghiep,0,0.701,1029,1089,0.3111,Thấp,0
BK-00370,2026-03-19,3,5,0,18,1.5,1,HT-04,Bể bơi,2100,Giải thi đấu thể thao,TruongHoc_DaiHoc,1,0.657,1619,1779,0.8471,Cao,0
BK-00371,2026-06-08,6,2,0,10,1.5,0,HT-01,Sân thi đấu chính,3500,Giải thi đấu thể thao,SoBanNganh_DoanThe,1,0.632,2366,2382,0.6806,Trung bình,0
BK-00372,2026-06-30,6,3,0,10,2.0,0,HT-04,Bể bơi,2100,Tập thể thao tự do,TruongHoc_DaiHoc,0,0.64,508,482,0.2295,Thấp,0
BK-00373,2026-06-21,6,8,1,7,4.0,0,HT-01,Sân thi đấu chính,3500,Tập luyện CLB / Đội tuyển,SoBanNganh_DoanThe,1,0.616,636,678,0.1937,Thấp,0
BK-00374,2026-03-07,3,7,1,9,3.0,1,HT-06,Sân đa năng,1200,Giao lưu phong trào,SoBanNganh_DoanThe,0,0.416,706,608,0.5067,Trung bình,0
BK-00375,2026-06-23,6,3,0,14,1.5,0,HT-03,Sân cầu lông,800,Tập luyện CLB / Đội tuyển,NhomCaNhan,1,0.883,163,154,0.1925,Thấp,0
BK-00376,2026-06-09,6,3,0,19,1.5,1,HT-03,Sân cầu lông,800,Tập thể thao tự do,CLB_ChuyenNghiep,1,0.802,472,439,0.5487,Trung bình,0
BK-00377,2026-05-03,5,8,1,18,2.0,1,HT-04,Bể bơi,2100,Tập thể thao tự do,CLB_ChuyenNghiep,0,0.707,1411,1266,0.6029,Trung bình,0
BK-00378,2026-06-01,6,2,0,20,4.0,0,HT-04,Bể bơi,2100,Giải thi đấu thể thao,NhomCaNhan,1,0.75,1558,1337,0.6367,Trung bình,0
BK-00379,2026-02-03,2,3,0,15,1.5,1,HT-04,Bể bơi,2100,Tập luyện CLB / Đội tuyển,NhomCaNhan,1,0.748,993,1053,0.5014,Trung bình,0
BK-00380,2026-05-28,5,5,0,17,2.0,0,HT-06,Sân đa năng,1200,Tập luyện CLB / Đội tuyển,SoBanNganh_DoanThe,0,0.486,480,470,0.3917,Thấp,0
BK-00381,2026-05-04,5,2,0,18,3.0,1,HT-03,Sân cầu lông,800,Tập luyện CLB / Đội tuyển,TruongHoc_DaiHoc,0,0.821,443,500,0.625,Trung bình,0
BK-00382,2026-05-01,5,6,0,8,1.5,1,HT-04,Bể bơi,2100,Tập luyện CLB / Đội tuyển,NhomCaNhan,1,0.743,1413,1295,0.6167,Trung bình,0
BK-00383,2026-04-14,4,3,0,7,3.0,0,HT-02,Hội trường,500,Giao lưu phong trào,TruongHoc_DaiHoc,0,0.55,222,196,0.392,Thấp,0
BK-00384,2026-06-17,6,4,0,7,3.0,0,HT-01,Sân thi đấu chính,3500,Giao lưu phong trào,CLB_ChuyenNghiep,0,0.699,482,497,0.142,Thấp,0
BK-00385,2026-03-19,3,5,0,16,2.0,1,HT-05,Sân tập,200,Giao lưu phong trào,TruongHoc_DaiHoc,0,0.655,110,120,0.6,Trung bình,0
BK-00386,2026-03-26,3,5,0,20,4.0,0,HT-05,Sân tập,200,Giao lưu phong trào,CLB_ChuyenNghiep,0,0.625,54,47,0.235,Thấp,0
BK-00387,2026-01-01,1,5,0,13,2.5,0,HT-03,Sân cầu lông,800,Giao lưu phong trào,TruongHoc_DaiHoc,0,0.871,161,160,0.2,Thấp,0
BK-00388,2026-04-15,4,4,0,10,4.0,0,HT-01,Sân thi đấu chính,3500,Giải thi đấu thể thao,CLB_ChuyenNghiep,1,0.63,2989,3280,0.9371,Cao,1
BK-00389,2026-03-28,3,7,1,20,3.0,0,HT-01,Sân thi đấu chính,3500,Giải thi đấu thể thao,DoanhNghiep_TuNhan,1,0.705,3050,3004,0.8583,Cao,0
BK-00390,2026-05-10,5,8,1,15,1.5,1,HT-02,Hội trường,500,Hội nghị / Sự kiện,TruongHoc_DaiHoc,0,0.617,395,395,0.79,Cao,0
BK-00391,2026-02-15,2,8,1,17,2.0,0,HT-06,Sân đa năng,1200,Tập luyện CLB / Đội tuyển,CLB_ChuyenNghiep,1,0.511,465,440,0.3667,Thấp,0
BK-00392,2026-04-18,4,7,1,19,2.0,1,HT-05,Sân tập,200,Tập thể thao tự do,CLB_ChuyenNghiep,0,0.586,176,156,0.78,Cao,0
BK-00393,2026-06-29,6,2,0,16,2.5,1,HT-06,Sân đa năng,1200,Tập luyện CLB / Đội tuyển,DoanhNghiep_TuNhan,0,0.402,846,879,0.7325,Trung bình,0
BK-00394,2026-06-09,6,3,0,10,2.5,0,HT-06,Sân đa năng,1200,Tập luyện CLB / Đội tuyển,CLB_ChuyenNghiep,0,0.481,494,494,0.4117,Trung bình,0
BK-00395,2026-03-24,3,3,0,7,2.5,0,HT-06,Sân đa năng,1200,Tập luyện CLB / Đội tuyển,SoBanNganh_DoanThe,0,0.513,600,631,0.5258,Trung bình,0
BK-00396,2026-05-17,5,8,1,14,1.5,0,HT-03,Sân cầu lông,800,Giao lưu phong trào,NhomCaNhan,1,0.86,166,151,0.1888,Thấp,0
BK-00397,2026-02-11,2,4,0,18,2.5,1,HT-03,Sân cầu lông,800,Tập luyện CLB / Đội tuyển,NhomCaNhan,0,0.87,423,363,0.4537,Trung bình,0
BK-00398,2026-01-27,1,3,0,18,4.0,1,HT-05,Sân tập,200,Tập luyện CLB / Đội tuyển,TruongHoc_DaiHoc,0,0.631,107,116,0.58,Trung bình,0
BK-00399,2026-06-27,6,7,1,6,3.0,0,HT-06,Sân đa năng,1200,Giao lưu phong trào,SoBanNganh_DoanThe,0,0.372,567,575,0.4792,Trung bình,0
BK-00400,2026-03-06,3,6,0,17,3.0,0,HT-02,Hội trường,500,Hội nghị / Sự kiện,TruongHoc_DaiHoc,1,0.567,381,386,0.772,Cao,0
BK-00401,2026-02-19,2,5,0,15,2.0,1,HT-03,Sân cầu lông,800,Giao lưu phong trào,NhomCaNhan,1,0.809,369,355,0.4437,Trung bình,0
BK-00402,2026-05-23,5,7,1,8,2.0,1,HT-03,Sân cầu lông,800,Giao lưu phong trào,CLB_ChuyenNghiep,1,0.889,643,554,0.6925,Trung bình,0
BK-00403,2026-06-02,6,3,0,20,4.0,0,HT-01,Sân thi đấu chính,3500,Tập luyện CLB / Đội tuyển,SoBanNganh_DoanThe,0,0.651,1191,1292,0.3691,Thấp,0
BK-00404,2026-02-26,2,5,0,16,1.5,1,HT-02,Hội trường,500,Hội nghị / Sự kiện,DoanhNghiep_TuNhan,1,0.576,310,345,0.69,Trung bình,0
BK-00405,2026-03-26,3,5,0,10,2.0,0,HT-03,Sân cầu lông,800,Giao lưu phong trào,TruongHoc_DaiHoc,0,0.758,291,304,0.38,Thấp,0
BK-00406,2026-03-30,3,2,0,9,4.0,1,HT-04,Bể bơi,2100,Giải thi đấu thể thao,CLB_ChuyenNghiep,0,0.791,1730,1945,0.9262,Cao,1
BK-00407,2026-04-09,4,5,0,16,2.5,1,HT-03,Sân cầu lông,800,Tập luyện CLB / Đội tuyển,TruongHoc_DaiHoc,0,0.747,450,442,0.5525,Trung bình,0
BK-00408,2026-06-16,6,3,0,13,4.0,0,HT-02,Hội trường,500,Hội nghị / Sự kiện,SoBanNganh_DoanThe,1,0.48,420,357,0.714,Trung bình,0
BK-00409,2026-06-21,6,8,1,20,2.0,0,HT-06,Sân đa năng,1200,Tập luyện CLB / Đội tuyển,SoBanNganh_DoanThe,0,0.489,283,315,0.2625,Thấp,0
BK-00410,2026-04-22,4,4,0,7,2.0,0,HT-06,Sân đa năng,1200,Giải thi đấu thể thao,SoBanNganh_DoanThe,1,0.41,725,654,0.545,Trung bình,0
BK-00411,2026-01-19,1,2,0,9,2.5,1,HT-05,Sân tập,200,Tập thể thao tự do,CLB_ChuyenNghiep,0,0.539,104,100,0.5,Trung bình,0
BK-00412,2026-01-02,1,6,0,19,4.0,1,HT-06,Sân đa năng,1200,Giải thi đấu thể thao,DoanhNghiep_TuNhan,1,0.387,944,1065,0.8875,Cao,0
BK-00413,2026-06-25,6,5,0,17,1.5,0,HT-03,Sân cầu lông,800,Tập thể thao tự do,CLB_ChuyenNghiep,0,0.775,317,284,0.355,Thấp,0
BK-00414,2026-04-11,4,7,1,10,2.0,0,HT-05,Sân tập,200,Tập thể thao tự do,TruongHoc_DaiHoc,0,0.673,104,108,0.54,Trung bình,0
BK-00415,2026-01-03,1,7,1,16,2.0,1,HT-05,Sân tập,200,Tập luyện CLB / Đội tuyển,NhomCaNhan,1,0.569,156,176,0.88,Cao,0
BK-00416,2026-03-30,3,2,0,14,4.0,0,HT-02,Hội trường,500,Hội nghị / Sự kiện,SoBanNganh_DoanThe,1,0.577,340,300,0.6,Trung bình,0
BK-00417,2026-05-26,5,3,0,20,4.0,0,HT-01,Sân thi đấu chính,3500,Giao lưu phong trào,DoanhNghiep_TuNhan,0,0.716,804,707,0.202,Thấp,0
BK-00418,2026-05-05,5,3,0,13,2.0,0,HT-03,Sân cầu lông,800,Giao lưu phong trào,TruongHoc_DaiHoc,1,0.818,182,165,0.2062,Thấp,0
BK-00419,2026-03-26,3,5,0,18,2.5,1,HT-05,Sân tập,200,Giao lưu phong trào,TruongHoc_DaiHoc,1,0.547,127,144,0.72,Trung bình,0
BK-00420,2026-03-22,3,8,1,20,2.0,0,HT-02,Hội trường,500,Giao lưu phong trào,DoanhNghiep_TuNhan,0,0.544,103,114,0.228,Thấp,0
BK-00421,2026-04-02,4,5,0,15,4.0,1,HT-03,Sân cầu lông,800,Tập luyện CLB / Đội tuyển,NhomCaNhan,0,0.883,327,359,0.4487,Trung bình,0
BK-00422,2026-02-20,2,6,0,19,1.5,1,HT-03,Sân cầu lông,800,Giao lưu phong trào,NhomCaNhan,0,0.833,572,625,0.7812,Cao,0
BK-00423,2026-06-01,6,2,0,6,4.0,0,HT-02,Hội trường,500,Giao lưu phong trào,TruongHoc_DaiHoc,0,0.533,174,155,0.31,Thấp,0
BK-00424,2026-05-31,5,8,1,10,2.0,0,HT-06,Sân đa năng,1200,Giao lưu phong trào,DoanhNghiep_TuNhan,0,0.506,346,362,0.3017,Thấp,0
BK-00425,2026-06-07,6,8,1,8,4.0,1,HT-06,Sân đa năng,1200,Giải thi đấu thể thao,SoBanNganh_DoanThe,1,0.393,996,1107,0.9225,Cao,1
BK-00426,2026-05-04,5,2,0,6,2.0,0,HT-03,Sân cầu lông,800,Tập thể thao tự do,NhomCaNhan,1,0.885,203,185,0.2313,Thấp,0
BK-00427,2026-04-03,4,6,0,15,3.0,1,HT-04,Bể bơi,2100,Tập thể thao tự do,CLB_ChuyenNghiep,0,0.773,1122,1129,0.5376,Trung bình,0
BK-00428,2026-03-09,3,2,0,16,4.0,1,HT-05,Sân tập,200,Tập luyện CLB / Đội tuyển,CLB_ChuyenNghiep,0,0.603,108,118,0.59,Trung bình,0
BK-00429,2026-04-07,4,3,0,16,3.0,1,HT-02,Hội trường,500,Giao lưu phong trào,DoanhNghiep_TuNhan,0,0.492,290,290,0.58,Trung bình,0
BK-00430,2026-02-12,2,5,0,7,4.0,0,HT-02,Hội trường,500,Giao lưu phong trào,SoBanNganh_DoanThe,1,0.576,104,113,0.226,Thấp,0
BK-00431,2026-04-17,4,6,0,19,1.5,1,HT-03,Sân cầu lông,800,Tập thể thao tự do,TruongHoc_DaiHoc,0,0.744,353,388,0.485,Trung bình,0
BK-00432,2026-01-12,1,2,0,17,4.0,0,HT-02,Hội trường,500,Hội nghị / Sự kiện,SoBanNganh_DoanThe,1,0.511,260,225,0.45,Trung bình,0
BK-00433,2026-02-16,2,2,0,14,4.0,0,HT-05,Sân tập,200,Giao lưu phong trào,TruongHoc_DaiHoc,1,0.534,82,76,0.38,Thấp,0
BK-00434,2026-04-25,4,7,1,15,3.0,1,HT-05,Sân tập,200,Tập luyện CLB / Đội tuyển,NhomCaNhan,0,0.549,165,180,0.9,Cao,1
BK-00435,2026-06-18,6,5,0,10,2.0,0,HT-05,Sân tập,200,Giao lưu phong trào,TruongHoc_DaiHoc,0,0.582,62,56,0.28,Thấp,0
BK-00436,2026-01-28,1,4,0,9,4.0,1,HT-01,Sân thi đấu chính,3500,Tập luyện CLB / Đội tuyển,DoanhNghiep_TuNhan,0,0.698,1455,1444,0.4126,Trung bình,0
BK-00437,2026-01-10,1,7,1,16,1.5,1,HT-05,Sân tập,200,Tập luyện CLB / Đội tuyển,CLB_ChuyenNghiep,0,0.67,175,148,0.74,Trung bình,0
BK-00438,2026-06-23,6,3,0,14,4.0,0,HT-06,Sân đa năng,1200,Giao lưu phong trào,SoBanNganh_DoanThe,0,0.447,466,527,0.4392,Trung bình,0
BK-00439,2026-04-08,4,4,0,17,4.0,0,HT-03,Sân cầu lông,800,Tập luyện CLB / Đội tuyển,CLB_ChuyenNghiep,1,0.785,240,265,0.3312,Thấp,0
BK-00440,2026-05-20,5,4,0,10,2.0,0,HT-04,Bể bơi,2100,Tập thể thao tự do,TruongHoc_DaiHoc,0,0.7,321,322,0.1533,Thấp,0
BK-00441,2026-02-22,2,8,1,20,2.5,0,HT-06,Sân đa năng,1200,Giao lưu phong trào,SoBanNganh_DoanThe,1,0.456,365,338,0.2817,Thấp,0
BK-00442,2026-05-25,5,2,0,17,2.5,0,HT-03,Sân cầu lông,800,Giao lưu phong trào,CLB_ChuyenNghiep,0,0.799,249,247,0.3088,Thấp,0
BK-00443,2026-05-23,5,7,1,10,2.5,0,HT-04,Bể bơi,2100,Giải thi đấu thể thao,NhomCaNhan,1,0.659,1498,1661,0.791,Cao,0
BK-00444,2026-02-28,2,7,1,20,2.0,0,HT-04,Bể bơi,2100,Tập thể thao tự do,CLB_ChuyenNghiep,0,0.75,946,978,0.4657,Trung bình,0
BK-00445,2026-01-14,1,4,0,14,1.5,0,HT-02,Hội trường,500,Hội nghị / Sự kiện,SoBanNganh_DoanThe,1,0.529,325,301,0.602,Trung bình,0
BK-00446,2026-06-05,6,6,0,19,3.0,1,HT-01,Sân thi đấu chính,3500,Giao lưu phong trào,DoanhNghiep_TuNhan,0,0.724,1913,1659,0.474,Trung bình,0
BK-00447,2026-02-14,2,7,1,15,3.0,1,HT-06,Sân đa năng,1200,Giải thi đấu thể thao,CLB_ChuyenNghiep,0,0.495,1119,1016,0.8467,Cao,0
BK-00448,2026-05-11,5,2,0,19,2.0,1,HT-05,Sân tập,200,Giao lưu phong trào,NhomCaNhan,0,0.534,108,123,0.615,Trung bình,0
BK-00449,2026-03-12,3,5,0,13,3.0,0,HT-04,Bể bơi,2100,Tập luyện CLB / Đội tuyển,TruongHoc_DaiHoc,1,0.728,339,381,0.1814,Thấp,0
BK-00450,2026-05-24,5,8,1,13,2.5,0,HT-05,Sân tập,200,Tập thể thao tự do,NhomCaNhan,0,0.562,47,48,0.24,Thấp,0
BK-00451,2026-04-15,4,4,0,7,4.0,0,HT-05,Sân tập,200,Tập luyện CLB / Đội tuyển,TruongHoc_DaiHoc,0,0.66,102,115,0.575,Trung bình,0
BK-00452,2026-05-28,5,5,0,19,3.0,1,HT-03,Sân cầu lông,800,Tập thể thao tự do,TruongHoc_DaiHoc,0,0.849,375,406,0.5075,Trung bình,0
BK-00453,2026-05-31,5,8,1,15,1.5,1,HT-01,Sân thi đấu chính,3500,Giao lưu phong trào,CLB_ChuyenNghiep,0,0.728,2764,2930,0.8371,Cao,0
BK-00454,2026-04-16,4,5,0,16,4.0,1,HT-03,Sân cầu lông,800,Tập luyện CLB / Đội tuyển,TruongHoc_DaiHoc,0,0.871,357,375,0.4688,Trung bình,0
BK-00455,2026-01-20,1,3,0,8,3.0,1,HT-05,Sân tập,200,Tập thể thao tự do,CLB_ChuyenNghiep,1,0.669,112,120,0.6,Trung bình,0
BK-00456,2026-02-18,2,4,0,19,2.0,1,HT-04,Bể bơi,2100,Tập thể thao tự do,TruongHoc_DaiHoc,1,0.774,979,1077,0.5129,Trung bình,0
BK-00457,2026-04-02,4,5,0,20,1.5,0,HT-02,Hội trường,500,Hội nghị / Sự kiện,SoBanNganh_DoanThe,1,0.557,374,403,0.806,Cao,0
BK-00458,2026-01-11,1,8,1,13,4.0,0,HT-04,Bể bơi,2100,Tập luyện CLB / Đội tuyển,NhomCaNhan,0,0.669,976,910,0.4333,Trung bình,0
BK-00459,2026-05-11,5,2,0,14,2.0,0,HT-03,Sân cầu lông,800,Giao lưu phong trào,NhomCaNhan,1,0.82,342,346,0.4325,Trung bình,0
BK-00460,2026-04-11,4,7,1,20,2.0,0,HT-06,Sân đa năng,1200,Giao lưu phong trào,CLB_ChuyenNghiep,0,0.404,387,330,0.275,Thấp,0
BK-00461,2026-05-29,5,6,0,13,2.5,0,HT-01,Sân thi đấu chính,3500,Tập luyện CLB / Đội tuyển,SoBanNganh_DoanThe,1,0.655,807,918,0.2623,Thấp,0
BK-00462,2026-02-17,2,3,0,14,2.0,0,HT-04,Bể bơi,2100,Tập luyện CLB / Đội tuyển,TruongHoc_DaiHoc,0,0.731,571,562,0.2676,Thấp,0
BK-00463,2026-05-28,5,5,0,9,1.5,1,HT-06,Sân đa năng,1200,Tập luyện CLB / Đội tuyển,SoBanNganh_DoanThe,0,0.498,764,694,0.5783,Trung bình,0
BK-00464,2026-02-08,2,8,1,20,1.5,0,HT-04,Bể bơi,2100,Tập thể thao tự do,NhomCaNhan,0,0.755,1119,1124,0.5352,Trung bình,0
BK-00465,2026-05-05,5,3,0,10,4.0,0,HT-03,Sân cầu lông,800,Giao lưu phong trào,NhomCaNhan,0,0.816,285,311,0.3887,Thấp,0
BK-00466,2026-06-11,6,5,0,15,2.5,1,HT-01,Sân thi đấu chính,3500,Giao lưu phong trào,SoBanNganh_DoanThe,0,0.666,2212,2108,0.6023,Trung bình,0
BK-00467,2026-03-31,3,3,0,17,2.0,0,HT-06,Sân đa năng,1200,Tập luyện CLB / Đội tuyển,DoanhNghiep_TuNhan,0,0.422,445,416,0.3467,Thấp,0
BK-00468,2026-05-11,5,2,0,20,3.0,0,HT-04,Bể bơi,2100,Tập thể thao tự do,NhomCaNhan,0,0.742,715,793,0.3776,Thấp,0
BK-00469,2026-03-28,3,7,1,18,4.0,1,HT-04,Bể bơi,2100,Giải thi đấu thể thao,NhomCaNhan,1,0.691,1314,1206,0.5743,Trung bình,0
BK-00470,2026-03-16,3,2,0,10,4.0,0,HT-06,Sân đa năng,1200,Tập luyện CLB / Đội tuyển,SoBanNganh_DoanThe,0,0.464,393,376,0.3133,Thấp,0
BK-00471,2026-04-26,4,8,1,8,2.0,1,HT-04,Bể bơi,2100,Tập thể thao tự do,CLB_ChuyenNghiep,0,0.653,1824,1933,0.9205,Cao,1
BK-00472,2026-02-12,2,5,0,7,1.5,0,HT-04,Bể bơi,2100,Tập thể thao tự do,NhomCaNhan,0,0.653,327,352,0.1676,Thấp,0
BK-00473,2026-03-09,3,2,0,8,1.5,1,HT-05,Sân tập,200,Giao lưu phong trào,CLB_ChuyenNghiep,0,0.541,93,96,0.48,Trung bình,0
BK-00474,2026-02-13,2,6,0,6,2.5,0,HT-01,Sân thi đấu chính,3500,Giao lưu phong trào,SoBanNganh_DoanThe,0,0.622,1730,1755,0.5014,Trung bình,0
BK-00475,2026-06-28,6,8,1,8,4.0,1,HT-05,Sân tập,200,Giao lưu phong trào,CLB_ChuyenNghiep,0,0.622,160,161,0.805,Cao,0
BK-00476,2026-03-21,3,7,1,15,4.0,1,HT-03,Sân cầu lông,800,Tập luyện CLB / Đội tuyển,NhomCaNhan,0,0.74,540,508,0.635,Trung bình,0
BK-00477,2026-02-04,2,4,0,10,3.0,0,HT-03,Sân cầu lông,800,Giao lưu phong trào,NhomCaNhan,0,0.863,270,253,0.3162,Thấp,0
BK-00478,2026-03-16,3,2,0,9,1.5,1,HT-05,Sân tập,200,Giao lưu phong trào,CLB_ChuyenNghiep,1,0.634,139,128,0.64,Trung bình,0
BK-00479,2026-06-15,6,2,0,14,2.0,0,HT-04,Bể bơi,2100,Tập luyện CLB / Đội tuyển,CLB_ChuyenNghiep,0,0.769,517,580,0.2762,Thấp,0
BK-00480,2026-06-25,6,5,0,10,4.0,0,HT-03,Sân cầu lông,800,Tập thể thao tự do,CLB_ChuyenNghiep,1,0.813,129,113,0.1412,Thấp,0
BK-00481,2026-04-26,4,8,1,19,4.0,1,HT-03,Sân cầu lông,800,Tập thể thao tự do,NhomCaNhan,0,0.896,565,484,0.605,Trung bình,0
BK-00482,2026-03-14,3,7,1,8,3.0,1,HT-03,Sân cầu lông,800,Giao lưu phong trào,NhomCaNhan,1,0.79,515,490,0.6125,Trung bình,0
BK-00483,2026-05-08,5,6,0,15,1.5,1,HT-03,Sân cầu lông,800,Tập thể thao tự do,NhomCaNhan,0,0.751,534,578,0.7225,Trung bình,0
BK-00484,2026-05-01,5,6,0,9,2.5,1,HT-02,Hội trường,500,Giao lưu phong trào,SoBanNganh_DoanThe,1,0.541,317,342,0.684,Trung bình,0
BK-00485,2026-01-09,1,6,0,15,1.5,1,HT-02,Hội trường,500,Hội nghị / Sự kiện,DoanhNghiep_TuNhan,1,0.587,454,407,0.814,Cao,0
BK-00486,2026-05-21,5,5,0,7,2.5,0,HT-05,Sân tập,200,Tập thể thao tự do,TruongHoc_DaiHoc,0,0.676,50,52,0.26,Thấp,0
BK-00487,2026-03-02,3,2,0,14,2.5,0,HT-06,Sân đa năng,1200,Giải thi đấu thể thao,CLB_ChuyenNghiep,1,0.525,969,894,0.745,Trung bình,0
BK-00488,2026-05-29,5,6,0,15,4.0,1,HT-06,Sân đa năng,1200,Giải thi đấu thể thao,SoBanNganh_DoanThe,1,0.424,869,917,0.7642,Cao,0
BK-00489,2026-06-10,6,4,0,6,2.5,0,HT-01,Sân thi đấu chính,3500,Tập luyện CLB / Đội tuyển,CLB_ChuyenNghiep,0,0.757,1382,1271,0.3631,Thấp,0
BK-00490,2026-06-15,6,2,0,20,3.0,0,HT-03,Sân cầu lông,800,Giao lưu phong trào,NhomCaNhan,1,0.746,235,217,0.2712,Thấp,0
BK-00491,2026-06-30,6,3,0,16,2.5,1,HT-04,Bể bơi,2100,Giải thi đấu thể thao,TruongHoc_DaiHoc,1,0.715,1737,1645,0.7833,Cao,0
BK-00492,2026-06-03,6,4,0,8,1.5,1,HT-05,Sân tập,200,Giao lưu phong trào,NhomCaNhan,0,0.644,138,136,0.68,Trung bình,0
BK-00493,2026-05-10,5,8,1,19,2.0,1,HT-04,Bể bơi,2100,Tập thể thao tự do,TruongHoc_DaiHoc,0,0.745,1657,1766,0.841,Cao,0
BK-00494,2026-05-18,5,2,0,9,4.0,1,HT-04,Bể bơi,2100,Giải thi đấu thể thao,NhomCaNhan,1,0.692,1398,1360,0.6476,Trung bình,0
BK-00495,2026-01-25,1,8,1,18,1.5,1,HT-05,Sân tập,200,Tập luyện CLB / Đội tuyển,NhomCaNhan,1,0.525,112,101,0.505,Trung bình,0
BK-00496,2026-06-14,6,8,1,18,3.0,1,HT-04,Bể bơi,2100,Giải thi đấu thể thao,TruongHoc_DaiHoc,1,0.651,1485,1532,0.7295,Trung bình,0
BK-00497,2026-02-23,2,2,0,15,1.5,1,HT-06,Sân đa năng,1200,Giao lưu phong trào,DoanhNghiep_TuNhan,1,0.429,776,756,0.63,Trung bình,0
BK-00498,2026-01-15,1,5,0,10,4.0,0,HT-05,Sân tập,200,Tập luyện CLB / Đội tuyển,TruongHoc_DaiHoc,1,0.536,55,62,0.31,Thấp,0
BK-00499,2026-03-01,3,8,1,14,2.0,0,HT-05,Sân tập,200,Tập luyện CLB / Đội tuyển,TruongHoc_DaiHoc,0,0.609,76,77,0.385,Thấp,0
BK-00500,2026-01-28,1,4,0,17,2.5,0,HT-06,Sân đa năng,1200,Tập luyện CLB / Đội tuyển,SoBanNganh_DoanThe,0,0.458,330,358,0.2983,Thấp,0
BK-00501,2026-05-10,5,8,1,18,2.0,1,HT-03,Sân cầu lông,800,Giao lưu phong trào,TruongHoc_DaiHoc,0,0.792,543,623,0.7788,Cao,0
BK-00502,2026-04-06,4,2,0,20,3.0,0,HT-04,Bể bơi,2100,Giải thi đấu thể thao,NhomCaNhan,1,0.788,1621,1750,0.8333,Cao,0
BK-00503,2026-03-07,3,7,1,15,3.0,1,HT-03,Sân cầu lông,800,Tập thể thao tự do,NhomCaNhan,0,0.899,729,732,0.915,Cao,1
BK-00504,2026-03-19,3,5,0,10,2.0,0,HT-01,Sân thi đấu chính,3500,Giải thi đấu thể thao,SoBanNganh_DoanThe,1,0.689,3257,3038,0.868,Cao,0
BK-00505,2026-05-23,5,7,1,17,2.0,0,HT-05,Sân tập,200,Tập luyện CLB / Đội tuyển,NhomCaNhan,0,0.56,39,43,0.215,Thấp,0
BK-00506,2026-03-07,3,7,1,7,4.0,0,HT-03,Sân cầu lông,800,Tập thể thao tự do,TruongHoc_DaiHoc,0,0.768,340,369,0.4612,Trung bình,0
BK-00507,2026-06-26,6,6,0,17,1.5,0,HT-06,Sân đa năng,1200,Tập luyện CLB / Đội tuyển,DoanhNghiep_TuNhan,0,0.379,494,431,0.3592,Thấp,0
BK-00508,2026-03-27,3,6,0,14,3.0,0,HT-03,Sân cầu lông,800,Tập luyện CLB / Đội tuyển,NhomCaNhan,0,0.841,388,403,0.5038,Trung bình,0
BK-00509,2026-01-14,1,4,0,16,1.5,1,HT-03,Sân cầu lông,800,Tập thể thao tự do,TruongHoc_DaiHoc,0,0.848,427,382,0.4775,Trung bình,0
BK-00510,2026-04-11,4,7,1,20,4.0,0,HT-04,Bể bơi,2100,Giải thi đấu thể thao,TruongHoc_DaiHoc,1,0.694,1730,1547,0.7367,Trung bình,0
BK-00511,2026-05-02,5,7,1,19,1.5,1,HT-05,Sân tập,200,Giao lưu phong trào,CLB_ChuyenNghiep,0,0.642,142,150,0.75,Cao,0
BK-00512,2026-05-04,5,2,0,9,3.0,1,HT-05,Sân tập,200,Tập thể thao tự do,TruongHoc_DaiHoc,0,0.559,131,131,0.655,Trung bình,0
BK-00513,2026-03-10,3,3,0,13,4.0,0,HT-04,Bể bơi,2100,Tập thể thao tự do,CLB_ChuyenNghiep,0,0.735,607,574,0.2733,Thấp,0
BK-00514,2026-01-07,1,4,0,8,2.5,1,HT-03,Sân cầu lông,800,Giao lưu phong trào,CLB_ChuyenNghiep,0,0.85,480,441,0.5513,Trung bình,0
BK-00515,2026-02-09,2,2,0,7,1.5,0,HT-06,Sân đa năng,1200,Tập luyện CLB / Đội tuyển,CLB_ChuyenNghiep,1,0.416,409,449,0.3742,Thấp,0
BK-00516,2026-03-29,3,8,1,20,1.5,0,HT-06,Sân đa năng,1200,Giao lưu phong trào,SoBanNganh_DoanThe,0,0.457,334,305,0.2542,Thấp,0
BK-00517,2026-03-08,3,8,1,15,4.0,1,HT-05,Sân tập,200,Giao lưu phong trào,NhomCaNhan,0,0.604,156,175,0.875,Cao,0
BK-00518,2026-03-07,3,7,1,6,2.5,0,HT-02,Hội trường,500,Hội nghị / Sự kiện,TruongHoc_DaiHoc,1,0.532,267,227,0.454,Trung bình,0
BK-00519,2026-03-11,3,4,0,18,2.5,1,HT-06,Sân đa năng,1200,Giải thi đấu thể thao,CLB_ChuyenNghiep,1,0.451,1073,1227,1.0225,Quá tải,1
BK-00520,2026-01-26,1,2,0,15,4.0,1,HT-03,Sân cầu lông,800,Giao lưu phong trào,NhomCaNhan,1,0.743,456,514,0.6425,Trung bình,0
BK-00521,2026-03-05,3,5,0,10,2.5,0,HT-05,Sân tập,200,Tập thể thao tự do,CLB_ChuyenNghiep,0,0.568,32,30,0.15,Thấp,0
BK-00522,2026-05-09,5,7,1,20,1.5,0,HT-03,Sân cầu lông,800,Giao lưu phong trào,CLB_ChuyenNghiep,0,0.829,392,336,0.42,Trung bình,0
BK-00523,2026-03-13,3,6,0,8,2.5,1,HT-02,Hội trường,500,Giao lưu phong trào,TruongHoc_DaiHoc,1,0.61,329,346,0.692,Trung bình,0
BK-00524,2026-06-25,6,5,0,14,2.0,0,HT-02,Hội trường,500,Hội nghị / Sự kiện,DoanhNghiep_TuNhan,0,0.503,395,400,0.8,Cao,0
BK-00525,2026-02-05,2,5,0,16,2.0,1,HT-05,Sân tập,200,Tập luyện CLB / Đội tuyển,CLB_ChuyenNghiep,0,0.665,154,150,0.75,Cao,0
BK-00526,2026-02-07,2,7,1,17,2.0,0,HT-06,Sân đa năng,1200,Giao lưu phong trào,CLB_ChuyenNghiep,0,0.511,534,504,0.42,Trung bình,0
BK-00527,2026-01-08,1,5,0,14,3.0,0,HT-03,Sân cầu lông,800,Tập thể thao tự do,CLB_ChuyenNghiep,0,0.764,359,384,0.48,Trung bình,0
BK-00528,2026-02-18,2,4,0,8,2.0,1,HT-01,Sân thi đấu chính,3500,Giải thi đấu thể thao,DoanhNghiep_TuNhan,1,0.637,2976,3062,0.8749,Cao,0
BK-00529,2026-01-07,1,4,0,7,3.0,0,HT-03,Sân cầu lông,800,Tập luyện CLB / Đội tuyển,TruongHoc_DaiHoc,0,0.802,258,233,0.2913,Thấp,0
BK-00530,2026-05-02,5,7,1,8,2.0,1,HT-02,Hội trường,500,Hội nghị / Sự kiện,SoBanNganh_DoanThe,1,0.506,455,516,1.032,Quá tải,1
BK-00531,2026-06-21,6,8,1,20,2.0,0,HT-02,Hội trường,500,Hội nghị / Sự kiện,SoBanNganh_DoanThe,0,0.522,453,451,0.902,Cao,1
BK-00532,2026-04-28,4,3,0,14,3.0,0,HT-02,Hội trường,500,Hội nghị / Sự kiện,TruongHoc_DaiHoc,1,0.589,304,314,0.628,Trung bình,0
BK-00533,2026-06-02,6,3,0,16,1.5,1,HT-05,Sân tập,200,Giao lưu phong trào,NhomCaNhan,0,0.603,125,143,0.715,Trung bình,0
BK-00534,2026-04-12,4,8,1,6,4.0,0,HT-06,Sân đa năng,1200,Giao lưu phong trào,DoanhNghiep_TuNhan,0,0.512,548,538,0.4483,Trung bình,0
BK-00535,2026-03-15,3,8,1,8,3.0,1,HT-04,Bể bơi,2100,Tập luyện CLB / Đội tuyển,TruongHoc_DaiHoc,0,0.743,1831,1810,0.8619,Cao,0
BK-00536,2026-01-24,1,7,1,16,1.5,1,HT-06,Sân đa năng,1200,Giải thi đấu thể thao,DoanhNghiep_TuNhan,0,0.442,955,930,0.775,Cao,0
BK-00537,2026-02-15,2,8,1,17,2.0,0,HT-04,Bể bơi,2100,Tập luyện CLB / Đội tuyển,CLB_ChuyenNghiep,0,0.755,890,969,0.4614,Trung bình,0
BK-00538,2026-02-01,2,8,1,7,3.0,0,HT-01,Sân thi đấu chính,3500,Tập luyện CLB / Đội tuyển,SoBanNganh_DoanThe,1,0.698,1454,1661,0.4746,Trung bình,0
BK-00539,2026-02-10,2,3,0,16,3.0,1,HT-04,Bể bơi,2100,Tập thể thao tự do,CLB_ChuyenNghiep,0,0.779,1295,1159,0.5519,Trung bình,0
BK-00540,2026-02-15,2,8,1,6,3.0,0,HT-06,Sân đa năng,1200,Giao lưu phong trào,SoBanNganh_DoanThe,0,0.514,558,504,0.42,Trung bình,0
BK-00541,2026-02-21,2,7,1,17,2.5,0,HT-01,Sân thi đấu chính,3500,Giải thi đấu thể thao,SoBanNganh_DoanThe,1,0.679,2970,3066,0.876,Cao,0
BK-00542,2026-02-25,2,4,0,18,3.0,1,HT-05,Sân tập,200,Tập thể thao tự do,CLB_ChuyenNghiep,0,0.564,110,122,0.61,Trung bình,0
BK-00543,2026-06-10,6,4,0,9,1.5,1,HT-05,Sân tập,200,Tập luyện CLB / Đội tuyển,NhomCaNhan,1,0.612,97,83,0.415,Trung bình,0
BK-00544,2026-06-04,6,5,0,13,1.5,0,HT-03,Sân cầu lông,800,Tập luyện CLB / Đội tuyển,NhomCaNhan,0,0.851,175,180,0.225,Thấp,0
BK-00545,2026-06-02,6,3,0,20,4.0,0,HT-05,Sân tập,200,Tập luyện CLB / Đội tuyển,CLB_ChuyenNghiep,0,0.572,50,54,0.27,Thấp,0
BK-00546,2026-04-08,4,4,0,20,3.0,0,HT-01,Sân thi đấu chính,3500,Tập luyện CLB / Đội tuyển,CLB_ChuyenNghiep,0,0.684,716,667,0.1906,Thấp,0
BK-00547,2026-05-15,5,6,0,19,2.0,1,HT-02,Hội trường,500,Hội nghị / Sự kiện,SoBanNganh_DoanThe,1,0.586,423,370,0.74,Trung bình,0
BK-00548,2026-06-04,6,5,0,10,3.0,0,HT-06,Sân đa năng,1200,Tập luyện CLB / Đội tuyển,SoBanNganh_DoanThe,0,0.468,431,486,0.405,Trung bình,0
BK-00549,2026-05-08,5,6,0,19,3.0,1,HT-05,Sân tập,200,Tập thể thao tự do,NhomCaNhan,0,0.539,92,83,0.415,Trung bình,0
BK-00550,2026-04-30,4,5,0,20,1.5,0,HT-06,Sân đa năng,1200,Tập luyện CLB / Đội tuyển,CLB_ChuyenNghiep,0,0.46,589,559,0.4658,Trung bình,0
BK-00551,2026-06-13,6,7,1,6,2.0,0,HT-02,Hội trường,500,Giao lưu phong trào,DoanhNghiep_TuNhan,0,0.471,129,122,0.244,Thấp,0
BK-00552,2026-06-25,6,5,0,13,3.0,0,HT-03,Sân cầu lông,800,Giao lưu phong trào,TruongHoc_DaiHoc,0,0.794,119,112,0.14,Thấp,0
BK-00553,2026-06-22,6,2,0,15,1.5,1,HT-04,Bể bơi,2100,Giải thi đấu thể thao,CLB_ChuyenNghiep,1,0.694,1898,1919,0.9138,Cao,1
BK-00554,2026-04-16,4,5,0,6,4.0,0,HT-06,Sân đa năng,1200,Giao lưu phong trào,DoanhNghiep_TuNhan,0,0.48,314,286,0.2383,Thấp,0
BK-00555,2026-04-01,4,4,0,8,2.5,1,HT-01,Sân thi đấu chính,3500,Giải thi đấu thể thao,SoBanNganh_DoanThe,0,0.662,3133,3199,0.914,Cao,1
BK-00556,2026-06-02,6,3,0,20,2.5,0,HT-01,Sân thi đấu chính,3500,Tập luyện CLB / Đội tuyển,SoBanNganh_DoanThe,0,0.659,786,874,0.2497,Thấp,0
BK-00557,2026-03-19,3,5,0,16,2.5,1,HT-02,Hội trường,500,Hội nghị / Sự kiện,SoBanNganh_DoanThe,1,0.551,241,211,0.422,Trung bình,0
BK-00558,2026-05-04,5,2,0,8,2.0,1,HT-05,Sân tập,200,Tập thể thao tự do,CLB_ChuyenNghiep,0,0.659,123,109,0.545,Trung bình,0
BK-00559,2026-05-13,5,4,0,8,2.0,1,HT-06,Sân đa năng,1200,Tập luyện CLB / Đội tuyển,CLB_ChuyenNghiep,0,0.519,783,666,0.555,Trung bình,0
BK-00560,2026-06-25,6,5,0,7,2.5,0,HT-05,Sân tập,200,Tập thể thao tự do,NhomCaNhan,1,0.641,87,74,0.37,Thấp,0
BK-00561,2026-06-13,6,7,1,13,2.0,0,HT-02,Hội trường,500,Hội nghị / Sự kiện,DoanhNghiep_TuNhan,1,0.494,302,267,0.534,Trung bình,0
BK-00562,2026-03-12,3,5,0,6,4.0,0,HT-01,Sân thi đấu chính,3500,Tập luyện CLB / Đội tuyển,DoanhNghiep_TuNhan,1,0.751,1201,1118,0.3194,Thấp,0
BK-00563,2026-03-14,3,7,1,9,2.0,1,HT-05,Sân tập,200,Tập luyện CLB / Đội tuyển,CLB_ChuyenNghiep,0,0.595,138,122,0.61,Trung bình,0
BK-00564,2026-06-22,6,2,0,7,3.0,0,HT-01,Sân thi đấu chính,3500,Giải thi đấu thể thao,CLB_ChuyenNghiep,1,0.734,2510,2579,0.7369,Trung bình,0
BK-00565,2026-06-29,6,2,0,17,2.5,0,HT-04,Bể bơi,2100,Tập luyện CLB / Đội tuyển,NhomCaNhan,0,0.796,867,875,0.4167,Trung bình,0
BK-00566,2026-04-30,4,5,0,8,1.5,1,HT-05,Sân tập,200,Giao lưu phong trào,CLB_ChuyenNghiep,1,0.595,104,112,0.56,Trung bình,0
BK-00567,2026-02-27,2,6,0,17,2.5,0,HT-02,Hội trường,500,Giao lưu phong trào,DoanhNghiep_TuNhan,1,0.522,227,251,0.502,Trung bình,0
BK-00568,2026-05-05,5,3,0,7,3.0,0,HT-01,Sân thi đấu chính,3500,Giải thi đấu thể thao,SoBanNganh_DoanThe,1,0.692,3025,2887,0.8249,Cao,0
BK-00569,2026-05-11,5,2,0,14,1.5,0,HT-01,Sân thi đấu chính,3500,Giao lưu phong trào,DoanhNghiep_TuNhan,0,0.666,1505,1460,0.4171,Trung bình,0
BK-00570,2026-06-08,6,2,0,16,2.0,1,HT-02,Hội trường,500,Giao lưu phong trào,DoanhNghiep_TuNhan,1,0.627,245,239,0.478,Trung bình,0
BK-00571,2026-05-26,5,3,0,16,2.0,1,HT-03,Sân cầu lông,800,Tập luyện CLB / Đội tuyển,TruongHoc_DaiHoc,0,0.758,549,604,0.755,Cao,0
BK-00572,2026-06-02,6,3,0,13,4.0,0,HT-04,Bể bơi,2100,Tập thể thao tự do,NhomCaNhan,1,0.77,929,819,0.39,Thấp,0
BK-00573,2026-04-08,4,4,0,15,1.5,1,HT-03,Sân cầu lông,800,Tập luyện CLB / Đội tuyển,NhomCaNhan,0,0.74,614,639,0.7987,Cao,0
BK-00574,2026-02-07,2,7,1,8,3.0,1,HT-06,Sân đa năng,1200,Tập luyện CLB / Đội tuyển,SoBanNganh_DoanThe,0,0.421,871,918,0.765,Cao,0
BK-00575,2026-05-26,5,3,0,10,3.0,0,HT-06,Sân đa năng,1200,Tập luyện CLB / Đội tuyển,SoBanNganh_DoanThe,0,0.506,434,435,0.3625,Thấp,0
BK-00576,2026-03-17,3,3,0,13,4.0,0,HT-01,Sân thi đấu chính,3500,Giải thi đấu thể thao,CLB_ChuyenNghiep,1,0.739,3048,3378,0.9651,Cao,1
BK-00577,2026-03-02,3,2,0,19,4.0,1,HT-04,Bể bơi,2100,Tập luyện CLB / Đội tuyển,TruongHoc_DaiHoc,0,0.746,1094,1108,0.5276,Trung bình,0
BK-00578,2026-05-02,5,7,1,9,4.0,1,HT-02,Hội trường,500,Giao lưu phong trào,DoanhNghiep_TuNhan,0,0.491,355,373,0.746,Trung bình,0
BK-00579,2026-01-19,1,2,0,6,2.0,0,HT-06,Sân đa năng,1200,Tập luyện CLB / Đội tuyển,SoBanNganh_DoanThe,0,0.499,546,486,0.405,Trung bình,0
BK-00580,2026-04-27,4,2,0,17,3.0,0,HT-06,Sân đa năng,1200,Tập luyện CLB / Đội tuyển,CLB_ChuyenNghiep,0,0.406,381,367,0.3058,Thấp,0
BK-00581,2026-04-19,4,8,1,6,4.0,0,HT-05,Sân tập,200,Tập thể thao tự do,TruongHoc_DaiHoc,1,0.579,63,63,0.315,Thấp,0
BK-00582,2026-01-10,1,7,1,15,2.5,1,HT-05,Sân tập,200,Tập luyện CLB / Đội tuyển,TruongHoc_DaiHoc,0,0.677,149,159,0.795,Cao,0
BK-00583,2026-03-13,3,6,0,16,1.5,1,HT-04,Bể bơi,2100,Giải thi đấu thể thao,TruongHoc_DaiHoc,1,0.652,1743,1983,0.9443,Cao,1
BK-00584,2026-06-12,6,6,0,20,4.0,0,HT-05,Sân tập,200,Tập thể thao tự do,TruongHoc_DaiHoc,1,0.602,57,56,0.28,Thấp,0
BK-00585,2026-05-01,5,6,0,19,2.5,1,HT-05,Sân tập,200,Tập thể thao tự do,CLB_ChuyenNghiep,0,0.668,130,111,0.555,Trung bình,0
BK-00586,2026-03-19,3,5,0,20,4.0,0,HT-06,Sân đa năng,1200,Giao lưu phong trào,CLB_ChuyenNghiep,0,0.417,428,448,0.3733,Thấp,0
BK-00587,2026-06-09,6,3,0,10,3.0,0,HT-01,Sân thi đấu chính,3500,Giải thi đấu thể thao,CLB_ChuyenNghiep,1,0.645,3028,2694,0.7697,Cao,0
BK-00588,2026-03-07,3,7,1,19,1.5,1,HT-01,Sân thi đấu chính,3500,Tập luyện CLB / Đội tuyển,CLB_ChuyenNghiep,0,0.628,2967,2851,0.8146,Cao,0
BK-00589,2026-06-29,6,2,0,15,2.0,1,HT-02,Hội trường,500,Hội nghị / Sự kiện,DoanhNghiep_TuNhan,0,0.604,427,468,0.936,Cao,1
BK-00590,2026-04-16,4,5,0,9,3.0,1,HT-04,Bể bơi,2100,Giải thi đấu thể thao,TruongHoc_DaiHoc,1,0.682,1847,1600,0.7619,Cao,0
BK-00591,2026-01-30,1,6,0,8,3.0,1,HT-01,Sân thi đấu chính,3500,Giao lưu phong trào,SoBanNganh_DoanThe,0,0.661,2430,2453,0.7009,Trung bình,0
BK-00592,2026-06-30,6,3,0,15,2.5,1,HT-04,Bể bơi,2100,Tập thể thao tự do,TruongHoc_DaiHoc,0,0.749,921,906,0.4314,Trung bình,0
BK-00593,2026-05-16,5,7,1,6,1.5,0,HT-06,Sân đa năng,1200,Tập luyện CLB / Đội tuyển,DoanhNghiep_TuNhan,0,0.414,546,570,0.475,Trung bình,0
BK-00594,2026-03-11,3,4,0,20,1.5,0,HT-03,Sân cầu lông,800,Tập thể thao tự do,TruongHoc_DaiHoc,0,0.848,257,237,0.2963,Thấp,0
BK-00595,2026-02-19,2,5,0,13,2.0,0,HT-05,Sân tập,200,Tập thể thao tự do,TruongHoc_DaiHoc,1,0.604,27,26,0.13,Thấp,0
BK-00596,2026-06-25,6,5,0,13,2.0,0,HT-04,Bể bơi,2100,Giải thi đấu thể thao,NhomCaNhan,1,0.735,1419,1230,0.5857,Trung bình,0
BK-00597,2026-02-25,2,4,0,18,1.5,1,HT-05,Sân tập,200,Giao lưu phong trào,NhomCaNhan,1,0.624,119,128,0.64,Trung bình,0
BK-00598,2026-02-17,2,3,0,19,2.0,1,HT-01,Sân thi đấu chính,3500,Giao lưu phong trào,SoBanNganh_DoanThe,0,0.644,2617,2948,0.8423,Cao,0
BK-00599,2026-04-20,4,2,0,18,2.5,1,HT-06,Sân đa năng,1200,Giao lưu phong trào,CLB_ChuyenNghiep,0,0.529,544,525,0.4375,Trung bình,0
BK-00600,2026-03-08,3,8,1,8,3.0,1,HT-03,Sân cầu lông,800,Tập luyện CLB / Đội tuyển,CLB_ChuyenNghiep,0,0.757,516,538,0.6725,Trung bình,0
BK-00601,2026-05-19,5,3,0,9,4.0,1,HT-04,Bể bơi,2100,Giải thi đấu thể thao,CLB_ChuyenNghiep,0,0.731,1671,1456,0.6933,Trung bình,0
BK-00602,2026-03-06,3,6,0,6,3.0,0,HT-04,Bể bơi,2100,Tập thể thao tự do,TruongHoc_DaiHoc,0,0.752,1033,960,0.4571,Trung bình,0
BK-00603,2026-04-11,4,7,1,6,4.0,0,HT-05,Sân tập,200,Giao lưu phong trào,CLB_ChuyenNghiep,0,0.531,60,65,0.325,Thấp,0
BK-00604,2026-02-27,2,6,0,14,3.0,0,HT-01,Sân thi đấu chính,3500,Giải thi đấu thể thao,DoanhNghiep_TuNhan,1,0.609,3205,3015,0.8614,Cao,0
BK-00605,2026-06-15,6,2,0,13,4.0,0,HT-01,Sân thi đấu chính,3500,Giao lưu phong trào,CLB_ChuyenNghiep,0,0.689,1395,1270,0.3629,Thấp,0
BK-00606,2026-04-09,4,5,0,9,2.5,1,HT-06,Sân đa năng,1200,Tập luyện CLB / Đội tuyển,SoBanNganh_DoanThe,0,0.471,723,632,0.5267,Trung bình,0
BK-00607,2026-02-18,2,4,0,6,2.0,0,HT-02,Hội trường,500,Hội nghị / Sự kiện,TruongHoc_DaiHoc,0,0.573,285,310,0.62,Trung bình,0
BK-00608,2026-05-08,5,6,0,20,3.0,0,HT-05,Sân tập,200,Tập luyện CLB / Đội tuyển,NhomCaNhan,0,0.554,56,54,0.27,Thấp,0
BK-00609,2026-06-17,6,4,0,16,3.0,1,HT-06,Sân đa năng,1200,Tập luyện CLB / Đội tuyển,DoanhNghiep_TuNhan,1,0.393,784,675,0.5625,Trung bình,0
BK-00610,2026-06-17,6,4,0,15,4.0,1,HT-01,Sân thi đấu chính,3500,Giải thi đấu thể thao,CLB_ChuyenNghiep,1,0.649,2253,1948,0.5566,Trung bình,0
BK-00611,2026-01-25,1,8,1,17,2.0,0,HT-04,Bể bơi,2100,Giải thi đấu thể thao,CLB_ChuyenNghiep,1,0.675,1431,1559,0.7424,Trung bình,0
BK-00612,2026-02-21,2,7,1,13,3.0,0,HT-04,Bể bơi,2100,Tập luyện CLB / Đội tuyển,CLB_ChuyenNghiep,0,0.767,684,753,0.3586,Thấp,0
BK-00613,2026-01-12,1,2,0,8,2.5,1,HT-05,Sân tập,200,Tập luyện CLB / Đội tuyển,NhomCaNhan,0,0.546,124,119,0.595,Trung bình,0
BK-00614,2026-03-04,3,4,0,6,2.0,0,HT-05,Sân tập,200,Tập luyện CLB / Đội tuyển,TruongHoc_DaiHoc,0,0.521,76,75,0.375,Thấp,0
BK-00615,2026-02-15,2,8,1,19,4.0,1,HT-01,Sân thi đấu chính,3500,Giao lưu phong trào,SoBanNganh_DoanThe,0,0.623,2917,2590,0.74,Trung bình,0
BK-00616,2026-03-11,3,4,0,15,3.0,1,HT-05,Sân tập,200,Tập luyện CLB / Đội tuyển,NhomCaNhan,0,0.672,77,76,0.38,Thấp,0
BK-00617,2026-06-10,6,4,0,13,3.0,0,HT-03,Sân cầu lông,800,Tập luyện CLB / Đội tuyển,TruongHoc_DaiHoc,1,0.798,153,134,0.1675,Thấp,0
BK-00618,2026-05-19,5,3,0,9,3.0,1,HT-05,Sân tập,200,Giao lưu phong trào,TruongHoc_DaiHoc,1,0.655,77,68,0.34,Thấp,0
BK-00619,2026-05-02,5,7,1,8,2.0,1,HT-04,Bể bơi,2100,Giải thi đấu thể thao,CLB_ChuyenNghiep,1,0.739,1501,1389,0.6614,Trung bình,0
BK-00620,2026-04-27,4,2,0,7,1.5,0,HT-01,Sân thi đấu chính,3500,Tập luyện CLB / Đội tuyển,CLB_ChuyenNghiep,1,0.638,562,489,0.1397,Thấp,0
BK-00621,2026-04-24,4,6,0,17,2.5,0,HT-05,Sân tập,200,Tập thể thao tự do,NhomCaNhan,0,0.556,87,76,0.38,Thấp,0
BK-00622,2026-03-02,3,2,0,14,2.0,0,HT-06,Sân đa năng,1200,Giao lưu phong trào,CLB_ChuyenNghiep,1,0.405,387,379,0.3158,Thấp,0
BK-00623,2026-06-06,6,7,1,8,3.0,1,HT-04,Bể bơi,2100,Tập luyện CLB / Đội tuyển,CLB_ChuyenNghiep,0,0.694,1343,1250,0.5952,Trung bình,0
BK-00624,2026-01-09,1,6,0,17,1.5,0,HT-06,Sân đa năng,1200,Giao lưu phong trào,CLB_ChuyenNghiep,1,0.405,369,397,0.3308,Thấp,0
BK-00625,2026-03-17,3,3,0,8,4.0,1,HT-05,Sân tập,200,Tập luyện CLB / Đội tuyển,TruongHoc_DaiHoc,0,0.598,128,141,0.705,Trung bình,0
BK-00626,2026-02-25,2,4,0,15,3.0,1,HT-05,Sân tập,200,Tập thể thao tự do,NhomCaNhan,0,0.613,124,117,0.585,Trung bình,0
BK-00627,2026-06-01,6,2,0,17,1.5,0,HT-02,Hội trường,500,Giao lưu phong trào,SoBanNganh_DoanThe,1,0.555,165,141,0.282,Thấp,0
BK-00628,2026-05-03,5,8,1,7,3.0,0,HT-06,Sân đa năng,1200,Giao lưu phong trào,CLB_ChuyenNghiep,1,0.405,515,500,0.4167,Trung bình,0
BK-00629,2026-04-02,4,5,0,9,1.5,1,HT-03,Sân cầu lông,800,Tập luyện CLB / Đội tuyển,CLB_ChuyenNghiep,0,0.833,362,369,0.4612,Trung bình,0
BK-00630,2026-04-27,4,2,0,20,2.0,0,HT-04,Bể bơi,2100,Giải thi đấu thể thao,NhomCaNhan,1,0.64,1962,2082,0.9914,Cao,1
BK-00631,2026-06-10,6,4,0,14,2.5,0,HT-01,Sân thi đấu chính,3500,Tập luyện CLB / Đội tuyển,CLB_ChuyenNghiep,0,0.692,1504,1554,0.444,Trung bình,0
BK-00632,2026-02-23,2,2,0,7,4.0,0,HT-06,Sân đa năng,1200,Giao lưu phong trào,DoanhNghiep_TuNhan,0,0.378,428,410,0.3417,Thấp,0
BK-00633,2026-04-09,4,5,0,15,4.0,1,HT-03,Sân cầu lông,800,Tập luyện CLB / Đội tuyển,CLB_ChuyenNghiep,0,0.864,522,531,0.6637,Trung bình,0
BK-00634,2026-02-05,2,5,0,9,4.0,1,HT-03,Sân cầu lông,800,Tập luyện CLB / Đội tuyển,TruongHoc_DaiHoc,0,0.774,592,673,0.8413,Cao,0
BK-00635,2026-02-27,2,6,0,13,2.5,0,HT-03,Sân cầu lông,800,Giao lưu phong trào,TruongHoc_DaiHoc,0,0.82,131,129,0.1613,Thấp,0
BK-00636,2026-02-01,2,8,1,19,4.0,1,HT-04,Bể bơi,2100,Giải thi đấu thể thao,TruongHoc_DaiHoc,0,0.751,1606,1689,0.8043,Cao,0
BK-00637,2026-01-17,1,7,1,15,1.5,1,HT-02,Hội trường,500,Hội nghị / Sự kiện,DoanhNghiep_TuNhan,0,0.514,327,288,0.576,Trung bình,0
BK-00638,2026-06-28,6,8,1,15,2.0,1,HT-02,Hội trường,500,Hội nghị / Sự kiện,TruongHoc_DaiHoc,0,0.619,249,262,0.524,Trung bình,0
BK-00639,2026-05-02,5,7,1,14,3.0,0,HT-03,Sân cầu lông,800,Giao lưu phong trào,TruongHoc_DaiHoc,1,0.874,156,170,0.2125,Thấp,0
BK-00640,2026-05-14,5,5,0,13,3.0,0,HT-06,Sân đa năng,1200,Tập luyện CLB / Đội tuyển,SoBanNganh_DoanThe,0,0.455,509,534,0.445,Trung bình,0
BK-00641,2026-05-21,5,5,0,15,2.5,1,HT-04,Bể bơi,2100,Giải thi đấu thể thao,CLB_ChuyenNghiep,0,0.7,1648,1512,0.72,Trung bình,0
BK-00642,2026-03-15,3,8,1,8,2.5,1,HT-01,Sân thi đấu chính,3500,Giao lưu phong trào,SoBanNganh_DoanThe,0,0.629,2563,2590,0.74,Trung bình,0
BK-00643,2026-02-14,2,7,1,19,2.0,1,HT-06,Sân đa năng,1200,Giải thi đấu thể thao,CLB_ChuyenNghiep,1,0.429,1154,1133,0.9442,Cao,1
BK-00644,2026-02-22,2,8,1,19,1.5,1,HT-05,Sân tập,200,Giao lưu phong trào,CLB_ChuyenNghiep,0,0.605,127,145,0.725,Trung bình,0
BK-00645,2026-02-01,2,8,1,14,3.0,0,HT-01,Sân thi đấu chính,3500,Giải thi đấu thể thao,SoBanNganh_DoanThe,0,0.681,2668,2704,0.7726,Cao,0
BK-00646,2026-06-15,6,2,0,10,3.0,0,HT-06,Sân đa năng,1200,Giao lưu phong trào,DoanhNghiep_TuNhan,0,0.424,539,607,0.5058,Trung bình,0
BK-00647,2026-01-29,1,5,0,15,1.5,1,HT-06,Sân đa năng,1200,Giải thi đấu thể thao,DoanhNghiep_TuNhan,1,0.441,873,962,0.8017,Cao,0
BK-00648,2026-01-24,1,7,1,6,4.0,0,HT-03,Sân cầu lông,800,Giao lưu phong trào,NhomCaNhan,0,0.744,198,184,0.23,Thấp,0
BK-00649,2026-05-18,5,2,0,18,1.5,1,HT-04,Bể bơi,2100,Giải thi đấu thể thao,NhomCaNhan,1,0.785,1598,1810,0.8619,Cao,0
BK-00650,2026-04-03,4,6,0,8,3.0,1,HT-04,Bể bơi,2100,Tập luyện CLB / Đội tuyển,NhomCaNhan,0,0.78,1018,1163,0.5538,Trung bình,0
BK-00651,2026-01-23,1,6,0,19,3.0,1,HT-02,Hội trường,500,Giao lưu phong trào,DoanhNghiep_TuNhan,0,0.613,373,364,0.728,Trung bình,0
BK-00652,2026-02-05,2,5,0,17,1.5,0,HT-05,Sân tập,200,Tập luyện CLB / Đội tuyển,NhomCaNhan,0,0.669,99,94,0.47,Trung bình,0
BK-00653,2026-06-01,6,2,0,7,1.5,0,HT-04,Bể bơi,2100,Tập luyện CLB / Đội tuyển,TruongHoc_DaiHoc,0,0.761,626,665,0.3167,Thấp,0
BK-00654,2026-02-05,2,5,0,8,3.0,1,HT-02,Hội trường,500,Giao lưu phong trào,TruongHoc_DaiHoc,0,0.549,330,338,0.676,Trung bình,0
BK-00655,2026-04-29,4,4,0,6,1.5,0,HT-02,Hội trường,500,Hội nghị / Sự kiện,DoanhNghiep_TuNhan,1,0.577,371,329,0.658,Trung bình,0
BK-00656,2026-03-15,3,8,1,8,3.0,1,HT-04,Bể bơi,2100,Giải thi đấu thể thao,TruongHoc_DaiHoc,1,0.651,1376,1580,0.7524,Cao,0
BK-00657,2026-04-03,4,6,0,15,4.0,1,HT-05,Sân tập,200,Tập thể thao tự do,CLB_ChuyenNghiep,0,0.602,117,103,0.515,Trung bình,0
BK-00658,2026-05-28,5,5,0,10,2.0,0,HT-01,Sân thi đấu chính,3500,Tập luyện CLB / Đội tuyển,CLB_ChuyenNghiep,1,0.608,1131,1082,0.3091,Thấp,0
BK-00659,2026-04-03,4,6,0,18,2.5,1,HT-04,Bể bơi,2100,Tập thể thao tự do,NhomCaNhan,0,0.74,1198,1087,0.5176,Trung bình,0
BK-00660,2026-01-25,1,8,1,20,2.0,0,HT-05,Sân tập,200,Giao lưu phong trào,CLB_ChuyenNghiep,0,0.63,91,85,0.425,Trung bình,0
BK-00661,2026-06-26,6,6,0,7,4.0,0,HT-03,Sân cầu lông,800,Giao lưu phong trào,CLB_ChuyenNghiep,0,0.818,124,119,0.1487,Thấp,0
BK-00662,2026-03-29,3,8,1,7,2.0,0,HT-02,Hội trường,500,Hội nghị / Sự kiện,TruongHoc_DaiHoc,1,0.603,305,315,0.63,Trung bình,0
BK-00663,2026-05-15,5,6,0,19,4.0,1,HT-05,Sân tập,200,Giao lưu phong trào,NhomCaNhan,0,0.523,133,118,0.59,Trung bình,0
BK-00664,2026-03-31,3,3,0,19,2.5,1,HT-03,Sân cầu lông,800,Tập luyện CLB / Đội tuyển,CLB_ChuyenNghiep,0,0.854,513,488,0.61,Trung bình,0
BK-00665,2026-01-08,1,5,0,7,2.0,0,HT-06,Sân đa năng,1200,Giải thi đấu thể thao,DoanhNghiep_TuNhan,1,0.383,797,708,0.59,Trung bình,0
BK-00666,2026-06-26,6,6,0,7,1.5,0,HT-01,Sân thi đấu chính,3500,Giao lưu phong trào,SoBanNganh_DoanThe,1,0.609,695,697,0.1991,Thấp,0
BK-00667,2026-01-31,1,7,1,6,1.5,0,HT-03,Sân cầu lông,800,Tập thể thao tự do,TruongHoc_DaiHoc,1,0.834,135,139,0.1737,Thấp,0
BK-00668,2026-02-21,2,7,1,18,2.5,1,HT-02,Hội trường,500,Hội nghị / Sự kiện,SoBanNganh_DoanThe,1,0.526,363,371,0.742,Trung bình,0
BK-00669,2026-05-09,5,7,1,17,2.0,0,HT-06,Sân đa năng,1200,Tập luyện CLB / Đội tuyển,DoanhNghiep_TuNhan,1,0.485,551,555,0.4625,Trung bình,0
BK-00670,2026-03-14,3,7,1,20,4.0,0,HT-02,Hội trường,500,Hội nghị / Sự kiện,TruongHoc_DaiHoc,1,0.529,287,304,0.608,Trung bình,0
BK-00671,2026-05-31,5,8,1,15,1.5,1,HT-02,Hội trường,500,Hội nghị / Sự kiện,DoanhNghiep_TuNhan,0,0.592,325,315,0.63,Trung bình,0
BK-00672,2026-03-22,3,8,1,15,1.5,1,HT-01,Sân thi đấu chính,3500,Tập luyện CLB / Đội tuyển,CLB_ChuyenNghiep,0,0.613,2374,2532,0.7234,Trung bình,0
BK-00673,2026-05-07,5,5,0,14,2.5,0,HT-01,Sân thi đấu chính,3500,Giao lưu phong trào,DoanhNghiep_TuNhan,0,0.665,1459,1339,0.3826,Thấp,0
BK-00674,2026-04-20,4,2,0,7,3.0,0,HT-02,Hội trường,500,Giao lưu phong trào,SoBanNganh_DoanThe,1,0.554,199,192,0.384,Thấp,0
BK-00675,2026-06-23,6,3,0,7,2.0,0,HT-01,Sân thi đấu chính,3500,Giao lưu phong trào,SoBanNganh_DoanThe,0,0.627,1805,2017,0.5763,Trung bình,0
BK-00676,2026-04-04,4,7,1,13,2.0,0,HT-02,Hội trường,500,Giao lưu phong trào,SoBanNganh_DoanThe,1,0.593,149,160,0.32,Thấp,0
BK-00677,2026-06-01,6,2,0,20,3.0,0,HT-03,Sân cầu lông,800,Tập thể thao tự do,CLB_ChuyenNghiep,0,0.764,423,424,0.53,Trung bình,0
BK-00678,2026-04-27,4,2,0,7,2.5,0,HT-01,Sân thi đấu chính,3500,Giao lưu phong trào,SoBanNganh_DoanThe,1,0.733,1521,1629,0.4654,Trung bình,0
BK-00679,2026-05-08,5,6,0,6,2.0,0,HT-06,Sân đa năng,1200,Giao lưu phong trào,DoanhNghiep_TuNhan,0,0.382,250,219,0.1825,Thấp,0
BK-00680,2026-05-14,5,5,0,20,3.0,0,HT-04,Bể bơi,2100,Tập thể thao tự do,NhomCaNhan,0,0.778,643,612,0.2914,Thấp,0
BK-00681,2026-05-20,5,4,0,20,1.5,0,HT-01,Sân thi đấu chính,3500,Giao lưu phong trào,CLB_ChuyenNghiep,0,0.605,887,876,0.2503,Thấp,0
BK-00682,2026-05-23,5,7,1,20,2.5,0,HT-06,Sân đa năng,1200,Tập luyện CLB / Đội tuyển,CLB_ChuyenNghiep,0,0.388,246,245,0.2042,Thấp,0
BK-00683,2026-06-22,6,2,0,18,4.0,1,HT-04,Bể bơi,2100,Giải thi đấu thể thao,TruongHoc_DaiHoc,1,0.703,1782,1785,0.85,Cao,0
BK-00684,2026-05-07,5,5,0,14,4.0,0,HT-05,Sân tập,200,Giao lưu phong trào,CLB_ChuyenNghiep,0,0.541,45,46,0.23,Thấp,0
BK-00685,2026-04-04,4,7,1,20,4.0,0,HT-03,Sân cầu lông,800,Tập luyện CLB / Đội tuyển,TruongHoc_DaiHoc,0,0.796,142,135,0.1688,Thấp,0
BK-00686,2026-06-19,6,6,0,9,2.0,1,HT-02,Hội trường,500,Giao lưu phong trào,TruongHoc_DaiHoc,1,0.497,344,304,0.608,Trung bình,0
BK-00687,2026-05-18,5,2,0,6,3.0,0,HT-03,Sân cầu lông,800,Giao lưu phong trào,CLB_ChuyenNghiep,0,0.834,355,375,0.4688,Trung bình,0
BK-00688,2026-03-23,3,2,0,17,3.0,0,HT-04,Bể bơi,2100,Tập luyện CLB / Đội tuyển,TruongHoc_DaiHoc,1,0.719,699,637,0.3033,Thấp,0
BK-00689,2026-06-20,6,7,1,8,4.0,1,HT-03,Sân cầu lông,800,Tập thể thao tự do,CLB_ChuyenNghiep,0,0.752,542,619,0.7738,Cao,0
BK-00690,2026-05-18,5,2,0,10,2.5,0,HT-02,Hội trường,500,Hội nghị / Sự kiện,DoanhNghiep_TuNhan,0,0.485,302,324,0.648,Trung bình,0
BK-00691,2026-05-29,5,6,0,17,2.5,0,HT-01,Sân thi đấu chính,3500,Giao lưu phong trào,CLB_ChuyenNghiep,0,0.612,1158,1104,0.3154,Thấp,0
BK-00692,2026-03-19,3,5,0,20,2.5,0,HT-05,Sân tập,200,Tập thể thao tự do,TruongHoc_DaiHoc,0,0.593,43,44,0.22,Thấp,0
BK-00693,2026-05-21,5,5,0,6,4.0,0,HT-02,Hội trường,500,Hội nghị / Sự kiện,TruongHoc_DaiHoc,1,0.513,389,440,0.88,Cao,0
BK-00694,2026-06-13,6,7,1,20,4.0,0,HT-05,Sân tập,200,Tập thể thao tự do,TruongHoc_DaiHoc,0,0.558,32,31,0.155,Thấp,0
BK-00695,2026-06-25,6,5,0,14,3.0,0,HT-03,Sân cầu lông,800,Tập thể thao tự do,NhomCaNhan,0,0.766,340,318,0.3975,Thấp,0
BK-00696,2026-06-25,6,5,0,9,3.0,1,HT-05,Sân tập,200,Tập luyện CLB / Đội tuyển,NhomCaNhan,1,0.598,86,81,0.405,Trung bình,0
BK-00697,2026-04-22,4,4,0,18,1.5,1,HT-04,Bể bơi,2100,Tập thể thao tự do,CLB_ChuyenNghiep,0,0.728,911,850,0.4048,Trung bình,0
BK-00698,2026-06-14,6,8,1,19,3.0,1,HT-01,Sân thi đấu chính,3500,Giải thi đấu thể thao,CLB_ChuyenNghiep,0,0.744,2411,2676,0.7646,Cao,0
BK-00699,2026-04-15,4,4,0,18,1.5,1,HT-03,Sân cầu lông,800,Tập thể thao tự do,TruongHoc_DaiHoc,0,0.759,391,391,0.4888,Trung bình,0
BK-00700,2026-06-20,6,7,1,20,4.0,0,HT-05,Sân tập,200,Tập thể thao tự do,CLB_ChuyenNghiep,0,0.573,43,46,0.23,Thấp,0
BK-00701,2026-05-30,5,7,1,14,2.0,0,HT-06,Sân đa năng,1200,Giao lưu phong trào,CLB_ChuyenNghiep,1,0.411,277,271,0.2258,Thấp,0
BK-00702,2026-05-31,5,8,1,15,4.0,1,HT-01,Sân thi đấu chính,3500,Giao lưu phong trào,DoanhNghiep_TuNhan,0,0.754,2395,2526,0.7217,Trung bình,0
BK-00703,2026-02-07,2,7,1,15,2.5,1,HT-03,Sân cầu lông,800,Tập thể thao tự do,NhomCaNhan,0,0.868,632,677,0.8462,Cao,0
BK-00704,2026-01-14,1,4,0,20,2.0,0,HT-06,Sân đa năng,1200,Giao lưu phong trào,DoanhNghiep_TuNhan,0,0.48,466,522,0.435,Trung bình,0
BK-00705,2026-05-17,5,8,1,15,3.0,1,HT-02,Hội trường,500,Hội nghị / Sự kiện,DoanhNghiep_TuNhan,0,0.591,394,445,0.89,Cao,0
BK-00706,2026-03-18,3,4,0,8,3.0,1,HT-02,Hội trường,500,Giao lưu phong trào,TruongHoc_DaiHoc,0,0.62,221,242,0.484,Trung bình,0
BK-00707,2026-05-01,5,6,0,14,2.5,0,HT-06,Sân đa năng,1200,Tập luyện CLB / Đội tuyển,SoBanNganh_DoanThe,0,0.451,558,591,0.4925,Trung bình,0
BK-00708,2026-04-01,4,4,0,17,4.0,0,HT-04,Bể bơi,2100,Giải thi đấu thể thao,NhomCaNhan,1,0.741,1258,1311,0.6243,Trung bình,0
BK-00709,2026-06-14,6,8,1,6,3.0,0,HT-02,Hội trường,500,Hội nghị / Sự kiện,TruongHoc_DaiHoc,1,0.584,323,298,0.596,Trung bình,0
BK-00710,2026-06-16,6,3,0,17,3.0,0,HT-02,Hội trường,500,Giao lưu phong trào,DoanhNghiep_TuNhan,0,0.602,193,203,0.406,Trung bình,0
BK-00711,2026-03-14,3,7,1,7,3.0,0,HT-02,Hội trường,500,Giao lưu phong trào,SoBanNganh_DoanThe,0,0.473,150,153,0.306,Thấp,0
BK-00712,2026-01-06,1,3,0,18,4.0,1,HT-05,Sân tập,200,Giao lưu phong trào,NhomCaNhan,0,0.547,139,147,0.735,Trung bình,0
BK-00713,2026-04-13,4,2,0,14,4.0,0,HT-05,Sân tập,200,Tập thể thao tự do,NhomCaNhan,1,0.635,60,53,0.265,Thấp,0
BK-00714,2026-04-22,4,4,0,18,3.0,1,HT-04,Bể bơi,2100,Tập thể thao tự do,CLB_ChuyenNghiep,0,0.686,1050,1138,0.5419,Trung bình,0
BK-00715,2026-05-07,5,5,0,8,3.0,1,HT-04,Bể bơi,2100,Tập thể thao tự do,TruongHoc_DaiHoc,1,0.669,1511,1370,0.6524,Trung bình,0
BK-00716,2026-02-07,2,7,1,10,2.5,0,HT-01,Sân thi đấu chính,3500,Giải thi đấu thể thao,DoanhNghiep_TuNhan,1,0.614,2577,2690,0.7686,Cao,0
BK-00717,2026-05-01,5,6,0,13,3.0,0,HT-02,Hội trường,500,Hội nghị / Sự kiện,TruongHoc_DaiHoc,1,0.559,330,287,0.574,Trung bình,0
BK-00718,2026-01-14,1,4,0,9,3.0,1,HT-03,Sân cầu lông,800,Tập thể thao tự do,TruongHoc_DaiHoc,0,0.747,602,646,0.8075,Cao,0
BK-00719,2026-03-06,3,6,0,17,3.0,0,HT-05,Sân tập,200,Tập thể thao tự do,CLB_ChuyenNghiep,0,0.549,42,36,0.18,Thấp,0
BK-00720,2026-02-13,2,6,0,15,2.5,1,HT-05,Sân tập,200,Tập thể thao tự do,NhomCaNhan,1,0.57,127,117,0.585,Trung bình,0
BK-00721,2026-02-02,2,2,0,10,2.5,0,HT-04,Bể bơi,2100,Tập luyện CLB / Đội tuyển,NhomCaNhan,0,0.723,541,610,0.2905,Thấp,0
BK-00722,2026-04-22,4,4,0,13,3.0,0,HT-02,Hội trường,500,Hội nghị / Sự kiện,TruongHoc_DaiHoc,0,0.494,386,334,0.668,Trung bình,0
BK-00723,2026-02-28,2,7,1,6,3.0,0,HT-02,Hội trường,500,Giao lưu phong trào,SoBanNganh_DoanThe,0,0.477,166,187,0.374,Thấp,0
BK-00724,2026-04-02,4,5,0,16,3.0,1,HT-06,Sân đa năng,1200,Giao lưu phong trào,SoBanNganh_DoanThe,1,0.403,727,694,0.5783,Trung bình,0
BK-00725,2026-03-14,3,7,1,8,4.0,1,HT-02,Hội trường,500,Giao lưu phong trào,TruongHoc_DaiHoc,0,0.554,394,449,0.898,Cao,0
BK-00726,2026-05-27,5,4,0,14,1.5,0,HT-02,Hội trường,500,Hội nghị / Sự kiện,DoanhNghiep_TuNhan,1,0.579,366,385,0.77,Cao,0
BK-00727,2026-04-11,4,7,1,17,1.5,0,HT-03,Sân cầu lông,800,Tập thể thao tự do,NhomCaNhan,1,0.841,259,257,0.3212,Thấp,0
BK-00728,2026-03-10,3,3,0,18,1.5,1,HT-05,Sân tập,200,Tập thể thao tự do,NhomCaNhan,0,0.637,141,150,0.75,Cao,0
BK-00729,2026-05-26,5,3,0,9,1.5,1,HT-02,Hội trường,500,Giao lưu phong trào,DoanhNghiep_TuNhan,0,0.485,333,343,0.686,Trung bình,0
BK-00730,2026-03-07,3,7,1,9,3.0,1,HT-02,Hội trường,500,Hội nghị / Sự kiện,SoBanNganh_DoanThe,0,0.59,294,275,0.55,Trung bình,0
BK-00731,2026-06-17,6,4,0,7,2.5,0,HT-02,Hội trường,500,Giao lưu phong trào,DoanhNghiep_TuNhan,0,0.527,255,262,0.524,Trung bình,0
BK-00732,2026-01-25,1,8,1,16,2.0,1,HT-03,Sân cầu lông,800,Tập thể thao tự do,CLB_ChuyenNghiep,0,0.861,601,587,0.7338,Trung bình,0
BK-00733,2026-04-05,4,8,1,8,3.0,1,HT-05,Sân tập,200,Giao lưu phong trào,CLB_ChuyenNghiep,1,0.624,165,173,0.865,Cao,0
BK-00734,2026-02-09,2,2,0,16,4.0,1,HT-04,Bể bơi,2100,Tập thể thao tự do,NhomCaNhan,0,0.797,952,894,0.4257,Trung bình,0
BK-00735,2026-06-25,6,5,0,9,4.0,1,HT-03,Sân cầu lông,800,Tập thể thao tự do,CLB_ChuyenNghiep,0,0.822,513,515,0.6438,Trung bình,0
BK-00736,2026-04-16,4,5,0,15,4.0,1,HT-01,Sân thi đấu chính,3500,Giao lưu phong trào,SoBanNganh_DoanThe,0,0.706,1501,1327,0.3791,Thấp,0
BK-00737,2026-02-15,2,8,1,14,1.5,0,HT-02,Hội trường,500,Hội nghị / Sự kiện,DoanhNghiep_TuNhan,0,0.577,307,302,0.604,Trung bình,0
BK-00738,2026-06-09,6,3,0,13,2.0,0,HT-03,Sân cầu lông,800,Tập luyện CLB / Đội tuyển,NhomCaNhan,1,0.809,375,394,0.4925,Trung bình,0
BK-00739,2026-01-05,1,2,0,14,1.5,0,HT-01,Sân thi đấu chính,3500,Giải thi đấu thể thao,CLB_ChuyenNghiep,1,0.719,2705,2832,0.8091,Cao,0
BK-00740,2026-05-05,5,3,0,17,4.0,0,HT-03,Sân cầu lông,800,Tập thể thao tự do,TruongHoc_DaiHoc,0,0.76,306,287,0.3588,Thấp,0
BK-00741,2026-01-04,1,8,1,7,1.5,0,HT-02,Hội trường,500,Hội nghị / Sự kiện,SoBanNganh_DoanThe,1,0.57,374,366,0.732,Trung bình,0
BK-00742,2026-05-18,5,2,0,7,2.5,0,HT-02,Hội trường,500,Giao lưu phong trào,SoBanNganh_DoanThe,0,0.582,73,65,0.13,Thấp,0
BK-00743,2026-05-05,5,3,0,6,3.0,0,HT-04,Bể bơi,2100,Giải thi đấu thể thao,CLB_ChuyenNghiep,1,0.641,1838,1590,0.7571,Cao,0
BK-00744,2026-06-11,6,5,0,14,3.0,0,HT-06,Sân đa năng,1200,Giao lưu phong trào,DoanhNghiep_TuNhan,0,0.434,535,460,0.3833,Thấp,0
BK-00745,2026-05-12,5,3,0,19,4.0,1,HT-05,Sân tập,200,Giao lưu phong trào,CLB_ChuyenNghiep,1,0.609,76,77,0.385,Thấp,0
BK-00746,2026-03-10,3,3,0,14,3.0,0,HT-06,Sân đa năng,1200,Giải thi đấu thể thao,SoBanNganh_DoanThe,1,0.396,1002,982,0.8183,Cao,0
BK-00747,2026-02-19,2,5,0,13,3.0,0,HT-04,Bể bơi,2100,Tập thể thao tự do,TruongHoc_DaiHoc,1,0.775,951,980,0.4667,Trung bình,0
BK-00748,2026-06-18,6,5,0,8,2.5,1,HT-04,Bể bơi,2100,Giải thi đấu thể thao,TruongHoc_DaiHoc,1,0.698,1771,1852,0.8819,Cao,0
BK-00749,2026-05-01,5,6,0,17,2.0,0,HT-02,Hội trường,500,Giao lưu phong trào,TruongHoc_DaiHoc,0,0.567,177,161,0.322,Thấp,0
BK-00750,2026-01-26,1,2,0,15,2.5,1,HT-04,Bể bơi,2100,Tập thể thao tự do,CLB_ChuyenNghiep,0,0.748,1529,1419,0.6757,Trung bình,0
BK-00751,2026-02-14,2,7,1,6,1.5,0,HT-05,Sân tập,200,Tập thể thao tự do,CLB_ChuyenNghiep,1,0.679,46,45,0.225,Thấp,0
BK-00752,2026-04-01,4,4,0,20,4.0,0,HT-01,Sân thi đấu chính,3500,Giao lưu phong trào,CLB_ChuyenNghiep,0,0.608,1628,1434,0.4097,Trung bình,0
BK-00753,2026-04-23,4,5,0,20,1.5,0,HT-04,Bể bơi,2100,Tập thể thao tự do,TruongHoc_DaiHoc,0,0.721,870,886,0.4219,Trung bình,0
BK-00754,2026-02-12,2,5,0,7,2.0,0,HT-06,Sân đa năng,1200,Giao lưu phong trào,CLB_ChuyenNghiep,0,0.509,502,501,0.4175,Trung bình,0
BK-00755,2026-02-09,2,2,0,13,2.5,0,HT-06,Sân đa năng,1200,Giải thi đấu thể thao,CLB_ChuyenNghiep,1,0.409,922,996,0.83,Cao,0
BK-00756,2026-05-02,5,7,1,10,4.0,0,HT-03,Sân cầu lông,800,Tập luyện CLB / Đội tuyển,NhomCaNhan,0,0.779,314,326,0.4075,Trung bình,0
BK-00757,2026-05-16,5,7,1,20,2.0,0,HT-04,Bể bơi,2100,Tập thể thao tự do,NhomCaNhan,0,0.767,610,674,0.321,Thấp,0
BK-00758,2026-04-03,4,6,0,15,2.0,1,HT-01,Sân thi đấu chính,3500,Giải thi đấu thể thao,DoanhNghiep_TuNhan,1,0.757,2994,2827,0.8077,Cao,0
BK-00759,2026-02-12,2,5,0,6,3.0,0,HT-04,Bể bơi,2100,Tập thể thao tự do,TruongHoc_DaiHoc,0,0.797,432,493,0.2348,Thấp,0
BK-00760,2026-06-19,6,6,0,10,3.0,0,HT-05,Sân tập,200,Tập thể thao tự do,TruongHoc_DaiHoc,0,0.575,95,89,0.445,Trung bình,0
BK-00761,2026-03-13,3,6,0,17,2.0,0,HT-05,Sân tập,200,Giao lưu phong trào,CLB_ChuyenNghiep,0,0.624,44,47,0.235,Thấp,0
BK-00762,2026-06-28,6,8,1,20,3.0,0,HT-03,Sân cầu lông,800,Tập luyện CLB / Đội tuyển,CLB_ChuyenNghiep,1,0.881,264,281,0.3513,Thấp,0
BK-00763,2026-05-14,5,5,0,10,2.0,0,HT-05,Sân tập,200,Tập luyện CLB / Đội tuyển,TruongHoc_DaiHoc,0,0.524,69,61,0.305,Thấp,0
BK-00764,2026-05-19,5,3,0,10,2.0,0,HT-05,Sân tập,200,Tập thể thao tự do,TruongHoc_DaiHoc,0,0.562,68,74,0.37,Thấp,0
BK-00765,2026-05-10,5,8,1,7,1.5,0,HT-03,Sân cầu lông,800,Giao lưu phong trào,NhomCaNhan,0,0.778,252,239,0.2988,Thấp,0
BK-00766,2026-05-29,5,6,0,19,4.0,1,HT-05,Sân tập,200,Giao lưu phong trào,NhomCaNhan,0,0.628,105,111,0.555,Trung bình,0
BK-00767,2026-04-07,4,3,0,19,2.0,1,HT-05,Sân tập,200,Tập luyện CLB / Đội tuyển,CLB_ChuyenNghiep,0,0.543,98,96,0.48,Trung bình,0
BK-00768,2026-04-19,4,8,1,7,1.5,0,HT-04,Bể bơi,2100,Tập thể thao tự do,NhomCaNhan,0,0.724,657,631,0.3005,Thấp,0
BK-00769,2026-05-31,5,8,1,16,3.0,1,HT-05,Sân tập,200,Tập thể thao tự do,TruongHoc_DaiHoc,0,0.598,143,161,0.805,Cao,0
BK-00770,2026-04-17,4,6,0,8,4.0,1,HT-02,Hội trường,500,Hội nghị / Sự kiện,DoanhNghiep_TuNhan,1,0.489,283,313,0.626,Trung bình,0
BK-00771,2026-02-24,2,3,0,15,1.5,1,HT-04,Bể bơi,2100,Giải thi đấu thể thao,CLB_ChuyenNghiep,0,0.705,1742,1795,0.8548,Cao,0
BK-00772,2026-01-31,1,7,1,17,2.5,0,HT-03,Sân cầu lông,800,Tập luyện CLB / Đội tuyển,TruongHoc_DaiHoc,1,0.818,246,231,0.2888,Thấp,0
BK-00773,2026-02-06,2,6,0,20,4.0,0,HT-02,Hội trường,500,Giao lưu phong trào,SoBanNganh_DoanThe,0,0.588,122,110,0.22,Thấp,0
BK-00774,2026-01-01,1,5,0,16,2.5,1,HT-01,Sân thi đấu chính,3500,Giải thi đấu thể thao,CLB_ChuyenNghiep,1,0.725,2914,3263,0.9323,Cao,1
BK-00775,2026-05-02,5,7,1,17,2.0,0,HT-06,Sân đa năng,1200,Giải thi đấu thể thao,DoanhNghiep_TuNhan,1,0.486,1089,974,0.8117,Cao,0
BK-00776,2026-01-23,1,6,0,18,4.0,1,HT-05,Sân tập,200,Tập thể thao tự do,CLB_ChuyenNghiep,1,0.662,108,122,0.61,Trung bình,0
BK-00777,2026-03-13,3,6,0,7,2.0,0,HT-06,Sân đa năng,1200,Tập luyện CLB / Đội tuyển,CLB_ChuyenNghiep,0,0.39,535,544,0.4533,Trung bình,0
BK-00778,2026-05-24,5,8,1,9,4.0,1,HT-01,Sân thi đấu chính,3500,Tập luyện CLB / Đội tuyển,DoanhNghiep_TuNhan,0,0.68,3118,3352,0.9577,Cao,1
BK-00779,2026-01-05,1,2,0,18,4.0,1,HT-01,Sân thi đấu chính,3500,Giải thi đấu thể thao,CLB_ChuyenNghiep,1,0.693,2655,2924,0.8354,Cao,0
BK-00780,2026-01-22,1,5,0,17,2.5,0,HT-05,Sân tập,200,Tập thể thao tự do,TruongHoc_DaiHoc,1,0.586,81,79,0.395,Thấp,0
BK-00781,2026-05-16,5,7,1,14,2.5,0,HT-03,Sân cầu lông,800,Tập luyện CLB / Đội tuyển,NhomCaNhan,0,0.863,260,235,0.2938,Thấp,0
BK-00782,2026-02-09,2,2,0,14,2.0,0,HT-03,Sân cầu lông,800,Tập luyện CLB / Đội tuyển,TruongHoc_DaiHoc,0,0.756,178,167,0.2087,Thấp,0
BK-00783,2026-02-06,2,6,0,13,2.5,0,HT-04,Bể bơi,2100,Tập luyện CLB / Đội tuyển,CLB_ChuyenNghiep,1,0.721,500,460,0.219,Thấp,0
BK-00784,2026-05-10,5,8,1,7,2.5,0,HT-04,Bể bơi,2100,Tập thể thao tự do,NhomCaNhan,0,0.677,612,595,0.2833,Thấp,0
BK-00785,2026-01-05,1,2,0,16,4.0,1,HT-03,Sân cầu lông,800,Giao lưu phong trào,NhomCaNhan,1,0.805,502,472,0.59,Trung bình,0
BK-00786,2026-01-22,1,5,0,16,2.0,1,HT-06,Sân đa năng,1200,Giải thi đấu thể thao,SoBanNganh_DoanThe,1,0.524,797,905,0.7542,Cao,0
BK-00787,2026-05-23,5,7,1,6,1.5,0,HT-04,Bể bơi,2100,Tập luyện CLB / Đội tuyển,TruongHoc_DaiHoc,0,0.717,926,1046,0.4981,Trung bình,0
BK-00788,2026-06-03,6,4,0,18,3.0,1,HT-03,Sân cầu lông,800,Tập thể thao tự do,TruongHoc_DaiHoc,1,0.825,531,477,0.5962,Trung bình,0
BK-00789,2026-01-18,1,8,1,7,3.0,0,HT-03,Sân cầu lông,800,Giao lưu phong trào,NhomCaNhan,0,0.774,355,395,0.4938,Trung bình,0
BK-00790,2026-05-10,5,8,1,18,2.5,1,HT-03,Sân cầu lông,800,Giao lưu phong trào,CLB_ChuyenNghiep,0,0.791,620,650,0.8125,Cao,0
BK-00791,2026-02-23,2,2,0,17,2.5,0,HT-04,Bể bơi,2100,Tập thể thao tự do,TruongHoc_DaiHoc,1,0.642,1014,863,0.411,Trung bình,0
BK-00792,2026-02-14,2,7,1,16,3.0,1,HT-04,Bể bơi,2100,Tập luyện CLB / Đội tuyển,TruongHoc_DaiHoc,1,0.783,1867,1888,0.899,Cao,0
BK-00793,2026-06-21,6,8,1,18,1.5,1,HT-04,Bể bơi,2100,Tập luyện CLB / Đội tuyển,NhomCaNhan,0,0.752,1389,1500,0.7143,Trung bình,0
BK-00794,2026-01-03,1,7,1,15,2.5,1,HT-01,Sân thi đấu chính,3500,Giải thi đấu thể thao,SoBanNganh_DoanThe,1,0.713,3213,3387,0.9677,Cao,1
BK-00795,2026-02-19,2,5,0,17,2.5,0,HT-01,Sân thi đấu chính,3500,Tập luyện CLB / Đội tuyển,CLB_ChuyenNghiep,1,0.745,1098,1025,0.2929,Thấp,0
BK-00796,2026-06-30,6,3,0,9,1.5,1,HT-05,Sân tập,200,Tập luyện CLB / Đội tuyển,TruongHoc_DaiHoc,0,0.608,142,141,0.705,Trung bình,0
BK-00797,2026-06-18,6,5,0,17,4.0,0,HT-06,Sân đa năng,1200,Tập luyện CLB / Đội tuyển,CLB_ChuyenNghiep,1,0.461,213,197,0.1642,Thấp,0
BK-00798,2026-02-28,2,7,1,19,2.5,1,HT-05,Sân tập,200,Tập luyện CLB / Đội tuyển,TruongHoc_DaiHoc,1,0.629,184,190,0.95,Cao,1
BK-00799,2026-04-27,4,2,0,14,1.5,0,HT-01,Sân thi đấu chính,3500,Giao lưu phong trào,SoBanNganh_DoanThe,0,0.679,945,950,0.2714,Thấp,0
BK-00800,2026-05-13,5,4,0,19,2.0,1,HT-01,Sân thi đấu chính,3500,Giải thi đấu thể thao,SoBanNganh_DoanThe,0,0.654,2729,2640,0.7543,Cao,0
BK-00801,2026-05-27,5,4,0,19,2.0,1,HT-01,Sân thi đấu chính,3500,Tập luyện CLB / Đội tuyển,SoBanNganh_DoanThe,0,0.61,2370,2248,0.6423,Trung bình,0
BK-00802,2026-06-10,6,4,0,6,3.0,0,HT-01,Sân thi đấu chính,3500,Giao lưu phong trào,CLB_ChuyenNghiep,0,0.617,1249,1155,0.33,Thấp,0
BK-00803,2026-03-03,3,3,0,6,2.5,0,HT-03,Sân cầu lông,800,Giao lưu phong trào,NhomCaNhan,0,0.84,345,372,0.465,Trung bình,0
BK-00804,2026-05-29,5,6,0,7,1.5,0,HT-01,Sân thi đấu chính,3500,Giải thi đấu thể thao,SoBanNganh_DoanThe,1,0.747,2889,2566,0.7331,Trung bình,0
BK-00805,2026-04-24,4,6,0,10,4.0,0,HT-01,Sân thi đấu chính,3500,Tập luyện CLB / Đội tuyển,SoBanNganh_DoanThe,1,0.661,1371,1286,0.3674,Thấp,0
BK-00806,2026-01-25,1,8,1,20,3.0,0,HT-05,Sân tập,200,Tập luyện CLB / Đội tuyển,TruongHoc_DaiHoc,0,0.588,72,71,0.355,Thấp,0
BK-00807,2026-06-08,6,2,0,7,2.5,0,HT-05,Sân tập,200,Giao lưu phong trào,TruongHoc_DaiHoc,0,0.536,59,53,0.265,Thấp,0
BK-00808,2026-06-02,6,3,0,7,4.0,0,HT-06,Sân đa năng,1200,Giải thi đấu thể thao,DoanhNghiep_TuNhan,1,0.469,935,929,0.7742,Cao,0
BK-00809,2026-02-17,2,3,0,8,1.5,1,HT-02,Hội trường,500,Hội nghị / Sự kiện,SoBanNganh_DoanThe,1,0.52,356,383,0.766,Cao,0
BK-00810,2026-05-19,5,3,0,8,3.0,1,HT-02,Hội trường,500,Giao lưu phong trào,TruongHoc_DaiHoc,0,0.579,238,244,0.488,Trung bình,0
BK-00811,2026-01-15,1,5,0,16,4.0,1,HT-02,Hội trường,500,Hội nghị / Sự kiện,DoanhNghiep_TuNhan,1,0.481,432,393,0.786,Cao,0
BK-00812,2026-02-18,2,4,0,15,3.0,1,HT-06,Sân đa năng,1200,Tập luyện CLB / Đội tuyển,DoanhNghiep_TuNhan,0,0.437,789,816,0.68,Trung bình,0
BK-00813,2026-02-11,2,4,0,15,1.5,1,HT-01,Sân thi đấu chính,3500,Giao lưu phong trào,CLB_ChuyenNghiep,0,0.634,2266,2243,0.6409,Trung bình,0
BK-00814,2026-05-04,5,2,0,20,2.5,0,HT-06,Sân đa năng,1200,Tập luyện CLB / Đội tuyển,SoBanNganh_DoanThe,1,0.382,282,270,0.225,Thấp,0
BK-00815,2026-01-08,1,5,0,7,2.0,0,HT-05,Sân tập,200,Tập thể thao tự do,CLB_ChuyenNghiep,1,0.525,74,63,0.315,Thấp,0
BK-00816,2026-02-20,2,6,0,8,2.0,1,HT-03,Sân cầu lông,800,Tập thể thao tự do,TruongHoc_DaiHoc,1,0.768,528,479,0.5988,Trung bình,0
BK-00817,2026-03-09,3,2,0,6,2.0,0,HT-01,Sân thi đấu chính,3500,Giao lưu phong trào,DoanhNghiep_TuNhan,0,0.638,718,676,0.1931,Thấp,0
BK-00818,2026-04-06,4,2,0,8,4.0,1,HT-06,Sân đa năng,1200,Tập luyện CLB / Đội tuyển,SoBanNganh_DoanThe,0,0.497,471,530,0.4417,Trung bình,0
BK-00819,2026-02-19,2,5,0,14,2.5,0,HT-05,Sân tập,200,Tập thể thao tự do,TruongHoc_DaiHoc,0,0.614,80,86,0.43,Trung bình,0
BK-00820,2026-05-18,5,2,0,20,2.0,0,HT-03,Sân cầu lông,800,Tập thể thao tự do,NhomCaNhan,1,0.895,368,406,0.5075,Trung bình,0
BK-00821,2026-05-06,5,4,0,19,1.5,1,HT-02,Hội trường,500,Giao lưu phong trào,TruongHoc_DaiHoc,0,0.59,224,249,0.498,Trung bình,0
BK-00822,2026-04-06,4,2,0,16,3.0,1,HT-04,Bể bơi,2100,Tập thể thao tự do,NhomCaNhan,0,0.716,1222,1389,0.6614,Trung bình,0
BK-00823,2026-05-29,5,6,0,18,4.0,1,HT-04,Bể bơi,2100,Giải thi đấu thể thao,CLB_ChuyenNghiep,1,0.675,1910,1757,0.8367,Cao,0
BK-00824,2026-04-19,4,8,1,17,2.0,0,HT-04,Bể bơi,2100,Tập luyện CLB / Đội tuyển,NhomCaNhan,0,0.696,379,372,0.1771,Thấp,0
BK-00825,2026-05-30,5,7,1,15,4.0,1,HT-01,Sân thi đấu chính,3500,Tập luyện CLB / Đội tuyển,SoBanNganh_DoanThe,0,0.651,2543,2775,0.7929,Cao,0
BK-00826,2026-04-08,4,4,0,8,3.0,1,HT-01,Sân thi đấu chính,3500,Giải thi đấu thể thao,SoBanNganh_DoanThe,1,0.682,2430,2679,0.7654,Cao,0
BK-00827,2026-06-14,6,8,1,20,2.5,0,HT-01,Sân thi đấu chính,3500,Giải thi đấu thể thao,CLB_ChuyenNghiep,1,0.708,2677,2543,0.7266,Trung bình,0
BK-00828,2026-03-06,3,6,0,19,2.5,1,HT-03,Sân cầu lông,800,Tập luyện CLB / Đội tuyển,TruongHoc_DaiHoc,0,0.827,384,408,0.51,Trung bình,0
BK-00829,2026-03-08,3,8,1,20,2.5,0,HT-01,Sân thi đấu chính,3500,Giao lưu phong trào,SoBanNganh_DoanThe,0,0.705,1000,1023,0.2923,Thấp,0
BK-00830,2026-05-01,5,6,0,16,2.0,1,HT-06,Sân đa năng,1200,Giao lưu phong trào,CLB_ChuyenNghiep,1,0.496,790,793,0.6608,Trung bình,0
BK-00831,2026-04-30,4,5,0,15,2.5,1,HT-06,Sân đa năng,1200,Giải thi đấu thể thao,SoBanNganh_DoanThe,1,0.44,1016,990,0.825,Cao,0
BK-00832,2026-05-23,5,7,1,13,2.0,0,HT-01,Sân thi đấu chính,3500,Tập luyện CLB / Đội tuyển,CLB_ChuyenNghiep,0,0.657,1428,1496,0.4274,Trung bình,0
BK-00833,2026-02-27,2,6,0,14,3.0,0,HT-04,Bể bơi,2100,Giải thi đấu thể thao,TruongHoc_DaiHoc,1,0.662,1758,1511,0.7195,Trung bình,0
BK-00834,2026-03-26,3,5,0,18,4.0,1,HT-05,Sân tập,200,Giao lưu phong trào,TruongHoc_DaiHoc,0,0.606,139,134,0.67,Trung bình,0
BK-00835,2026-02-18,2,4,0,7,2.5,0,HT-04,Bể bơi,2100,Giải thi đấu thể thao,NhomCaNhan,1,0.668,1454,1530,0.7286,Trung bình,0
BK-00836,2026-06-26,6,6,0,15,1.5,1,HT-05,Sân tập,200,Tập luyện CLB / Đội tuyển,NhomCaNhan,1,0.626,141,129,0.645,Trung bình,0
BK-00837,2026-01-18,1,8,1,6,2.5,0,HT-04,Bể bơi,2100,Giải thi đấu thể thao,CLB_ChuyenNghiep,1,0.658,1872,1679,0.7995,Cao,0
BK-00838,2026-05-18,5,2,0,15,1.5,1,HT-04,Bể bơi,2100,Tập luyện CLB / Đội tuyển,CLB_ChuyenNghiep,1,0.716,977,1038,0.4943,Trung bình,0
BK-00839,2026-06-04,6,5,0,10,4.0,0,HT-05,Sân tập,200,Tập luyện CLB / Đội tuyển,TruongHoc_DaiHoc,0,0.591,58,66,0.33,Thấp,0
BK-00840,2026-04-13,4,2,0,20,2.0,0,HT-05,Sân tập,200,Giao lưu phong trào,CLB_ChuyenNghiep,0,0.638,90,92,0.46,Trung bình,0
BK-00841,2026-03-15,3,8,1,15,2.5,1,HT-06,Sân đa năng,1200,Tập luyện CLB / Đội tuyển,DoanhNghiep_TuNhan,0,0.436,916,1012,0.8433,Cao,0
BK-00842,2026-02-15,2,8,1,19,3.0,1,HT-05,Sân tập,200,Tập thể thao tự do,CLB_ChuyenNghiep,0,0.671,132,127,0.635,Trung bình,0
BK-00843,2026-03-03,3,3,0,10,4.0,0,HT-02,Hội trường,500,Giao lưu phong trào,TruongHoc_DaiHoc,0,0.549,205,187,0.374,Thấp,0
BK-00844,2026-05-22,5,6,0,13,1.5,0,HT-01,Sân thi đấu chính,3500,Giải thi đấu thể thao,DoanhNghiep_TuNhan,1,0.681,2591,2398,0.6851,Trung bình,0
BK-00845,2026-04-29,4,4,0,7,3.0,0,HT-01,Sân thi đấu chính,3500,Giao lưu phong trào,SoBanNganh_DoanThe,0,0.618,1540,1313,0.3751,Thấp,0
BK-00846,2026-02-04,2,4,0,18,3.0,1,HT-03,Sân cầu lông,800,Tập thể thao tự do,CLB_ChuyenNghiep,1,0.762,449,509,0.6362,Trung bình,0
BK-00847,2026-03-13,3,6,0,8,1.5,1,HT-02,Hội trường,500,Hội nghị / Sự kiện,SoBanNganh_DoanThe,1,0.592,336,293,0.586,Trung bình,0
BK-00848,2026-06-23,6,3,0,8,3.0,1,HT-03,Sân cầu lông,800,Tập thể thao tự do,NhomCaNhan,1,0.851,341,311,0.3887,Thấp,0
BK-00849,2026-06-12,6,6,0,18,1.5,1,HT-05,Sân tập,200,Tập thể thao tự do,TruongHoc_DaiHoc,0,0.643,75,81,0.405,Trung bình,0
BK-00850,2026-03-05,3,5,0,9,2.0,1,HT-03,Sân cầu lông,800,Tập luyện CLB / Đội tuyển,NhomCaNhan,0,0.847,577,523,0.6538,Trung bình,0
BK-00851,2026-02-26,2,5,0,20,2.0,0,HT-01,Sân thi đấu chính,3500,Tập luyện CLB / Đội tuyển,CLB_ChuyenNghiep,1,0.7,1225,1159,0.3311,Thấp,0
BK-00852,2026-06-09,6,3,0,16,3.0,1,HT-02,Hội trường,500,Giao lưu phong trào,SoBanNganh_DoanThe,1,0.575,210,179,0.358,Thấp,0
BK-00853,2026-01-04,1,8,1,9,3.0,1,HT-04,Bể bơi,2100,Tập thể thao tự do,CLB_ChuyenNghiep,0,0.782,1471,1269,0.6043,Trung bình,0
BK-00854,2026-04-16,4,5,0,20,4.0,0,HT-03,Sân cầu lông,800,Tập thể thao tự do,NhomCaNhan,0,0.78,370,377,0.4713,Trung bình,0
BK-00855,2026-01-25,1,8,1,13,3.0,0,HT-05,Sân tập,200,Giao lưu phong trào,TruongHoc_DaiHoc,1,0.676,44,46,0.23,Thấp,0
BK-00856,2026-06-20,6,7,1,7,2.5,0,HT-04,Bể bơi,2100,Tập thể thao tự do,TruongHoc_DaiHoc,0,0.721,646,692,0.3295,Thấp,0
BK-00857,2026-06-30,6,3,0,9,1.5,1,HT-01,Sân thi đấu chính,3500,Tập luyện CLB / Đội tuyển,CLB_ChuyenNghiep,0,0.61,2422,2509,0.7169,Trung bình,0
BK-00858,2026-04-06,4,2,0,10,2.0,0,HT-04,Bể bơi,2100,Tập thể thao tự do,NhomCaNhan,1,0.791,371,381,0.1814,Thấp,0
BK-00859,2026-03-26,3,5,0,10,2.5,0,HT-02,Hội trường,500,Hội nghị / Sự kiện,TruongHoc_DaiHoc,1,0.507,342,367,0.734,Trung bình,0
BK-00860,2026-03-26,3,5,0,9,2.0,1,HT-03,Sân cầu lông,800,Giao lưu phong trào,NhomCaNhan,0,0.855,480,506,0.6325,Trung bình,0
BK-00861,2026-06-05,6,6,0,16,2.5,1,HT-04,Bể bơi,2100,Tập thể thao tự do,NhomCaNhan,0,0.648,886,1006,0.479,Trung bình,0
BK-00862,2026-02-06,2,6,0,8,1.5,1,HT-02,Hội trường,500,Hội nghị / Sự kiện,TruongHoc_DaiHoc,1,0.538,366,366,0.732,Trung bình,0
BK-00863,2026-04-30,4,5,0,8,2.0,1,HT-03,Sân cầu lông,800,Tập luyện CLB / Đội tuyển,CLB_ChuyenNghiep,1,0.842,372,366,0.4575,Trung bình,0
BK-00864,2026-03-11,3,4,0,7,2.5,0,HT-04,Bể bơi,2100,Tập luyện CLB / Đội tuyển,NhomCaNhan,1,0.762,640,685,0.3262,Thấp,0
BK-00865,2026-05-04,5,2,0,20,3.0,0,HT-01,Sân thi đấu chính,3500,Giao lưu phong trào,CLB_ChuyenNghiep,0,0.716,1685,1509,0.4311,Trung bình,0
BK-00866,2026-03-07,3,7,1,15,2.5,1,HT-04,Bể bơi,2100,Tập luyện CLB / Đội tuyển,NhomCaNhan,0,0.715,1501,1337,0.6367,Trung bình,0
BK-00867,2026-02-09,2,2,0,6,1.5,0,HT-02,Hội trường,500,Giao lưu phong trào,DoanhNghiep_TuNhan,0,0.531,144,154,0.308,Thấp,0
BK-00868,2026-03-20,3,6,0,17,1.5,0,HT-06,Sân đa năng,1200,Giao lưu phong trào,CLB_ChuyenNghiep,0,0.492,252,226,0.1883,Thấp,0
BK-00869,2026-03-07,3,7,1,13,4.0,0,HT-06,Sân đa năng,1200,Tập luyện CLB / Đội tuyển,SoBanNganh_DoanThe,0,0.438,305,294,0.245,Thấp,0
BK-00870,2026-03-05,3,5,0,15,1.5,1,HT-02,Hội trường,500,Giao lưu phong trào,TruongHoc_DaiHoc,0,0.567,211,188,0.376,Thấp,0
BK-00871,2026-06-24,6,4,0,10,2.0,0,HT-02,Hội trường,500,Hội nghị / Sự kiện,SoBanNganh_DoanThe,1,0.583,277,267,0.534,Trung bình,0
BK-00872,2026-01-21,1,4,0,9,3.0,1,HT-05,Sân tập,200,Tập luyện CLB / Đội tuyển,CLB_ChuyenNghiep,0,0.581,110,115,0.575,Trung bình,0
BK-00873,2026-03-20,3,6,0,14,1.5,0,HT-06,Sân đa năng,1200,Giải thi đấu thể thao,DoanhNghiep_TuNhan,1,0.404,1134,1055,0.8792,Cao,0
BK-00874,2026-04-12,4,8,1,10,1.5,0,HT-06,Sân đa năng,1200,Giải thi đấu thể thao,SoBanNganh_DoanThe,1,0.475,836,842,0.7017,Trung bình,0
BK-00875,2026-04-21,4,3,0,8,2.5,1,HT-02,Hội trường,500,Hội nghị / Sự kiện,TruongHoc_DaiHoc,1,0.561,335,295,0.59,Trung bình,0
BK-00876,2026-02-24,2,3,0,9,1.5,1,HT-02,Hội trường,500,Hội nghị / Sự kiện,SoBanNganh_DoanThe,1,0.57,400,415,0.83,Cao,0
BK-00877,2026-06-12,6,6,0,7,2.5,0,HT-02,Hội trường,500,Hội nghị / Sự kiện,DoanhNghiep_TuNhan,1,0.548,236,217,0.434,Trung bình,0
BK-00878,2026-01-26,1,2,0,6,2.5,0,HT-01,Sân thi đấu chính,3500,Giải thi đấu thể thao,DoanhNghiep_TuNhan,1,0.601,3044,3064,0.8754,Cao,0
BK-00879,2026-06-04,6,5,0,20,2.5,0,HT-05,Sân tập,200,Tập thể thao tự do,CLB_ChuyenNghiep,0,0.575,69,72,0.36,Thấp,0
BK-00880,2026-03-22,3,8,1,13,3.0,0,HT-02,Hội trường,500,Giao lưu phong trào,TruongHoc_DaiHoc,1,0.543,132,116,0.232,Thấp,0
BK-00881,2026-06-28,6,8,1,19,2.0,1,HT-04,Bể bơi,2100,Tập thể thao tự do,TruongHoc_DaiHoc,1,0.68,1738,1869,0.89,Cao,0
BK-00882,2026-04-26,4,8,1,18,3.0,1,HT-05,Sân tập,200,Giao lưu phong trào,CLB_ChuyenNghiep,0,0.572,123,139,0.695,Trung bình,0
BK-00883,2026-06-12,6,6,0,6,2.5,0,HT-03,Sân cầu lông,800,Giao lưu phong trào,CLB_ChuyenNghiep,1,0.796,267,290,0.3625,Thấp,0
BK-00884,2026-05-02,5,7,1,19,1.5,1,HT-06,Sân đa năng,1200,Tập luyện CLB / Đội tuyển,SoBanNganh_DoanThe,0,0.462,733,737,0.6142,Trung bình,0
BK-00885,2026-05-10,5,8,1,8,3.0,1,HT-01,Sân thi đấu chính,3500,Giải thi đấu thể thao,SoBanNganh_DoanThe,1,0.743,3644,3607,1.0306,Quá tải,1
BK-00886,2026-01-30,1,6,0,18,4.0,1,HT-04,Bể bơi,2100,Tập thể thao tự do,CLB_ChuyenNghiep,1,0.71,1438,1260,0.6,Trung bình,0
BK-00887,2026-01-08,1,5,0,13,3.0,0,HT-02,Hội trường,500,Giao lưu phong trào,SoBanNganh_DoanThe,0,0.576,208,218,0.436,Trung bình,0
BK-00888,2026-05-17,5,8,1,19,3.0,1,HT-06,Sân đa năng,1200,Giải thi đấu thể thao,DoanhNghiep_TuNhan,1,0.38,873,984,0.82,Cao,0
BK-00889,2026-03-29,3,8,1,19,3.0,1,HT-04,Bể bơi,2100,Giải thi đấu thể thao,TruongHoc_DaiHoc,1,0.681,1948,1792,0.8533,Cao,0
BK-00890,2026-03-16,3,2,0,7,1.5,0,HT-01,Sân thi đấu chính,3500,Giao lưu phong trào,DoanhNghiep_TuNhan,0,0.62,822,839,0.2397,Thấp,0
BK-00891,2026-03-22,3,8,1,17,1.5,0,HT-04,Bể bơi,2100,Tập luyện CLB / Đội tuyển,CLB_ChuyenNghiep,0,0.763,444,433,0.2062,Thấp,0
BK-00892,2026-06-23,6,3,0,16,4.0,1,HT-02,Hội trường,500,Hội nghị / Sự kiện,SoBanNganh_DoanThe,1,0.621,341,304,0.608,Trung bình,0
BK-00893,2026-02-26,2,5,0,18,3.0,1,HT-04,Bể bơi,2100,Tập thể thao tự do,TruongHoc_DaiHoc,0,0.645,1486,1632,0.7771,Cao,0
BK-00894,2026-03-23,3,2,0,16,1.5,1,HT-03,Sân cầu lông,800,Tập thể thao tự do,TruongHoc_DaiHoc,0,0.895,468,438,0.5475,Trung bình,0
BK-00895,2026-01-16,1,6,0,8,2.0,1,HT-03,Sân cầu lông,800,Giao lưu phong trào,NhomCaNhan,0,0.818,359,324,0.405,Trung bình,0
BK-00896,2026-04-11,4,7,1,18,2.0,1,HT-03,Sân cầu lông,800,Tập luyện CLB / Đội tuyển,TruongHoc_DaiHoc,0,0.803,578,551,0.6887,Trung bình,0
BK-00897,2026-01-19,1,2,0,19,2.5,1,HT-05,Sân tập,200,Tập thể thao tự do,TruongHoc_DaiHoc,0,0.572,130,114,0.57,Trung bình,0
BK-00898,2026-05-29,5,6,0,19,2.5,1,HT-01,Sân thi đấu chính,3500,Giao lưu phong trào,DoanhNghiep_TuNhan,1,0.623,1629,1526,0.436,Trung bình,0
BK-00899,2026-02-25,2,4,0,9,1.5,1,HT-06,Sân đa năng,1200,Giao lưu phong trào,DoanhNghiep_TuNhan,0,0.43,552,611,0.5092,Trung bình,0
BK-00900,2026-04-20,4,2,0,8,1.5,1,HT-06,Sân đa năng,1200,Giải thi đấu thể thao,SoBanNganh_DoanThe,0,0.474,769,879,0.7325,Trung bình,0
BK-00901,2026-06-01,6,2,0,8,3.0,1,HT-04,Bể bơi,2100,Tập thể thao tự do,CLB_ChuyenNghiep,1,0.668,1086,1117,0.5319,Trung bình,0
BK-00902,2026-04-07,4,3,0,20,1.5,0,HT-06,Sân đa năng,1200,Giao lưu phong trào,DoanhNghiep_TuNhan,0,0.389,440,375,0.3125,Thấp,0
BK-00903,2026-02-01,2,8,1,18,4.0,1,HT-04,Bể bơi,2100,Tập thể thao tự do,CLB_ChuyenNghiep,0,0.655,1874,1982,0.9438,Cao,1
BK-00904,2026-06-01,6,2,0,14,3.0,0,HT-02,Hội trường,500,Giao lưu phong trào,DoanhNghiep_TuNhan,0,0.597,84,94,0.188,Thấp,0
BK-00905,2026-02-17,2,3,0,19,1.5,1,HT-04,Bể bơi,2100,Tập luyện CLB / Đội tuyển,TruongHoc_DaiHoc,0,0.774,1424,1237,0.589,Trung bình,0
BK-00906,2026-05-18,5,2,0,20,1.5,0,HT-06,Sân đa năng,1200,Giải thi đấu thể thao,DoanhNghiep_TuNhan,0,0.459,861,778,0.6483,Trung bình,0
BK-00907,2026-03-22,3,8,1,6,2.0,0,HT-01,Sân thi đấu chính,3500,Tập luyện CLB / Đội tuyển,CLB_ChuyenNghiep,0,0.614,601,646,0.1846,Thấp,0
BK-00908,2026-02-01,2,8,1,10,2.5,0,HT-05,Sân tập,200,Giao lưu phong trào,NhomCaNhan,0,0.671,86,80,0.4,Trung bình,0
BK-00909,2026-05-13,5,4,0,18,4.0,1,HT-03,Sân cầu lông,800,Tập thể thao tự do,NhomCaNhan,0,0.796,516,591,0.7388,Trung bình,0
BK-00910,2026-05-18,5,2,0,9,1.5,1,HT-05,Sân tập,200,Giao lưu phong trào,NhomCaNhan,1,0.673,89,97,0.485,Trung bình,0
BK-00911,2026-06-04,6,5,0,9,4.0,1,HT-05,Sân tập,200,Tập thể thao tự do,CLB_ChuyenNghiep,1,0.581,113,104,0.52,Trung bình,0
BK-00912,2026-02-11,2,4,0,15,1.5,1,HT-04,Bể bơi,2100,Tập luyện CLB / Đội tuyển,TruongHoc_DaiHoc,0,0.757,1360,1184,0.5638,Trung bình,0
BK-00913,2026-06-12,6,6,0,18,2.0,1,HT-06,Sân đa năng,1200,Tập luyện CLB / Đội tuyển,SoBanNganh_DoanThe,0,0.501,753,677,0.5642,Trung bình,0
BK-00914,2026-03-22,3,8,1,14,1.5,0,HT-04,Bể bơi,2100,Giải thi đấu thể thao,CLB_ChuyenNghiep,1,0.651,1330,1349,0.6424,Trung bình,0
BK-00915,2026-06-13,6,7,1,13,2.5,0,HT-01,Sân thi đấu chính,3500,Giao lưu phong trào,CLB_ChuyenNghiep,0,0.755,722,695,0.1986,Thấp,0
BK-00916,2026-04-07,4,3,0,20,1.5,0,HT-01,Sân thi đấu chính,3500,Giải thi đấu thể thao,DoanhNghiep_TuNhan,1,0.685,2763,2754,0.7869,Cao,0
BK-00917,2026-06-29,6,2,0,10,4.0,0,HT-05,Sân tập,200,Tập thể thao tự do,TruongHoc_DaiHoc,1,0.549,32,34,0.17,Thấp,0
BK-00918,2026-06-23,6,3,0,16,4.0,1,HT-05,Sân tập,200,Tập thể thao tự do,CLB_ChuyenNghiep,0,0.625,101,107,0.535,Trung bình,0
BK-00919,2026-02-06,2,6,0,17,2.5,0,HT-04,Bể bơi,2100,Tập thể thao tự do,TruongHoc_DaiHoc,0,0.707,619,652,0.3105,Thấp,0
BK-00920,2026-04-28,4,3,0,15,2.5,1,HT-02,Hội trường,500,Giao lưu phong trào,TruongHoc_DaiHoc,0,0.618,368,392,0.784,Cao,0
BK-00921,2026-02-28,2,7,1,18,1.5,1,HT-03,Sân cầu lông,800,Tập thể thao tự do,CLB_ChuyenNghiep,0,0.778,701,611,0.7638,Cao,0
BK-00922,2026-01-24,1,7,1,17,1.5,0,HT-02,Hội trường,500,Hội nghị / Sự kiện,TruongHoc_DaiHoc,1,0.622,438,373,0.746,Trung bình,0
BK-00923,2026-06-23,6,3,0,19,2.0,1,HT-05,Sân tập,200,Tập thể thao tự do,CLB_ChuyenNghiep,0,0.585,161,170,0.85,Cao,0
BK-00924,2026-06-07,6,8,1,19,1.5,1,HT-02,Hội trường,500,Giao lưu phong trào,TruongHoc_DaiHoc,0,0.617,386,404,0.808,Cao,0
BK-00925,2026-05-16,5,7,1,17,1.5,0,HT-06,Sân đa năng,1200,Tập luyện CLB / Đội tuyển,SoBanNganh_DoanThe,0,0.406,498,501,0.4175,Trung bình,0
BK-00926,2026-01-20,1,3,0,8,4.0,1,HT-03,Sân cầu lông,800,Tập thể thao tự do,NhomCaNhan,0,0.886,415,366,0.4575,Trung bình,0
BK-00927,2026-03-05,3,5,0,20,1.5,0,HT-05,Sân tập,200,Tập thể thao tự do,CLB_ChuyenNghiep,0,0.583,43,44,0.22,Thấp,0
BK-00928,2026-03-20,3,6,0,16,1.5,1,HT-06,Sân đa năng,1200,Giao lưu phong trào,DoanhNghiep_TuNhan,0,0.418,454,448,0.3733,Thấp,0
BK-00929,2026-01-28,1,4,0,13,2.0,0,HT-01,Sân thi đấu chính,3500,Giao lưu phong trào,SoBanNganh_DoanThe,1,0.744,989,997,0.2849,Thấp,0
BK-00930,2026-04-16,4,5,0,15,1.5,1,HT-01,Sân thi đấu chính,3500,Giải thi đấu thể thao,DoanhNghiep_TuNhan,1,0.743,2699,2589,0.7397,Trung bình,0
BK-00931,2026-05-18,5,2,0,7,3.0,0,HT-03,Sân cầu lông,800,Giao lưu phong trào,CLB_ChuyenNghiep,1,0.879,216,206,0.2575,Thấp,0
BK-00932,2026-02-20,2,6,0,9,2.5,1,HT-01,Sân thi đấu chính,3500,Giải thi đấu thể thao,CLB_ChuyenNghiep,1,0.632,3301,2964,0.8469,Cao,0
BK-00933,2026-05-03,5,8,1,10,1.5,0,HT-06,Sân đa năng,1200,Giao lưu phong trào,SoBanNganh_DoanThe,0,0.492,538,509,0.4242,Trung bình,0
BK-00934,2026-04-13,4,2,0,19,3.0,1,HT-05,Sân tập,200,Tập luyện CLB / Đội tuyển,NhomCaNhan,0,0.522,125,119,0.595,Trung bình,0
BK-00935,2026-06-25,6,5,0,6,2.5,0,HT-02,Hội trường,500,Giao lưu phong trào,TruongHoc_DaiHoc,0,0.592,144,143,0.286,Thấp,0
BK-00936,2026-03-05,3,5,0,8,4.0,1,HT-05,Sân tập,200,Tập luyện CLB / Đội tuyển,NhomCaNhan,0,0.627,83,88,0.44,Trung bình,0
BK-00937,2026-04-20,4,2,0,15,1.5,1,HT-02,Hội trường,500,Hội nghị / Sự kiện,SoBanNganh_DoanThe,0,0.491,362,332,0.664,Trung bình,0
BK-00938,2026-01-10,1,7,1,9,2.0,1,HT-03,Sân cầu lông,800,Tập thể thao tự do,NhomCaNhan,0,0.789,456,443,0.5537,Trung bình,0
BK-00939,2026-06-12,6,6,0,9,2.5,1,HT-02,Hội trường,500,Giao lưu phong trào,DoanhNghiep_TuNhan,1,0.528,250,220,0.44,Trung bình,0
BK-00940,2026-03-31,3,3,0,14,2.0,0,HT-06,Sân đa năng,1200,Giao lưu phong trào,CLB_ChuyenNghiep,1,0.416,186,176,0.1467,Thấp,0
BK-00941,2026-03-13,3,6,0,7,3.0,0,HT-05,Sân tập,200,Tập luyện CLB / Đội tuyển,CLB_ChuyenNghiep,0,0.522,53,46,0.23,Thấp,0
BK-00942,2026-05-22,5,6,0,13,2.5,0,HT-02,Hội trường,500,Giao lưu phong trào,TruongHoc_DaiHoc,0,0.504,163,170,0.34,Thấp,0
BK-00943,2026-04-09,4,5,0,7,2.0,0,HT-01,Sân thi đấu chính,3500,Tập luyện CLB / Đội tuyển,DoanhNghiep_TuNhan,0,0.731,629,701,0.2003,Thấp,0
BK-00944,2026-02-19,2,5,0,15,1.5,1,HT-06,Sân đa năng,1200,Giải thi đấu thể thao,DoanhNghiep_TuNhan,1,0.455,883,952,0.7933,Cao,0
BK-00945,2026-02-09,2,2,0,8,2.0,1,HT-01,Sân thi đấu chính,3500,Giao lưu phong trào,DoanhNghiep_TuNhan,0,0.69,2621,2893,0.8266,Cao,0
BK-00946,2026-03-30,3,2,0,15,1.5,1,HT-03,Sân cầu lông,800,Tập thể thao tự do,NhomCaNhan,0,0.767,508,552,0.69,Trung bình,0
BK-00947,2026-03-12,3,5,0,8,2.5,1,HT-06,Sân đa năng,1200,Giải thi đấu thể thao,DoanhNghiep_TuNhan,1,0.449,1060,1160,0.9667,Cao,1
BK-00948,2026-05-17,5,8,1,7,2.0,0,HT-05,Sân tập,200,Tập thể thao tự do,TruongHoc_DaiHoc,0,0.549,82,76,0.38,Thấp,0
BK-00949,2026-02-10,2,3,0,9,4.0,1,HT-05,Sân tập,200,Giao lưu phong trào,NhomCaNhan,0,0.604,134,142,0.71,Trung bình,0
BK-00950,2026-03-19,3,5,0,10,2.5,0,HT-02,Hội trường,500,Hội nghị / Sự kiện,SoBanNganh_DoanThe,1,0.621,329,342,0.684,Trung bình,0
BK-00951,2026-03-13,3,6,0,10,1.5,0,HT-02,Hội trường,500,Hội nghị / Sự kiện,SoBanNganh_DoanThe,1,0.529,242,249,0.498,Trung bình,0
BK-00952,2026-01-22,1,5,0,16,2.5,1,HT-06,Sân đa năng,1200,Tập luyện CLB / Đội tuyển,CLB_ChuyenNghiep,0,0.501,710,615,0.5125,Trung bình,0
BK-00953,2026-04-02,4,5,0,19,2.5,1,HT-02,Hội trường,500,Hội nghị / Sự kiện,DoanhNghiep_TuNhan,0,0.595,376,407,0.814,Cao,0
BK-00954,2026-01-28,1,4,0,19,3.0,1,HT-06,Sân đa năng,1200,Tập luyện CLB / Đội tuyển,SoBanNganh_DoanThe,0,0.405,754,825,0.6875,Trung bình,0
BK-00955,2026-03-10,3,3,0,17,3.0,0,HT-02,Hội trường,500,Hội nghị / Sự kiện,DoanhNghiep_TuNhan,1,0.485,367,411,0.822,Cao,0
BK-00956,2026-02-16,2,2,0,8,2.0,1,HT-04,Bể bơi,2100,Tập thể thao tự do,TruongHoc_DaiHoc,0,0.666,1416,1212,0.5771,Trung bình,0
BK-00957,2026-02-15,2,8,1,18,4.0,1,HT-04,Bể bơi,2100,Tập thể thao tự do,CLB_ChuyenNghiep,1,0.704,1514,1579,0.7519,Cao,0
BK-00958,2026-05-15,5,6,0,19,1.5,1,HT-02,Hội trường,500,Hội nghị / Sự kiện,DoanhNghiep_TuNhan,1,0.62,243,267,0.534,Trung bình,0
BK-00959,2026-02-03,2,3,0,20,1.5,0,HT-02,Hội trường,500,Giao lưu phong trào,SoBanNganh_DoanThe,0,0.597,190,162,0.324,Thấp,0
BK-00960,2026-05-19,5,3,0,13,1.5,0,HT-06,Sân đa năng,1200,Giải thi đấu thể thao,CLB_ChuyenNghiep,1,0.423,971,872,0.7267,Trung bình,0
BK-00961,2026-02-09,2,2,0,6,4.0,0,HT-02,Hội trường,500,Giao lưu phong trào,TruongHoc_DaiHoc,0,0.486,71,71,0.142,Thấp,0
BK-00962,2026-04-17,4,6,0,6,2.0,0,HT-02,Hội trường,500,Hội nghị / Sự kiện,SoBanNganh_DoanThe,1,0.611,284,260,0.52,Trung bình,0
BK-00963,2026-04-09,4,5,0,19,1.5,1,HT-06,Sân đa năng,1200,Giao lưu phong trào,CLB_ChuyenNghiep,0,0.382,626,585,0.4875,Trung bình,0
BK-00964,2026-03-27,3,6,0,13,1.5,0,HT-01,Sân thi đấu chính,3500,Giải thi đấu thể thao,DoanhNghiep_TuNhan,1,0.668,2635,2383,0.6809,Trung bình,0
BK-00965,2026-06-20,6,7,1,10,4.0,0,HT-06,Sân đa năng,1200,Giao lưu phong trào,SoBanNganh_DoanThe,0,0.412,293,281,0.2342,Thấp,0
BK-00966,2026-01-20,1,3,0,8,2.0,1,HT-01,Sân thi đấu chính,3500,Giao lưu phong trào,CLB_ChuyenNghiep,0,0.611,2414,2398,0.6851,Trung bình,0
BK-00967,2026-05-28,5,5,0,19,2.5,1,HT-04,Bể bơi,2100,Tập thể thao tự do,CLB_ChuyenNghiep,0,0.719,983,939,0.4471,Trung bình,0
BK-00968,2026-05-04,5,2,0,14,4.0,0,HT-06,Sân đa năng,1200,Tập luyện CLB / Đội tuyển,SoBanNganh_DoanThe,1,0.458,625,603,0.5025,Trung bình,0
BK-00969,2026-05-18,5,2,0,15,4.0,1,HT-05,Sân tập,200,Giao lưu phong trào,NhomCaNhan,0,0.631,118,120,0.6,Trung bình,0
BK-00970,2026-02-26,2,5,0,7,2.0,0,HT-06,Sân đa năng,1200,Giao lưu phong trào,CLB_ChuyenNghiep,1,0.391,522,517,0.4308,Trung bình,0
BK-00971,2026-01-29,1,5,0,13,2.5,0,HT-01,Sân thi đấu chính,3500,Giải thi đấu thể thao,SoBanNganh_DoanThe,1,0.667,3184,3596,1.0274,Quá tải,1
BK-00972,2026-02-23,2,2,0,6,2.0,0,HT-02,Hội trường,500,Hội nghị / Sự kiện,TruongHoc_DaiHoc,1,0.529,286,325,0.65,Trung bình,0
BK-00973,2026-06-29,6,2,0,18,4.0,1,HT-01,Sân thi đấu chính,3500,Giải thi đấu thể thao,SoBanNganh_DoanThe,1,0.613,2889,2772,0.792,Cao,0
BK-00974,2026-01-20,1,3,0,17,3.0,0,HT-01,Sân thi đấu chính,3500,Giải thi đấu thể thao,CLB_ChuyenNghiep,1,0.675,2435,2762,0.7891,Cao,0
BK-00975,2026-03-28,3,7,1,20,1.5,0,HT-04,Bể bơi,2100,Tập luyện CLB / Đội tuyển,CLB_ChuyenNghiep,1,0.721,872,937,0.4462,Trung bình,0
BK-00976,2026-01-03,1,7,1,14,3.0,0,HT-04,Bể bơi,2100,Giải thi đấu thể thao,TruongHoc_DaiHoc,1,0.708,1944,2066,0.9838,Cao,1
BK-00977,2026-02-10,2,3,0,7,4.0,0,HT-03,Sân cầu lông,800,Tập thể thao tự do,NhomCaNhan,0,0.872,211,204,0.255,Thấp,0
BK-00978,2026-05-24,5,8,1,7,3.0,0,HT-05,Sân tập,200,Tập thể thao tự do,CLB_ChuyenNghiep,0,0.579,56,48,0.24,Thấp,0
BK-00979,2026-04-19,4,8,1,10,1.5,0,HT-02,Hội trường,500,Hội nghị / Sự kiện,SoBanNganh_DoanThe,1,0.496,373,343,0.686,Trung bình,0
BK-00980,2026-01-28,1,4,0,9,4.0,1,HT-01,Sân thi đấu chính,3500,Giải thi đấu thể thao,SoBanNganh_DoanThe,1,0.614,2700,2489,0.7111,Trung bình,0
BK-00981,2026-05-26,5,3,0,6,4.0,0,HT-05,Sân tập,200,Tập thể thao tự do,NhomCaNhan,1,0.64,35,40,0.2,Thấp,0
BK-00982,2026-04-12,4,8,1,9,2.5,1,HT-05,Sân tập,200,Tập thể thao tự do,TruongHoc_DaiHoc,0,0.663,132,125,0.625,Trung bình,0
BK-00983,2026-05-09,5,7,1,16,2.0,1,HT-01,Sân thi đấu chính,3500,Giải thi đấu thể thao,DoanhNghiep_TuNhan,1,0.626,2980,2566,0.7331,Trung bình,0
BK-00984,2026-06-24,6,4,0,7,1.5,0,HT-04,Bể bơi,2100,Giải thi đấu thể thao,CLB_ChuyenNghiep,0,0.666,1931,2086,0.9933,Cao,1
BK-00985,2026-05-09,5,7,1,19,4.0,1,HT-05,Sân tập,200,Giao lưu phong trào,TruongHoc_DaiHoc,0,0.578,148,140,0.7,Trung bình,0
BK-00986,2026-04-21,4,3,0,19,3.0,1,HT-01,Sân thi đấu chính,3500,Giải thi đấu thể thao,CLB_ChuyenNghiep,0,0.759,3178,3241,0.926,Cao,1
BK-00987,2026-01-25,1,8,1,8,2.5,1,HT-01,Sân thi đấu chính,3500,Tập luyện CLB / Đội tuyển,CLB_ChuyenNghiep,0,0.611,2407,2259,0.6454,Trung bình,0
BK-00988,2026-05-28,5,5,0,13,1.5,0,HT-03,Sân cầu lông,800,Tập luyện CLB / Đội tuyển,NhomCaNhan,0,0.862,273,312,0.39,Thấp,0
BK-00989,2026-04-24,4,6,0,8,1.5,1,HT-06,Sân đa năng,1200,Tập luyện CLB / Đội tuyển,SoBanNganh_DoanThe,1,0.517,824,912,0.76,Cao,0
BK-00990,2026-02-03,2,3,0,13,4.0,0,HT-04,Bể bơi,2100,Giải thi đấu thể thao,NhomCaNhan,1,0.78,1796,1668,0.7943,Cao,0
BK-00991,2026-06-24,6,4,0,17,1.5,0,HT-01,Sân thi đấu chính,3500,Tập luyện CLB / Đội tuyển,CLB_ChuyenNghiep,0,0.66,1128,994,0.284,Thấp,0
BK-00992,2026-05-26,5,3,0,7,2.0,0,HT-04,Bể bơi,2100,Tập luyện CLB / Đội tuyển,NhomCaNhan,0,0.771,567,572,0.2724,Thấp,0
BK-00993,2026-01-28,1,4,0,8,1.5,1,HT-01,Sân thi đấu chính,3500,Giao lưu phong trào,SoBanNganh_DoanThe,1,0.678,1736,1994,0.5697,Trung bình,0
BK-00994,2026-06-29,6,2,0,15,1.5,1,HT-06,Sân đa năng,1200,Giao lưu phong trào,SoBanNganh_DoanThe,1,0.421,542,564,0.47,Trung bình,0
BK-00995,2026-01-09,1,6,0,20,3.0,0,HT-05,Sân tập,200,Tập luyện CLB / Đội tuyển,CLB_ChuyenNghiep,0,0.524,92,84,0.42,Trung bình,0
BK-00996,2026-06-25,6,5,0,10,2.5,0,HT-04,Bể bơi,2100,Giải thi đấu thể thao,CLB_ChuyenNghiep,1,0.754,1381,1297,0.6176,Trung bình,0
BK-00997,2026-04-18,4,7,1,9,2.5,1,HT-05,Sân tập,200,Tập luyện CLB / Đội tuyển,NhomCaNhan,1,0.546,168,180,0.9,Cao,1
BK-00998,2026-03-31,3,3,0,15,3.0,1,HT-04,Bể bơi,2100,Giải thi đấu thể thao,TruongHoc_DaiHoc,1,0.731,1948,2189,1.0424,Quá tải,1
BK-00999,2026-01-03,1,7,1,20,4.0,0,HT-05,Sân tập,200,Tập luyện CLB / Đội tuyển,NhomCaNhan,0,0.652,65,68,0.34,Thấp,0
BK-01000,2026-03-23,3,2,0,8,3.0,1,HT-01,Sân thi đấu chính,3500,Giải thi đấu thể thao,SoBanNganh_DoanThe,0,0.683,2619,2545,0.7271,Trung bình,0
BK-01001,2026-01-01,1,5,0,8,3.0,1,HT-04,Bể bơi,2100,Giải thi đấu thể thao,TruongHoc_DaiHoc,1,0.727,1646,1606,0.7648,Cao,0
BK-01002,2026-02-12,2,5,0,14,2.0,0,HT-05,Sân tập,200,Tập thể thao tự do,NhomCaNhan,0,0.65,99,84,0.42,Trung bình,0
BK-01003,2026-01-05,1,2,0,10,4.0,0,HT-03,Sân cầu lông,800,Tập luyện CLB / Đội tuyển,TruongHoc_DaiHoc,0,0.873,392,374,0.4675,Trung bình,0
BK-01004,2026-04-20,4,2,0,20,2.5,0,HT-05,Sân tập,200,Tập luyện CLB / Đội tuyển,NhomCaNhan,0,0.59,56,50,0.25,Thấp,0
BK-01005,2026-03-14,3,7,1,19,3.0,1,HT-06,Sân đa năng,1200,Tập luyện CLB / Đội tuyển,SoBanNganh_DoanThe,0,0.384,1143,1005,0.8375,Cao,0
BK-01006,2026-01-27,1,3,0,18,1.5,1,HT-01,Sân thi đấu chính,3500,Tập luyện CLB / Đội tuyển,SoBanNganh_DoanThe,1,0.701,2376,2407,0.6877,Trung bình,0
BK-01007,2026-05-09,5,7,1,20,1.5,0,HT-05,Sân tập,200,Giao lưu phong trào,CLB_ChuyenNghiep,0,0.538,47,47,0.235,Thấp,0
BK-01008,2026-05-01,5,6,0,13,3.0,0,HT-01,Sân thi đấu chính,3500,Giao lưu phong trào,DoanhNghiep_TuNhan,0,0.636,1291,1242,0.3549,Thấp,0
BK-01009,2026-03-14,3,7,1,18,2.5,1,HT-03,Sân cầu lông,800,Tập thể thao tự do,CLB_ChuyenNghiep,0,0.744,520,447,0.5587,Trung bình,0
BK-01010,2026-04-06,4,2,0,19,4.0,1,HT-05,Sân tập,200,Tập thể thao tự do,CLB_ChuyenNghiep,1,0.583,118,119,0.595,Trung bình,0
BK-01011,2026-06-07,6,8,1,14,1.5,0,HT-06,Sân đa năng,1200,Tập luyện CLB / Đội tuyển,SoBanNganh_DoanThe,1,0.515,489,441,0.3675,Thấp,0
BK-01012,2026-05-13,5,4,0,14,2.0,0,HT-02,Hội trường,500,Hội nghị / Sự kiện,TruongHoc_DaiHoc,1,0.605,347,376,0.752,Cao,0
BK-01013,2026-06-10,6,4,0,16,2.0,1,HT-03,Sân cầu lông,800,Tập thể thao tự do,NhomCaNhan,1,0.764,295,318,0.3975,Thấp,0
BK-01014,2026-06-08,6,2,0,16,1.5,1,HT-06,Sân đa năng,1200,Tập luyện CLB / Đội tuyển,SoBanNganh_DoanThe,1,0.494,864,898,0.7483,Trung bình,0
BK-01015,2026-02-17,2,3,0,18,2.0,1,HT-02,Hội trường,500,Giao lưu phong trào,SoBanNganh_DoanThe,0,0.593,256,277,0.554,Trung bình,0
BK-01016,2026-06-18,6,5,0,10,1.5,0,HT-01,Sân thi đấu chính,3500,Giải thi đấu thể thao,DoanhNghiep_TuNhan,1,0.748,3551,3136,0.896,Cao,0
BK-01017,2026-02-01,2,8,1,8,2.5,1,HT-01,Sân thi đấu chính,3500,Giao lưu phong trào,CLB_ChuyenNghiep,1,0.663,2546,2804,0.8011,Cao,0
BK-01018,2026-05-06,5,4,0,14,1.5,0,HT-01,Sân thi đấu chính,3500,Giao lưu phong trào,DoanhNghiep_TuNhan,1,0.745,1332,1257,0.3591,Thấp,0
BK-01019,2026-02-11,2,4,0,10,1.5,0,HT-02,Hội trường,500,Hội nghị / Sự kiện,TruongHoc_DaiHoc,1,0.629,322,367,0.734,Trung bình,0
BK-01020,2026-05-04,5,2,0,17,4.0,0,HT-05,Sân tập,200,Tập luyện CLB / Đội tuyển,NhomCaNhan,0,0.606,44,45,0.225,Thấp,0
BK-01021,2026-05-13,5,4,0,20,2.0,0,HT-05,Sân tập,200,Tập luyện CLB / Đội tuyển,CLB_ChuyenNghiep,1,0.636,43,39,0.195,Thấp,0
BK-01022,2026-02-02,2,2,0,10,3.0,0,HT-03,Sân cầu lông,800,Tập luyện CLB / Đội tuyển,NhomCaNhan,0,0.819,263,282,0.3525,Thấp,0
BK-01023,2026-05-12,5,3,0,9,2.5,1,HT-04,Bể bơi,2100,Tập thể thao tự do,CLB_ChuyenNghiep,0,0.733,1426,1380,0.6571,Trung bình,0
BK-01024,2026-05-31,5,8,1,8,2.0,1,HT-03,Sân cầu lông,800,Giao lưu phong trào,CLB_ChuyenNghiep,0,0.791,598,557,0.6963,Trung bình,0
BK-01025,2026-01-28,1,4,0,14,3.0,0,HT-05,Sân tập,200,Tập luyện CLB / Đội tuyển,TruongHoc_DaiHoc,0,0.662,98,96,0.48,Trung bình,0
BK-01026,2026-05-11,5,2,0,17,3.0,0,HT-03,Sân cầu lông,800,Tập thể thao tự do,TruongHoc_DaiHoc,0,0.745,328,313,0.3912,Thấp,0
BK-01027,2026-02-16,2,2,0,14,2.0,0,HT-03,Sân cầu lông,800,Tập thể thao tự do,NhomCaNhan,1,0.76,296,320,0.4,Trung bình,0
BK-01028,2026-03-23,3,2,0,6,2.5,0,HT-06,Sân đa năng,1200,Giải thi đấu thể thao,SoBanNganh_DoanThe,1,0.415,847,736,0.6133,Trung bình,0
BK-01029,2026-02-24,2,3,0,9,1.5,1,HT-05,Sân tập,200,Giao lưu phong trào,CLB_ChuyenNghiep,0,0.612,155,162,0.81,Cao,0
BK-01030,2026-06-15,6,2,0,18,3.0,1,HT-04,Bể bơi,2100,Tập luyện CLB / Đội tuyển,NhomCaNhan,1,0.684,875,756,0.36,Thấp,0
BK-01031,2026-01-31,1,7,1,15,2.0,1,HT-01,Sân thi đấu chính,3500,Tập luyện CLB / Đội tuyển,SoBanNganh_DoanThe,0,0.725,2123,1815,0.5186,Trung bình,0
BK-01032,2026-05-28,5,5,0,15,2.5,1,HT-01,Sân thi đấu chính,3500,Giải thi đấu thể thao,SoBanNganh_DoanThe,1,0.603,2850,2710,0.7743,Cao,0
BK-01033,2026-05-01,5,6,0,20,3.0,0,HT-01,Sân thi đấu chính,3500,Tập luyện CLB / Đội tuyển,SoBanNganh_DoanThe,0,0.65,1419,1443,0.4123,Trung bình,0
BK-01034,2026-06-06,6,7,1,14,2.5,0,HT-01,Sân thi đấu chính,3500,Tập luyện CLB / Đội tuyển,SoBanNganh_DoanThe,0,0.75,1417,1562,0.4463,Trung bình,0
BK-01035,2026-01-27,1,3,0,9,1.5,1,HT-01,Sân thi đấu chính,3500,Giải thi đấu thể thao,CLB_ChuyenNghiep,1,0.627,2712,2659,0.7597,Cao,0
BK-01036,2026-02-18,2,4,0,20,2.5,0,HT-06,Sân đa năng,1200,Tập luyện CLB / Đội tuyển,CLB_ChuyenNghiep,0,0.388,518,562,0.4683,Trung bình,0
BK-01037,2026-03-19,3,5,0,10,2.5,0,HT-01,Sân thi đấu chính,3500,Tập luyện CLB / Đội tuyển,DoanhNghiep_TuNhan,0,0.693,1029,1160,0.3314,Thấp,0
BK-01038,2026-01-31,1,7,1,13,2.0,0,HT-02,Hội trường,500,Giao lưu phong trào,TruongHoc_DaiHoc,0,0.576,96,98,0.196,Thấp,0
BK-01039,2026-03-13,3,6,0,20,3.0,0,HT-03,Sân cầu lông,800,Tập luyện CLB / Đội tuyển,NhomCaNhan,0,0.88,186,189,0.2362,Thấp,0
BK-01040,2026-06-18,6,5,0,19,2.0,1,HT-06,Sân đa năng,1200,Tập luyện CLB / Đội tuyển,CLB_ChuyenNghiep,1,0.445,648,681,0.5675,Trung bình,0
BK-01041,2026-04-09,4,5,0,15,1.5,1,HT-02,Hội trường,500,Giao lưu phong trào,SoBanNganh_DoanThe,0,0.621,334,315,0.63,Trung bình,0
BK-01042,2026-04-27,4,2,0,8,4.0,1,HT-06,Sân đa năng,1200,Giải thi đấu thể thao,CLB_ChuyenNghiep,1,0.452,997,1107,0.9225,Cao,1
BK-01043,2026-04-13,4,2,0,7,2.5,0,HT-02,Hội trường,500,Giao lưu phong trào,SoBanNganh_DoanThe,0,0.544,245,215,0.43,Trung bình,0
BK-01044,2026-01-28,1,4,0,7,2.0,0,HT-06,Sân đa năng,1200,Giải thi đấu thể thao,SoBanNganh_DoanThe,1,0.412,815,803,0.6692,Trung bình,0
BK-01045,2026-05-21,5,5,0,13,3.0,0,HT-01,Sân thi đấu chính,3500,Giải thi đấu thể thao,CLB_ChuyenNghiep,1,0.659,2636,2589,0.7397,Trung bình,0
BK-01046,2026-01-13,1,3,0,14,3.0,0,HT-06,Sân đa năng,1200,Giải thi đấu thể thao,SoBanNganh_DoanThe,1,0.453,805,830,0.6917,Trung bình,0
BK-01047,2026-01-28,1,4,0,6,2.0,0,HT-06,Sân đa năng,1200,Giải thi đấu thể thao,CLB_ChuyenNghiep,1,0.455,1118,1030,0.8583,Cao,0
BK-01048,2026-03-12,3,5,0,17,3.0,0,HT-02,Hội trường,500,Giao lưu phong trào,DoanhNghiep_TuNhan,1,0.503,218,202,0.404,Trung bình,0
BK-01049,2026-02-22,2,8,1,18,2.5,1,HT-03,Sân cầu lông,800,Giao lưu phong trào,TruongHoc_DaiHoc,0,0.84,450,505,0.6312,Trung bình,0
BK-01050,2026-03-20,3,6,0,9,2.0,1,HT-06,Sân đa năng,1200,Giao lưu phong trào,DoanhNghiep_TuNhan,1,0.372,603,538,0.4483,Trung bình,0
BK-01051,2026-05-02,5,7,1,13,1.5,0,HT-04,Bể bơi,2100,Tập thể thao tự do,NhomCaNhan,0,0.696,463,394,0.1876,Thấp,0
BK-01052,2026-05-02,5,7,1,6,3.0,0,HT-05,Sân tập,200,Tập luyện CLB / Đội tuyển,CLB_ChuyenNghiep,1,0.654,88,100,0.5,Trung bình,0
BK-01053,2026-05-15,5,6,0,8,2.0,1,HT-05,Sân tập,200,Tập luyện CLB / Đội tuyển,NhomCaNhan,0,0.678,130,139,0.695,Trung bình,0
BK-01054,2026-03-07,3,7,1,15,2.5,1,HT-06,Sân đa năng,1200,Giao lưu phong trào,SoBanNganh_DoanThe,1,0.494,882,985,0.8208,Cao,0
BK-01055,2026-06-02,6,3,0,7,2.5,0,HT-04,Bể bơi,2100,Giải thi đấu thể thao,TruongHoc_DaiHoc,1,0.745,1509,1670,0.7952,Cao,0
BK-01056,2026-02-06,2,6,0,15,1.5,1,HT-03,Sân cầu lông,800,Tập luyện CLB / Đội tuyển,TruongHoc_DaiHoc,0,0.771,575,617,0.7712,Cao,0
BK-01057,2026-04-07,4,3,0,7,2.5,0,HT-06,Sân đa năng,1200,Tập luyện CLB / Đội tuyển,DoanhNghiep_TuNhan,0,0.398,618,687,0.5725,Trung bình,0
BK-01058,2026-06-23,6,3,0,13,3.0,0,HT-03,Sân cầu lông,800,Giao lưu phong trào,CLB_ChuyenNghiep,0,0.852,185,189,0.2362,Thấp,0
BK-01059,2026-06-06,6,7,1,14,3.0,0,HT-01,Sân thi đấu chính,3500,Tập luyện CLB / Đội tuyển,SoBanNganh_DoanThe,0,0.675,1712,1807,0.5163,Trung bình,0
BK-01060,2026-02-08,2,8,1,10,4.0,0,HT-05,Sân tập,200,Giao lưu phong trào,TruongHoc_DaiHoc,1,0.593,58,54,0.27,Thấp,0
BK-01061,2026-02-25,2,4,0,17,1.5,0,HT-03,Sân cầu lông,800,Tập luyện CLB / Đội tuyển,CLB_ChuyenNghiep,0,0.78,248,210,0.2625,Thấp,0
BK-01062,2026-03-31,3,3,0,20,4.0,0,HT-03,Sân cầu lông,800,Giao lưu phong trào,TruongHoc_DaiHoc,1,0.771,137,157,0.1963,Thấp,0
BK-01063,2026-05-30,5,7,1,10,2.0,0,HT-01,Sân thi đấu chính,3500,Giải thi đấu thể thao,SoBanNganh_DoanThe,0,0.664,2626,2536,0.7246,Trung bình,0
BK-01064,2026-01-26,1,2,0,10,4.0,0,HT-03,Sân cầu lông,800,Tập thể thao tự do,NhomCaNhan,0,0.849,299,306,0.3825,Thấp,0
BK-01065,2026-02-21,2,7,1,8,3.0,1,HT-03,Sân cầu lông,800,Giao lưu phong trào,NhomCaNhan,0,0.827,507,526,0.6575,Trung bình,0
BK-01066,2026-04-07,4,3,0,7,2.0,0,HT-04,Bể bơi,2100,Giải thi đấu thể thao,NhomCaNhan,1,0.697,1744,1669,0.7948,Cao,0
BK-01067,2026-04-30,4,5,0,14,3.0,0,HT-04,Bể bơi,2100,Tập thể thao tự do,TruongHoc_DaiHoc,1,0.785,806,719,0.3424,Thấp,0
BK-01068,2026-03-04,3,4,0,16,2.5,1,HT-05,Sân tập,200,Tập luyện CLB / Đội tuyển,TruongHoc_DaiHoc,0,0.583,114,122,0.61,Trung bình,0
BK-01069,2026-04-14,4,3,0,6,3.0,0,HT-06,Sân đa năng,1200,Tập luyện CLB / Đội tuyển,SoBanNganh_DoanThe,0,0.387,205,234,0.195,Thấp,0
BK-01070,2026-06-02,6,3,0,10,4.0,0,HT-01,Sân thi đấu chính,3500,Giao lưu phong trào,DoanhNghiep_TuNhan,0,0.718,628,660,0.1886,Thấp,0
BK-01071,2026-01-14,1,4,0,9,4.0,1,HT-06,Sân đa năng,1200,Giải thi đấu thể thao,DoanhNghiep_TuNhan,1,0.506,905,952,0.7933,Cao,0
BK-01072,2026-03-19,3,5,0,10,1.5,0,HT-06,Sân đa năng,1200,Giao lưu phong trào,DoanhNghiep_TuNhan,0,0.389,205,211,0.1758,Thấp,0
BK-01073,2026-01-25,1,8,1,9,1.5,1,HT-02,Hội trường,500,Giao lưu phong trào,SoBanNganh_DoanThe,0,0.535,333,295,0.59,Trung bình,0
BK-01074,2026-02-17,2,3,0,16,2.5,1,HT-02,Hội trường,500,Giao lưu phong trào,TruongHoc_DaiHoc,0,0.601,283,256,0.512,Trung bình,0
BK-01075,2026-06-18,6,5,0,8,4.0,1,HT-02,Hội trường,500,Hội nghị / Sự kiện,DoanhNghiep_TuNhan,1,0.529,276,283,0.566,Trung bình,0
BK-01076,2026-03-12,3,5,0,14,1.5,0,HT-04,Bể bơi,2100,Tập luyện CLB / Đội tuyển,NhomCaNhan,0,0.702,405,358,0.1705,Thấp,0
BK-01077,2026-05-29,5,6,0,6,4.0,0,HT-03,Sân cầu lông,800,Tập thể thao tự do,NhomCaNhan,0,0.813,203,226,0.2825,Thấp,0
BK-01078,2026-01-03,1,7,1,13,4.0,0,HT-02,Hội trường,500,Hội nghị / Sự kiện,DoanhNghiep_TuNhan,0,0.494,342,308,0.616,Trung bình,0
BK-01079,2026-06-17,6,4,0,17,2.5,0,HT-06,Sân đa năng,1200,Giao lưu phong trào,DoanhNghiep_TuNhan,0,0.518,252,263,0.2192,Thấp,0
BK-01080,2026-01-18,1,8,1,15,3.0,1,HT-06,Sân đa năng,1200,Giao lưu phong trào,DoanhNghiep_TuNhan,0,0.454,1006,1089,0.9075,Cao,1
BK-01081,2026-02-03,2,3,0,13,4.0,0,HT-06,Sân đa năng,1200,Tập luyện CLB / Đội tuyển,SoBanNganh_DoanThe,0,0.487,482,413,0.3442,Thấp,0
BK-01082,2026-03-01,3,8,1,18,1.5,1,HT-01,Sân thi đấu chính,3500,Giao lưu phong trào,DoanhNghiep_TuNhan,0,0.717,3176,3469,0.9911,Cao,1
BK-01083,2026-03-02,3,2,0,8,3.0,1,HT-01,Sân thi đấu chính,3500,Giao lưu phong trào,CLB_ChuyenNghiep,1,0.671,1548,1664,0.4754,Trung bình,0
BK-01084,2026-04-06,4,2,0,18,1.5,1,HT-05,Sân tập,200,Tập luyện CLB / Đội tuyển,CLB_ChuyenNghiep,1,0.609,103,107,0.535,Trung bình,0
BK-01085,2026-02-20,2,6,0,15,3.0,1,HT-03,Sân cầu lông,800,Giao lưu phong trào,CLB_ChuyenNghiep,1,0.866,520,524,0.655,Trung bình,0
BK-01086,2026-01-23,1,6,0,6,1.5,0,HT-05,Sân tập,200,Tập luyện CLB / Đội tuyển,NhomCaNhan,0,0.607,89,86,0.43,Trung bình,0
BK-01087,2026-01-19,1,2,0,8,4.0,1,HT-03,Sân cầu lông,800,Tập thể thao tự do,NhomCaNhan,0,0.839,477,455,0.5687,Trung bình,0
BK-01088,2026-05-24,5,8,1,20,1.5,0,HT-02,Hội trường,500,Giao lưu phong trào,DoanhNghiep_TuNhan,0,0.553,231,205,0.41,Trung bình,0
BK-01089,2026-01-26,1,2,0,15,2.0,1,HT-01,Sân thi đấu chính,3500,Giải thi đấu thể thao,DoanhNghiep_TuNhan,1,0.733,2446,2291,0.6546,Trung bình,0
BK-01090,2026-04-10,4,6,0,13,1.5,0,HT-06,Sân đa năng,1200,Giải thi đấu thể thao,SoBanNganh_DoanThe,1,0.45,1056,1192,0.9933,Cao,1
BK-01091,2026-04-13,4,2,0,6,4.0,0,HT-05,Sân tập,200,Giao lưu phong trào,NhomCaNhan,0,0.525,104,108,0.54,Trung bình,0
BK-01092,2026-04-18,4,7,1,9,2.5,1,HT-03,Sân cầu lông,800,Tập luyện CLB / Đội tuyển,NhomCaNhan,1,0.886,652,702,0.8775,Cao,0
BK-01093,2026-01-16,1,6,0,15,1.5,1,HT-02,Hội trường,500,Hội nghị / Sự kiện,DoanhNghiep_TuNhan,0,0.483,424,438,0.876,Cao,0
BK-01094,2026-05-22,5,6,0,8,2.5,1,HT-04,Bể bơi,2100,Giải thi đấu thể thao,CLB_ChuyenNghiep,1,0.716,1585,1513,0.7205,Trung bình,0
BK-01095,2026-02-28,2,7,1,6,1.5,0,HT-01,Sân thi đấu chính,3500,Giải thi đấu thể thao,DoanhNghiep_TuNhan,1,0.677,2771,2370,0.6771,Trung bình,0
BK-01096,2026-04-10,4,6,0,19,2.0,1,HT-04,Bể bơi,2100,Tập luyện CLB / Đội tuyển,TruongHoc_DaiHoc,0,0.797,929,1039,0.4948,Trung bình,0
BK-01097,2026-04-05,4,8,1,9,2.5,1,HT-03,Sân cầu lông,800,Tập thể thao tự do,NhomCaNhan,1,0.86,452,440,0.55,Trung bình,0
BK-01098,2026-05-18,5,2,0,6,1.5,0,HT-05,Sân tập,200,Giao lưu phong trào,NhomCaNhan,0,0.527,32,28,0.14,Thấp,0
BK-01099,2026-03-31,3,3,0,18,2.0,1,HT-05,Sân tập,200,Tập thể thao tự do,NhomCaNhan,0,0.56,104,90,0.45,Trung bình,0
BK-01100,2026-05-20,5,4,0,15,2.5,1,HT-02,Hội trường,500,Hội nghị / Sự kiện,DoanhNghiep_TuNhan,1,0.575,437,409,0.818,Cao,0
BK-01101,2026-05-15,5,6,0,13,4.0,0,HT-03,Sân cầu lông,800,Giao lưu phong trào,NhomCaNhan,1,0.785,387,401,0.5012,Trung bình,0
BK-01102,2026-02-22,2,8,1,16,2.0,1,HT-02,Hội trường,500,Giao lưu phong trào,TruongHoc_DaiHoc,0,0.476,332,360,0.72,Trung bình,0
BK-01103,2026-03-02,3,2,0,15,3.0,1,HT-06,Sân đa năng,1200,Giải thi đấu thể thao,CLB_ChuyenNghiep,1,0.502,756,729,0.6075,Trung bình,0
BK-01104,2026-01-22,1,5,0,10,4.0,0,HT-01,Sân thi đấu chính,3500,Giao lưu phong trào,SoBanNganh_DoanThe,1,0.661,982,900,0.2571,Thấp,0
BK-01105,2026-06-18,6,5,0,16,1.5,1,HT-04,Bể bơi,2100,Giải thi đấu thể thao,NhomCaNhan,1,0.761,2007,2253,1.0729,Quá tải,1
BK-01106,2026-03-28,3,7,1,20,4.0,0,HT-03,Sân cầu lông,800,Tập luyện CLB / Đội tuyển,NhomCaNhan,0,0.857,347,339,0.4238,Trung bình,0
BK-01107,2026-01-15,1,5,0,16,3.0,1,HT-01,Sân thi đấu chính,3500,Tập luyện CLB / Đội tuyển,DoanhNghiep_TuNhan,0,0.715,2632,2571,0.7346,Trung bình,0
BK-01108,2026-05-13,5,4,0,8,3.0,1,HT-03,Sân cầu lông,800,Tập thể thao tự do,TruongHoc_DaiHoc,0,0.849,418,390,0.4875,Trung bình,0
BK-01109,2026-03-12,3,5,0,9,4.0,1,HT-01,Sân thi đấu chính,3500,Giao lưu phong trào,SoBanNganh_DoanThe,0,0.64,1381,1285,0.3671,Thấp,0
BK-01110,2026-06-17,6,4,0,6,1.5,0,HT-05,Sân tập,200,Tập thể thao tự do,TruongHoc_DaiHoc,0,0.523,94,92,0.46,Trung bình,0
BK-01111,2026-01-03,1,7,1,6,2.5,0,HT-04,Bể bơi,2100,Tập luyện CLB / Đội tuyển,TruongHoc_DaiHoc,0,0.684,433,490,0.2333,Thấp,0
BK-01112,2026-06-06,6,7,1,13,1.5,0,HT-05,Sân tập,200,Tập thể thao tự do,NhomCaNhan,0,0.556,80,79,0.395,Thấp,0
BK-01113,2026-02-14,2,7,1,17,1.5,0,HT-02,Hội trường,500,Hội nghị / Sự kiện,SoBanNganh_DoanThe,1,0.521,282,276,0.552,Trung bình,0
BK-01114,2026-05-22,5,6,0,9,1.5,1,HT-06,Sân đa năng,1200,Tập luyện CLB / Đội tuyển,SoBanNganh_DoanThe,0,0.456,520,574,0.4783,Trung bình,0
BK-01115,2026-01-12,1,2,0,9,2.5,1,HT-05,Sân tập,200,Tập luyện CLB / Đội tuyển,NhomCaNhan,0,0.611,80,72,0.36,Thấp,0
BK-01116,2026-06-24,6,4,0,7,3.0,0,HT-04,Bể bơi,2100,Tập luyện CLB / Đội tuyển,CLB_ChuyenNghiep,1,0.784,739,844,0.4019,Trung bình,0
BK-01117,2026-04-06,4,2,0,10,4.0,0,HT-04,Bể bơi,2100,Tập thể thao tự do,CLB_ChuyenNghiep,0,0.657,491,504,0.24,Thấp,0
BK-01118,2026-02-24,2,3,0,16,4.0,1,HT-03,Sân cầu lông,800,Giao lưu phong trào,TruongHoc_DaiHoc,0,0.856,405,348,0.435,Trung bình,0
BK-01119,2026-04-08,4,4,0,7,1.5,0,HT-06,Sân đa năng,1200,Giải thi đấu thể thao,DoanhNghiep_TuNhan,1,0.487,996,971,0.8092,Cao,0
BK-01120,2026-05-16,5,7,1,17,3.0,0,HT-01,Sân thi đấu chính,3500,Tập luyện CLB / Đội tuyển,DoanhNghiep_TuNhan,0,0.746,857,876,0.2503,Thấp,0
BK-01121,2026-03-26,3,5,0,20,2.5,0,HT-02,Hội trường,500,Hội nghị / Sự kiện,DoanhNghiep_TuNhan,1,0.623,436,428,0.856,Cao,0
BK-01122,2026-04-15,4,4,0,7,2.5,0,HT-03,Sân cầu lông,800,Giao lưu phong trào,TruongHoc_DaiHoc,1,0.866,220,202,0.2525,Thấp,0
BK-01123,2026-02-28,2,7,1,8,4.0,1,HT-05,Sân tập,200,Tập luyện CLB / Đội tuyển,CLB_ChuyenNghiep,0,0.575,163,177,0.885,Cao,0
BK-01124,2026-01-31,1,7,1,14,3.0,0,HT-01,Sân thi đấu chính,3500,Tập luyện CLB / Đội tuyển,CLB_ChuyenNghiep,0,0.74,1370,1534,0.4383,Trung bình,0
BK-01125,2026-01-04,1,8,1,7,3.0,0,HT-02,Hội trường,500,Giao lưu phong trào,TruongHoc_DaiHoc,0,0.603,144,159,0.318,Thấp,0
BK-01126,2026-01-07,1,4,0,8,1.5,1,HT-06,Sân đa năng,1200,Giải thi đấu thể thao,DoanhNghiep_TuNhan,0,0.434,1200,1147,0.9558,Cao,1
BK-01127,2026-05-23,5,7,1,19,2.5,1,HT-02,Hội trường,500,Hội nghị / Sự kiện,DoanhNghiep_TuNhan,0,0.629,414,428,0.856,Cao,0
BK-01128,2026-01-12,1,2,0,19,2.5,1,HT-01,Sân thi đấu chính,3500,Giao lưu phong trào,SoBanNganh_DoanThe,0,0.712,2277,2453,0.7009,Trung bình,0
BK-01129,2026-02-16,2,2,0,20,4.0,0,HT-06,Sân đa năng,1200,Tập luyện CLB / Đội tuyển,CLB_ChuyenNghiep,1,0.443,186,195,0.1625,Thấp,0
BK-01130,2026-03-24,3,3,0,8,4.0,1,HT-04,Bể bơi,2100,Giải thi đấu thể thao,TruongHoc_DaiHoc,1,0.648,1752,1748,0.8324,Cao,0
BK-01131,2026-05-13,5,4,0,17,4.0,0,HT-05,Sân tập,200,Tập thể thao tự do,CLB_ChuyenNghiep,0,0.65,48,42,0.21,Thấp,0
BK-01132,2026-02-23,2,2,0,16,2.5,1,HT-04,Bể bơi,2100,Giải thi đấu thể thao,TruongHoc_DaiHoc,1,0.718,1477,1382,0.6581,Trung bình,0
BK-01133,2026-02-27,2,6,0,10,2.5,0,HT-02,Hội trường,500,Hội nghị / Sự kiện,SoBanNganh_DoanThe,1,0.591,258,284,0.568,Trung bình,0
BK-01134,2026-01-08,1,5,0,6,4.0,0,HT-05,Sân tập,200,Giao lưu phong trào,NhomCaNhan,1,0.671,79,71,0.355,Thấp,0
BK-01135,2026-05-27,5,4,0,19,3.0,1,HT-04,Bể bơi,2100,Giải thi đấu thể thao,CLB_ChuyenNghiep,1,0.775,1429,1517,0.7224,Trung bình,0
BK-01136,2026-04-24,4,6,0,15,2.5,1,HT-04,Bể bơi,2100,Tập thể thao tự do,CLB_ChuyenNghiep,0,0.653,1272,1216,0.579,Trung bình,0
BK-01137,2026-02-26,2,5,0,7,2.5,0,HT-06,Sân đa năng,1200,Giải thi đấu thể thao,DoanhNghiep_TuNhan,1,0.382,987,1037,0.8642,Cao,0
BK-01138,2026-06-26,6,6,0,6,3.0,0,HT-03,Sân cầu lông,800,Tập luyện CLB / Đội tuyển,TruongHoc_DaiHoc,0,0.88,223,233,0.2913,Thấp,0
BK-01139,2026-01-10,1,7,1,18,1.5,1,HT-06,Sân đa năng,1200,Giải thi đấu thể thao,CLB_ChuyenNghiep,1,0.445,1032,937,0.7808,Cao,0
BK-01140,2026-05-05,5,3,0,19,3.0,1,HT-02,Hội trường,500,Giao lưu phong trào,SoBanNganh_DoanThe,1,0.59,385,426,0.852,Cao,0
BK-01141,2026-01-01,1,5,0,7,3.0,0,HT-04,Bể bơi,2100,Giải thi đấu thể thao,TruongHoc_DaiHoc,1,0.701,1453,1349,0.6424,Trung bình,0
BK-01142,2026-05-30,5,7,1,18,2.5,1,HT-02,Hội trường,500,Giao lưu phong trào,TruongHoc_DaiHoc,0,0.517,313,287,0.574,Trung bình,0
BK-01143,2026-05-05,5,3,0,20,3.0,0,HT-04,Bể bơi,2100,Giải thi đấu thể thao,NhomCaNhan,1,0.783,1463,1666,0.7933,Cao,0
BK-01144,2026-03-15,3,8,1,15,2.5,1,HT-04,Bể bơi,2100,Tập thể thao tự do,TruongHoc_DaiHoc,0,0.696,1496,1568,0.7467,Trung bình,0
BK-01145,2026-04-12,4,8,1,8,3.0,1,HT-06,Sân đa năng,1200,Giao lưu phong trào,DoanhNghiep_TuNhan,0,0.512,770,771,0.6425,Trung bình,0
BK-01146,2026-04-15,4,4,0,16,2.5,1,HT-01,Sân thi đấu chính,3500,Giao lưu phong trào,DoanhNghiep_TuNhan,0,0.746,1857,1800,0.5143,Trung bình,0
BK-01147,2026-03-10,3,3,0,19,2.0,1,HT-04,Bể bơi,2100,Tập luyện CLB / Đội tuyển,TruongHoc_DaiHoc,0,0.667,1047,1069,0.509,Trung bình,0
BK-01148,2026-02-22,2,8,1,7,4.0,0,HT-06,Sân đa năng,1200,Tập luyện CLB / Đội tuyển,SoBanNganh_DoanThe,1,0.431,443,379,0.3158,Thấp,0
BK-01149,2026-06-30,6,3,0,13,4.0,0,HT-03,Sân cầu lông,800,Tập luyện CLB / Đội tuyển,TruongHoc_DaiHoc,1,0.874,180,206,0.2575,Thấp,0
BK-01150,2026-04-12,4,8,1,9,2.5,1,HT-06,Sân đa năng,1200,Giải thi đấu thể thao,SoBanNganh_DoanThe,1,0.376,897,1015,0.8458,Cao,0
BK-01151,2026-01-06,1,3,0,7,4.0,0,HT-05,Sân tập,200,Tập thể thao tự do,CLB_ChuyenNghiep,1,0.63,45,46,0.23,Thấp,0
BK-01152,2026-01-09,1,6,0,19,1.5,1,HT-03,Sân cầu lông,800,Tập thể thao tự do,TruongHoc_DaiHoc,0,0.752,590,654,0.8175,Cao,0
BK-01153,2026-05-10,5,8,1,19,3.0,1,HT-06,Sân đa năng,1200,Giải thi đấu thể thao,CLB_ChuyenNghiep,1,0.464,1056,927,0.7725,Cao,0
BK-01154,2026-04-11,4,7,1,17,2.5,0,HT-02,Hội trường,500,Giao lưu phong trào,DoanhNghiep_TuNhan,0,0.512,75,68,0.136,Thấp,0
BK-01155,2026-06-17,6,4,0,15,3.0,1,HT-05,Sân tập,200,Tập thể thao tự do,CLB_ChuyenNghiep,1,0.665,149,148,0.74,Trung bình,0
BK-01156,2026-05-17,5,8,1,9,3.0,1,HT-05,Sân tập,200,Tập luyện CLB / Đội tuyển,CLB_ChuyenNghiep,0,0.592,186,197,0.985,Cao,1
BK-01157,2026-05-28,5,5,0,14,2.0,0,HT-01,Sân thi đấu chính,3500,Giao lưu phong trào,SoBanNganh_DoanThe,0,0.701,633,565,0.1614,Thấp,0
BK-01158,2026-01-22,1,5,0,16,2.0,1,HT-01,Sân thi đấu chính,3500,Giải thi đấu thể thao,SoBanNganh_DoanThe,1,0.684,2317,2551,0.7289,Trung bình,0
BK-01159,2026-05-26,5,3,0,6,3.0,0,HT-02,Hội trường,500,Giao lưu phong trào,DoanhNghiep_TuNhan,0,0.56,124,117,0.234,Thấp,0
BK-01160,2026-04-15,4,4,0,10,2.0,0,HT-01,Sân thi đấu chính,3500,Tập luyện CLB / Đội tuyển,SoBanNganh_DoanThe,0,0.713,936,885,0.2529,Thấp,0
BK-01161,2026-05-12,5,3,0,19,1.5,1,HT-05,Sân tập,200,Tập luyện CLB / Đội tuyển,CLB_ChuyenNghiep,0,0.64,111,99,0.495,Trung bình,0
BK-01162,2026-02-12,2,5,0,15,1.5,1,HT-02,Hội trường,500,Hội nghị / Sự kiện,DoanhNghiep_TuNhan,1,0.61,361,321,0.642,Trung bình,0
BK-01163,2026-04-18,4,7,1,6,2.5,0,HT-04,Bể bơi,2100,Tập thể thao tự do,NhomCaNhan,0,0.692,908,845,0.4024,Trung bình,0
BK-01164,2026-04-06,4,2,0,18,2.0,1,HT-05,Sân tập,200,Tập luyện CLB / Đội tuyển,CLB_ChuyenNghiep,0,0.603,96,102,0.51,Trung bình,0
BK-01165,2026-03-06,3,6,0,15,2.0,1,HT-04,Bể bơi,2100,Tập luyện CLB / Đội tuyển,TruongHoc_DaiHoc,0,0.773,1359,1368,0.6514,Trung bình,0
BK-01166,2026-01-03,1,7,1,14,2.0,0,HT-03,Sân cầu lông,800,Tập luyện CLB / Đội tuyển,CLB_ChuyenNghiep,1,0.851,378,342,0.4275,Trung bình,0
BK-01167,2026-05-18,5,2,0,13,1.5,0,HT-04,Bể bơi,2100,Tập thể thao tự do,TruongHoc_DaiHoc,0,0.676,417,424,0.2019,Thấp,0
BK-01168,2026-06-10,6,4,0,9,2.5,1,HT-01,Sân thi đấu chính,3500,Giao lưu phong trào,SoBanNganh_DoanThe,0,0.641,1818,1765,0.5043,Trung bình,0
BK-01169,2026-05-19,5,3,0,18,2.0,1,HT-06,Sân đa năng,1200,Giải thi đấu thể thao,DoanhNghiep_TuNhan,1,0.386,997,926,0.7717,Cao,0
BK-01170,2026-05-14,5,5,0,18,3.0,1,HT-05,Sân tập,200,Tập thể thao tự do,TruongHoc_DaiHoc,0,0.659,116,126,0.63,Trung bình,0
BK-01171,2026-06-21,6,8,1,9,2.0,1,HT-04,Bể bơi,2100,Tập thể thao tự do,CLB_ChuyenNghiep,0,0.666,1397,1248,0.5943,Trung bình,0
BK-01172,2026-01-01,1,5,0,7,1.5,0,HT-03,Sân cầu lông,800,Tập luyện CLB / Đội tuyển,TruongHoc_DaiHoc,0,0.862,237,222,0.2775,Thấp,0
BK-01173,2026-03-03,3,3,0,14,3.0,0,HT-05,Sân tập,200,Tập thể thao tự do,TruongHoc_DaiHoc,0,0.661,52,52,0.26,Thấp,0
BK-01174,2026-02-24,2,3,0,18,2.5,1,HT-02,Hội trường,500,Hội nghị / Sự kiện,DoanhNghiep_TuNhan,1,0.559,355,374,0.748,Trung bình,0
BK-01175,2026-04-22,4,4,0,13,2.0,0,HT-06,Sân đa năng,1200,Giải thi đấu thể thao,SoBanNganh_DoanThe,0,0.469,1024,1000,0.8333,Cao,0
BK-01176,2026-02-18,2,4,0,13,2.0,0,HT-04,Bể bơi,2100,Giải thi đấu thể thao,CLB_ChuyenNghiep,1,0.693,1495,1533,0.73,Trung bình,0
BK-01177,2026-04-05,4,8,1,16,1.5,1,HT-03,Sân cầu lông,800,Giao lưu phong trào,CLB_ChuyenNghiep,1,0.851,543,468,0.585,Trung bình,0
BK-01178,2026-03-06,3,6,0,18,1.5,1,HT-03,Sân cầu lông,800,Giao lưu phong trào,NhomCaNhan,0,0.818,637,662,0.8275,Cao,0
BK-01179,2026-05-02,5,7,1,18,4.0,1,HT-06,Sân đa năng,1200,Giải thi đấu thể thao,CLB_ChuyenNghiep,1,0.398,1043,1107,0.9225,Cao,1
BK-01180,2026-02-03,2,3,0,14,1.5,0,HT-01,Sân thi đấu chính,3500,Giải thi đấu thể thao,SoBanNganh_DoanThe,1,0.757,2152,2180,0.6229,Trung bình,0
BK-01181,2026-02-19,2,5,0,17,1.5,0,HT-06,Sân đa năng,1200,Giao lưu phong trào,DoanhNghiep_TuNhan,0,0.464,326,365,0.3042,Thấp,0
BK-01182,2026-04-04,4,7,1,6,3.0,0,HT-05,Sân tập,200,Tập thể thao tự do,TruongHoc_DaiHoc,0,0.637,36,36,0.18,Thấp,0
BK-01183,2026-01-22,1,5,0,15,1.5,1,HT-02,Hội trường,500,Giao lưu phong trào,TruongHoc_DaiHoc,1,0.604,269,288,0.576,Trung bình,0
BK-01184,2026-01-01,1,5,0,10,4.0,0,HT-03,Sân cầu lông,800,Tập thể thao tự do,NhomCaNhan,0,0.814,290,295,0.3688,Thấp,0
BK-01185,2026-01-30,1,6,0,8,1.5,1,HT-01,Sân thi đấu chính,3500,Giải thi đấu thể thao,SoBanNganh_DoanThe,1,0.635,3464,3764,1.0754,Quá tải,1
BK-01186,2026-04-06,4,2,0,7,2.0,0,HT-04,Bể bơi,2100,Tập luyện CLB / Đội tuyển,TruongHoc_DaiHoc,0,0.661,917,987,0.47,Trung bình,0
BK-01187,2026-01-14,1,4,0,19,2.5,1,HT-04,Bể bơi,2100,Tập thể thao tự do,NhomCaNhan,1,0.781,1013,918,0.4371,Trung bình,0
BK-01188,2026-02-15,2,8,1,10,3.0,0,HT-03,Sân cầu lông,800,Tập thể thao tự do,NhomCaNhan,0,0.812,273,284,0.355,Thấp,0
BK-01189,2026-06-11,6,5,0,8,1.5,1,HT-06,Sân đa năng,1200,Tập luyện CLB / Đội tuyển,SoBanNganh_DoanThe,1,0.473,789,773,0.6442,Trung bình,0
BK-01190,2026-06-24,6,4,0,9,2.5,1,HT-03,Sân cầu lông,800,Giao lưu phong trào,TruongHoc_DaiHoc,0,0.774,503,505,0.6312,Trung bình,0
BK-01191,2026-02-25,2,4,0,10,1.5,0,HT-04,Bể bơi,2100,Tập thể thao tự do,TruongHoc_DaiHoc,0,0.7,419,429,0.2043,Thấp,0
BK-01192,2026-04-07,4,3,0,17,1.5,0,HT-06,Sân đa năng,1200,Giao lưu phong trào,DoanhNghiep_TuNhan,1,0.446,357,320,0.2667,Thấp,0
BK-01193,2026-03-28,3,7,1,7,2.0,0,HT-06,Sân đa năng,1200,Giao lưu phong trào,SoBanNganh_DoanThe,1,0.469,430,422,0.3517,Thấp,0
BK-01194,2026-06-01,6,2,0,19,3.0,1,HT-05,Sân tập,200,Giao lưu phong trào,CLB_ChuyenNghiep,0,0.597,101,104,0.52,Trung bình,0
BK-01195,2026-04-13,4,2,0,6,2.0,0,HT-03,Sân cầu lông,800,Giao lưu phong trào,NhomCaNhan,0,0.745,367,356,0.445,Trung bình,0
BK-01196,2026-05-12,5,3,0,10,4.0,0,HT-02,Hội trường,500,Hội nghị / Sự kiện,TruongHoc_DaiHoc,1,0.625,263,299,0.598,Trung bình,0
BK-01197,2026-03-21,3,7,1,20,2.5,0,HT-02,Hội trường,500,Giao lưu phong trào,DoanhNghiep_TuNhan,1,0.518,69,76,0.152,Thấp,0
BK-01198,2026-01-21,1,4,0,9,2.0,1,HT-02,Hội trường,500,Giao lưu phong trào,SoBanNganh_DoanThe,0,0.471,229,247,0.494,Trung bình,0
BK-01199,2026-02-10,2,3,0,7,3.0,0,HT-03,Sân cầu lông,800,Giao lưu phong trào,TruongHoc_DaiHoc,0,0.814,178,171,0.2137,Thấp,0
BK-01200,2026-03-04,3,4,0,14,2.0,0,HT-01,Sân thi đấu chính,3500,Giao lưu phong trào,CLB_ChuyenNghiep,0,0.74,885,931,0.266,Thấp,0
BK-01201,2026-06-02,6,3,0,16,1.5,1,HT-04,Bể bơi,2100,Tập luyện CLB / Đội tuyển,NhomCaNhan,0,0.669,1406,1568,0.7467,Trung bình,0
BK-01202,2026-03-02,3,2,0,13,2.5,0,HT-03,Sân cầu lông,800,Giao lưu phong trào,NhomCaNhan,0,0.762,357,372,0.465,Trung bình,0
BK-01203,2026-02-18,2,4,0,9,2.5,1,HT-01,Sân thi đấu chính,3500,Giao lưu phong trào,CLB_ChuyenNghiep,0,0.662,2168,2028,0.5794,Trung bình,0
BK-01204,2026-05-04,5,2,0,10,3.0,0,HT-01,Sân thi đấu chính,3500,Giải thi đấu thể thao,CLB_ChuyenNghiep,1,0.655,2596,2834,0.8097,Cao,0
BK-01205,2026-01-26,1,2,0,14,1.5,0,HT-06,Sân đa năng,1200,Giải thi đấu thể thao,SoBanNganh_DoanThe,1,0.475,998,851,0.7092,Trung bình,0
BK-01206,2026-06-21,6,8,1,14,1.5,0,HT-04,Bể bơi,2100,Tập luyện CLB / Đội tuyển,NhomCaNhan,0,0.712,797,869,0.4138,Trung bình,0
BK-01207,2026-04-06,4,2,0,19,2.5,1,HT-04,Bể bơi,2100,Giải thi đấu thể thao,NhomCaNhan,1,0.779,1455,1568,0.7467,Trung bình,0
BK-01208,2026-01-21,1,4,0,6,2.5,0,HT-02,Hội trường,500,Giao lưu phong trào,SoBanNganh_DoanThe,0,0.544,196,192,0.384,Thấp,0
BK-01209,2026-01-11,1,8,1,15,3.0,1,HT-01,Sân thi đấu chính,3500,Giao lưu phong trào,CLB_ChuyenNghiep,0,0.647,2680,2549,0.7283,Trung bình,0
BK-01210,2026-01-07,1,4,0,10,2.0,0,HT-05,Sân tập,200,Tập thể thao tự do,CLB_ChuyenNghiep,0,0.538,58,49,0.245,Thấp,0
BK-01211,2026-01-10,1,7,1,19,3.0,1,HT-05,Sân tập,200,Tập luyện CLB / Đội tuyển,NhomCaNhan,1,0.589,131,136,0.68,Trung bình,0
BK-01212,2026-03-12,3,5,0,15,4.0,1,HT-03,Sân cầu lông,800,Tập luyện CLB / Đội tuyển,TruongHoc_DaiHoc,0,0.746,435,412,0.515,Trung bình,0
BK-01213,2026-06-05,6,6,0,18,1.5,1,HT-06,Sân đa năng,1200,Giao lưu phong trào,DoanhNghiep_TuNhan,0,0.438,556,597,0.4975,Trung bình,0
BK-01214,2026-01-06,1,3,0,19,2.5,1,HT-02,Hội trường,500,Hội nghị / Sự kiện,DoanhNghiep_TuNhan,0,0.568,394,452,0.904,Cao,1
BK-01215,2026-05-19,5,3,0,19,1.5,1,HT-02,Hội trường,500,Giao lưu phong trào,TruongHoc_DaiHoc,0,0.595,328,352,0.704,Trung bình,0
BK-01216,2026-03-12,3,5,0,18,1.5,1,HT-05,Sân tập,200,Giao lưu phong trào,CLB_ChuyenNghiep,0,0.523,121,117,0.585,Trung bình,0
BK-01217,2026-04-17,4,6,0,8,2.5,1,HT-06,Sân đa năng,1200,Giao lưu phong trào,SoBanNganh_DoanThe,0,0.373,857,785,0.6542,Trung bình,0
BK-01218,2026-03-25,3,4,0,7,4.0,0,HT-02,Hội trường,500,Giao lưu phong trào,TruongHoc_DaiHoc,0,0.523,223,232,0.464,Trung bình,0
BK-01219,2026-04-10,4,6,0,16,1.5,1,HT-04,Bể bơi,2100,Tập luyện CLB / Đội tuyển,NhomCaNhan,0,0.72,1344,1486,0.7076,Trung bình,0
BK-01220,2026-05-17,5,8,1,8,3.0,1,HT-06,Sân đa năng,1200,Giao lưu phong trào,SoBanNganh_DoanThe,1,0.46,1122,1166,0.9717,Cao,1
BK-01221,2026-03-30,3,2,0,9,4.0,1,HT-01,Sân thi đấu chính,3500,Giao lưu phong trào,SoBanNganh_DoanThe,0,0.7,1848,1587,0.4534,Trung bình,0
BK-01222,2026-02-12,2,5,0,13,4.0,0,HT-05,Sân tập,200,Tập thể thao tự do,CLB_ChuyenNghiep,0,0.599,34,34,0.17,Thấp,0
BK-01223,2026-03-02,3,2,0,16,2.0,1,HT-04,Bể bơi,2100,Tập luyện CLB / Đội tuyển,TruongHoc_DaiHoc,0,0.658,911,832,0.3962,Thấp,0
BK-01224,2026-03-16,3,2,0,8,3.0,1,HT-02,Hội trường,500,Giao lưu phong trào,DoanhNghiep_TuNhan,0,0.528,278,262,0.524,Trung bình,0
BK-01225,2026-01-28,1,4,0,18,2.5,1,HT-06,Sân đa năng,1200,Tập luyện CLB / Đội tuyển,DoanhNghiep_TuNhan,0,0.416,563,606,0.505,Trung bình,0
BK-01226,2026-04-26,4,8,1,8,3.0,1,HT-02,Hội trường,500,Giao lưu phong trào,SoBanNganh_DoanThe,0,0.615,347,312,0.624,Trung bình,0
BK-01227,2026-04-09,4,5,0,18,3.0,1,HT-05,Sân tập,200,Tập thể thao tự do,CLB_ChuyenNghiep,1,0.601,77,79,0.395,Thấp,0
BK-01228,2026-01-21,1,4,0,17,3.0,0,HT-05,Sân tập,200,Tập luyện CLB / Đội tuyển,CLB_ChuyenNghiep,0,0.672,42,44,0.22,Thấp,0
BK-01229,2026-01-06,1,3,0,17,3.0,0,HT-06,Sân đa năng,1200,Tập luyện CLB / Đội tuyển,DoanhNghiep_TuNhan,0,0.51,500,480,0.4,Trung bình,0
BK-01230,2026-02-14,2,7,1,19,2.0,1,HT-04,Bể bơi,2100,Tập luyện CLB / Đội tuyển,CLB_ChuyenNghiep,0,0.679,1716,1696,0.8076,Cao,0
BK-01231,2026-06-04,6,5,0,9,2.0,1,HT-04,Bể bơi,2100,Tập luyện CLB / Đội tuyển,TruongHoc_DaiHoc,0,0.785,1527,1697,0.8081,Cao,0
BK-01232,2026-03-04,3,4,0,19,1.5,1,HT-04,Bể bơi,2100,Tập thể thao tự do,TruongHoc_DaiHoc,1,0.778,1435,1648,0.7848,Cao,0
BK-01233,2026-01-19,1,2,0,10,4.0,0,HT-04,Bể bơi,2100,Tập thể thao tự do,TruongHoc_DaiHoc,0,0.717,796,682,0.3248,Thấp,0
BK-01234,2026-01-16,1,6,0,20,3.0,0,HT-03,Sân cầu lông,800,Giao lưu phong trào,NhomCaNhan,0,0.809,321,335,0.4188,Trung bình,0
BK-01235,2026-02-01,2,8,1,8,2.5,1,HT-01,Sân thi đấu chính,3500,Tập luyện CLB / Đội tuyển,CLB_ChuyenNghiep,0,0.639,2562,2286,0.6531,Trung bình,0
BK-01236,2026-05-04,5,2,0,10,1.5,0,HT-02,Hội trường,500,Giao lưu phong trào,TruongHoc_DaiHoc,0,0.591,161,173,0.346,Thấp,0
BK-01237,2026-03-29,3,8,1,19,3.0,1,HT-03,Sân cầu lông,800,Tập thể thao tự do,CLB_ChuyenNghiep,0,0.764,628,677,0.8462,Cao,0
BK-01238,2026-03-15,3,8,1,9,2.5,1,HT-01,Sân thi đấu chính,3500,Tập luyện CLB / Đội tuyển,SoBanNganh_DoanThe,0,0.649,2526,2577,0.7363,Trung bình,0
BK-01239,2026-04-23,4,5,0,10,2.0,0,HT-06,Sân đa năng,1200,Tập luyện CLB / Đội tuyển,DoanhNghiep_TuNhan,1,0.406,466,432,0.36,Thấp,0
BK-01240,2026-02-24,2,3,0,10,2.0,0,HT-05,Sân tập,200,Giao lưu phong trào,NhomCaNhan,0,0.585,84,96,0.48,Trung bình,0
BK-01241,2026-06-08,6,2,0,13,2.0,0,HT-02,Hội trường,500,Giao lưu phong trào,TruongHoc_DaiHoc,0,0.554,225,202,0.404,Trung bình,0
BK-01242,2026-02-14,2,7,1,14,1.5,0,HT-04,Bể bơi,2100,Giải thi đấu thể thao,CLB_ChuyenNghiep,1,0.764,1473,1375,0.6548,Trung bình,0
BK-01243,2026-01-31,1,7,1,9,2.5,1,HT-06,Sân đa năng,1200,Giao lưu phong trào,SoBanNganh_DoanThe,0,0.501,857,920,0.7667,Cao,0
BK-01244,2026-05-15,5,6,0,19,2.0,1,HT-02,Hội trường,500,Giao lưu phong trào,TruongHoc_DaiHoc,1,0.513,337,337,0.674,Trung bình,0
BK-01245,2026-05-17,5,8,1,16,1.5,1,HT-06,Sân đa năng,1200,Giải thi đấu thể thao,SoBanNganh_DoanThe,1,0.48,826,885,0.7375,Trung bình,0
BK-01246,2026-06-16,6,3,0,9,3.0,1,HT-02,Hội trường,500,Hội nghị / Sự kiện,SoBanNganh_DoanThe,0,0.587,283,303,0.606,Trung bình,0
BK-01247,2026-01-17,1,7,1,16,2.5,1,HT-02,Hội trường,500,Hội nghị / Sự kiện,SoBanNganh_DoanThe,1,0.556,358,354,0.708,Trung bình,0
BK-01248,2026-01-14,1,4,0,20,1.5,0,HT-03,Sân cầu lông,800,Tập luyện CLB / Đội tuyển,CLB_ChuyenNghiep,1,0.774,134,135,0.1688,Thấp,0
BK-01249,2026-05-05,5,3,0,17,1.5,0,HT-03,Sân cầu lông,800,Giao lưu phong trào,CLB_ChuyenNghiep,0,0.771,162,175,0.2188,Thấp,0
BK-01250,2026-06-12,6,6,0,20,3.0,0,HT-05,Sân tập,200,Tập luyện CLB / Đội tuyển,CLB_ChuyenNghiep,0,0.601,71,64,0.32,Thấp,0
BK-01251,2026-05-12,5,3,0,18,2.5,1,HT-03,Sân cầu lông,800,Tập thể thao tự do,TruongHoc_DaiHoc,1,0.81,401,377,0.4713,Trung bình,0
BK-01252,2026-02-16,2,2,0,6,2.5,0,HT-04,Bể bơi,2100,Giải thi đấu thể thao,NhomCaNhan,1,0.655,1554,1634,0.7781,Cao,0
BK-01253,2026-04-24,4,6,0,18,4.0,1,HT-03,Sân cầu lông,800,Tập luyện CLB / Đội tuyển,NhomCaNhan,0,0.791,502,502,0.6275,Trung bình,0
BK-01254,2026-05-16,5,7,1,7,2.5,0,HT-04,Bể bơi,2100,Giải thi đấu thể thao,CLB_ChuyenNghiep,1,0.766,1361,1469,0.6995,Trung bình,0
BK-01255,2026-02-10,2,3,0,18,2.0,1,HT-05,Sân tập,200,Tập thể thao tự do,TruongHoc_DaiHoc,0,0.563,133,144,0.72,Trung bình,0
BK-01256,2026-03-09,3,2,0,10,2.5,0,HT-04,Bể bơi,2100,Tập thể thao tự do,NhomCaNhan,0,0.708,603,593,0.2824,Thấp,0
BK-01257,2026-04-11,4,7,1,6,3.0,0,HT-04,Bể bơi,2100,Tập thể thao tự do,NhomCaNhan,0,0.643,993,1072,0.5105,Trung bình,0
BK-01258,2026-06-30,6,3,0,9,2.5,1,HT-02,Hội trường,500,Giao lưu phong trào,DoanhNghiep_TuNhan,1,0.588,268,272,0.544,Trung bình,0
BK-01259,2026-02-25,2,4,0,16,3.0,1,HT-05,Sân tập,200,Tập thể thao tự do,NhomCaNhan,1,0.615,95,107,0.535,Trung bình,0
BK-01260,2026-01-12,1,2,0,14,3.0,0,HT-06,Sân đa năng,1200,Giải thi đấu thể thao,SoBanNganh_DoanThe,0,0.425,903,782,0.6517,Trung bình,0
BK-01261,2026-05-18,5,2,0,15,2.5,1,HT-03,Sân cầu lông,800,Tập luyện CLB / Đội tuyển,CLB_ChuyenNghiep,1,0.806,511,553,0.6913,Trung bình,0
BK-01262,2026-02-08,2,8,1,17,2.5,0,HT-02,Hội trường,500,Hội nghị / Sự kiện,TruongHoc_DaiHoc,1,0.512,297,320,0.64,Trung bình,0
BK-01263,2026-05-16,5,7,1,19,1.5,1,HT-03,Sân cầu lông,800,Tập luyện CLB / Đội tuyển,NhomCaNhan,0,0.798,678,770,0.9625,Cao,1
BK-01264,2026-04-25,4,7,1,9,2.0,1,HT-06,Sân đa năng,1200,Giao lưu phong trào,SoBanNganh_DoanThe,1,0.411,799,912,0.76,Cao,0
BK-01265,2026-06-04,6,5,0,6,2.0,0,HT-06,Sân đa năng,1200,Giải thi đấu thể thao,DoanhNghiep_TuNhan,1,0.455,920,795,0.6625,Trung bình,0
BK-01266,2026-05-12,5,3,0,6,4.0,0,HT-03,Sân cầu lông,800,Tập thể thao tự do,NhomCaNhan,0,0.785,351,355,0.4437,Trung bình,0
BK-01267,2026-03-27,3,6,0,7,1.5,0,HT-06,Sân đa năng,1200,Tập luyện CLB / Đội tuyển,CLB_ChuyenNghiep,0,0.505,511,556,0.4633,Trung bình,0
BK-01268,2026-01-23,1,6,0,15,4.0,1,HT-05,Sân tập,200,Giao lưu phong trào,NhomCaNhan,0,0.592,131,122,0.61,Trung bình,0
BK-01269,2026-02-08,2,8,1,13,1.5,0,HT-06,Sân đa năng,1200,Giải thi đấu thể thao,DoanhNghiep_TuNhan,1,0.522,996,1067,0.8892,Cao,0
BK-01270,2026-01-06,1,3,0,17,2.5,0,HT-04,Bể bơi,2100,Tập thể thao tự do,TruongHoc_DaiHoc,0,0.681,310,303,0.1443,Thấp,0
BK-01271,2026-02-27,2,6,0,18,2.5,1,HT-05,Sân tập,200,Giao lưu phong trào,CLB_ChuyenNghiep,0,0.663,100,112,0.56,Trung bình,0
BK-01272,2026-05-28,5,5,0,9,2.0,1,HT-02,Hội trường,500,Hội nghị / Sự kiện,DoanhNghiep_TuNhan,1,0.595,259,285,0.57,Trung bình,0
BK-01273,2026-05-19,5,3,0,7,2.5,0,HT-03,Sân cầu lông,800,Tập thể thao tự do,NhomCaNhan,0,0.777,164,188,0.235,Thấp,0
BK-01274,2026-02-25,2,4,0,6,2.0,0,HT-03,Sân cầu lông,800,Tập thể thao tự do,NhomCaNhan,0,0.858,222,238,0.2975,Thấp,0
BK-01275,2026-04-08,4,4,0,15,3.0,1,HT-01,Sân thi đấu chính,3500,Giao lưu phong trào,CLB_ChuyenNghiep,1,0.628,1983,1740,0.4971,Trung bình,0
BK-01276,2026-05-29,5,6,0,16,1.5,1,HT-06,Sân đa năng,1200,Giải thi đấu thể thao,CLB_ChuyenNghiep,1,0.421,976,1049,0.8742,Cao,0
BK-01277,2026-02-18,2,4,0,7,4.0,0,HT-02,Hội trường,500,Giao lưu phong trào,DoanhNghiep_TuNhan,0,0.599,93,79,0.158,Thấp,0
BK-01278,2026-04-13,4,2,0,13,2.5,0,HT-01,Sân thi đấu chính,3500,Giao lưu phong trào,CLB_ChuyenNghiep,0,0.614,1501,1726,0.4931,Trung bình,0
BK-01279,2026-06-14,6,8,1,15,1.5,1,HT-04,Bể bơi,2100,Tập luyện CLB / Đội tuyển,TruongHoc_DaiHoc,0,0.73,1358,1255,0.5976,Trung bình,0
BK-01280,2026-02-02,2,2,0,8,2.0,1,HT-05,Sân tập,200,Giao lưu phong trào,CLB_ChuyenNghiep,0,0.626,89,98,0.49,Trung bình,0
BK-01281,2026-04-06,4,2,0,14,2.0,0,HT-05,Sân tập,200,Tập thể thao tự do,NhomCaNhan,1,0.627,61,66,0.33,Thấp,0
BK-01282,2026-04-04,4,7,1,20,2.0,0,HT-01,Sân thi đấu chính,3500,Giải thi đấu thể thao,SoBanNganh_DoanThe,1,0.7,2630,2899,0.8283,Cao,0
BK-01283,2026-01-08,1,5,0,13,1.5,0,HT-01,Sân thi đấu chính,3500,Giao lưu phong trào,CLB_ChuyenNghiep,0,0.722,688,696,0.1989,Thấp,0
BK-01284,2026-05-15,5,6,0,8,1.5,1,HT-02,Hội trường,500,Hội nghị / Sự kiện,DoanhNghiep_TuNhan,0,0.546,292,258,0.516,Trung bình,0
BK-01285,2026-04-17,4,6,0,15,2.0,1,HT-05,Sân tập,200,Giao lưu phong trào,TruongHoc_DaiHoc,1,0.572,122,113,0.565,Trung bình,0
BK-01286,2026-05-19,5,3,0,17,1.5,0,HT-03,Sân cầu lông,800,Tập thể thao tự do,CLB_ChuyenNghiep,0,0.761,336,307,0.3837,Thấp,0
BK-01287,2026-02-06,2,6,0,18,1.5,1,HT-02,Hội trường,500,Hội nghị / Sự kiện,TruongHoc_DaiHoc,1,0.5,373,342,0.684,Trung bình,0
BK-01288,2026-06-18,6,5,0,13,3.0,0,HT-03,Sân cầu lông,800,Giao lưu phong trào,TruongHoc_DaiHoc,0,0.761,303,326,0.4075,Trung bình,0
BK-01289,2026-04-19,4,8,1,18,2.0,1,HT-03,Sân cầu lông,800,Giao lưu phong trào,TruongHoc_DaiHoc,0,0.748,527,508,0.635,Trung bình,0
BK-01290,2026-02-20,2,6,0,6,2.0,0,HT-02,Hội trường,500,Hội nghị / Sự kiện,SoBanNganh_DoanThe,1,0.525,310,308,0.616,Trung bình,0
BK-01291,2026-06-10,6,4,0,14,3.0,0,HT-05,Sân tập,200,Tập luyện CLB / Đội tuyển,CLB_ChuyenNghiep,0,0.643,62,57,0.285,Thấp,0
BK-01292,2026-03-28,3,7,1,8,2.5,1,HT-03,Sân cầu lông,800,Tập thể thao tự do,CLB_ChuyenNghiep,0,0.862,541,598,0.7475,Trung bình,0
BK-01293,2026-03-09,3,2,0,20,2.5,0,HT-01,Sân thi đấu chính,3500,Giao lưu phong trào,DoanhNghiep_TuNhan,1,0.733,1094,1249,0.3569,Thấp,0
BK-01294,2026-01-31,1,7,1,19,2.5,1,HT-05,Sân tập,200,Tập luyện CLB / Đội tuyển,CLB_ChuyenNghiep,0,0.659,160,139,0.695,Trung bình,0
BK-01295,2026-05-10,5,8,1,14,4.0,0,HT-02,Hội trường,500,Hội nghị / Sự kiện,SoBanNganh_DoanThe,1,0.527,260,278,0.556,Trung bình,0
BK-01296,2026-06-03,6,4,0,17,4.0,0,HT-02,Hội trường,500,Hội nghị / Sự kiện,TruongHoc_DaiHoc,1,0.53,316,318,0.636,Trung bình,0
BK-01297,2026-01-26,1,2,0,8,4.0,1,HT-06,Sân đa năng,1200,Giải thi đấu thể thao,DoanhNghiep_TuNhan,1,0.415,1143,1265,1.0542,Quá tải,1
BK-01298,2026-04-13,4,2,0,14,4.0,0,HT-03,Sân cầu lông,800,Tập thể thao tự do,CLB_ChuyenNghiep,0,0.78,171,145,0.1812,Thấp,0
BK-01299,2026-05-23,5,7,1,10,2.0,0,HT-06,Sân đa năng,1200,Tập luyện CLB / Đội tuyển,DoanhNghiep_TuNhan,0,0.447,218,194,0.1617,Thấp,0
BK-01300,2026-02-11,2,4,0,14,2.0,0,HT-02,Hội trường,500,Giao lưu phong trào,DoanhNghiep_TuNhan,0,0.622,114,104,0.208,Thấp,0
BK-01301,2026-02-05,2,5,0,7,4.0,0,HT-04,Bể bơi,2100,Giải thi đấu thể thao,CLB_ChuyenNghiep,1,0.742,1389,1317,0.6271,Trung bình,0
BK-01302,2026-05-14,5,5,0,16,1.5,1,HT-03,Sân cầu lông,800,Giao lưu phong trào,TruongHoc_DaiHoc,0,0.859,484,429,0.5363,Trung bình,0
BK-01303,2026-04-27,4,2,0,7,2.5,0,HT-02,Hội trường,500,Giao lưu phong trào,SoBanNganh_DoanThe,0,0.564,213,210,0.42,Trung bình,0
BK-01304,2026-06-27,6,7,1,20,2.5,0,HT-04,Bể bơi,2100,Tập thể thao tự do,TruongHoc_DaiHoc,1,0.698,1069,1100,0.5238,Trung bình,0
BK-01305,2026-06-20,6,7,1,19,3.0,1,HT-04,Bể bơi,2100,Tập luyện CLB / Đội tuyển,CLB_ChuyenNghiep,0,0.684,1725,1840,0.8762,Cao,0
BK-01306,2026-03-06,3,6,0,16,2.5,1,HT-06,Sân đa năng,1200,Giao lưu phong trào,DoanhNghiep_TuNhan,0,0.499,818,720,0.6,Trung bình,0
BK-01307,2026-03-04,3,4,0,15,2.0,1,HT-05,Sân tập,200,Giao lưu phong trào,CLB_ChuyenNghiep,0,0.61,92,97,0.485,Trung bình,0
BK-01308,2026-05-25,5,2,0,17,4.0,0,HT-04,Bể bơi,2100,Giải thi đấu thể thao,NhomCaNhan,1,0.656,1529,1594,0.759,Cao,0
BK-01309,2026-01-25,1,8,1,20,2.0,0,HT-01,Sân thi đấu chính,3500,Giao lưu phong trào,DoanhNghiep_TuNhan,0,0.719,1606,1554,0.444,Trung bình,0
BK-01310,2026-03-30,3,2,0,20,3.0,0,HT-06,Sân đa năng,1200,Giao lưu phong trào,DoanhNghiep_TuNhan,0,0.489,191,208,0.1733,Thấp,0
BK-01311,2026-04-21,4,3,0,6,2.0,0,HT-06,Sân đa năng,1200,Tập luyện CLB / Đội tuyển,CLB_ChuyenNghiep,1,0.498,530,596,0.4967,Trung bình,0
BK-01312,2026-04-27,4,2,0,13,2.5,0,HT-03,Sân cầu lông,800,Tập thể thao tự do,NhomCaNhan,0,0.842,327,346,0.4325,Trung bình,0
BK-01313,2026-02-11,2,4,0,16,4.0,1,HT-02,Hội trường,500,Giao lưu phong trào,TruongHoc_DaiHoc,0,0.607,277,305,0.61,Trung bình,0
BK-01314,2026-03-27,3,6,0,17,4.0,0,HT-03,Sân cầu lông,800,Giao lưu phong trào,NhomCaNhan,0,0.805,222,194,0.2425,Thấp,0
BK-01315,2026-06-09,6,3,0,18,2.0,1,HT-04,Bể bơi,2100,Tập luyện CLB / Đội tuyển,CLB_ChuyenNghiep,0,0.783,1319,1440,0.6857,Trung bình,0
BK-01316,2026-02-10,2,3,0,13,1.5,0,HT-02,Hội trường,500,Hội nghị / Sự kiện,SoBanNganh_DoanThe,1,0.591,425,432,0.864,Cao,0
BK-01317,2026-05-18,5,2,0,14,4.0,0,HT-02,Hội trường,500,Hội nghị / Sự kiện,SoBanNganh_DoanThe,1,0.606,405,424,0.848,Cao,0
BK-01318,2026-02-07,2,7,1,13,4.0,0,HT-06,Sân đa năng,1200,Giao lưu phong trào,SoBanNganh_DoanThe,1,0.51,365,390,0.325,Thấp,0
BK-01319,2026-03-17,3,3,0,17,1.5,0,HT-05,Sân tập,200,Tập thể thao tự do,NhomCaNhan,0,0.564,33,34,0.17,Thấp,0
BK-01320,2026-05-07,5,5,0,19,2.0,1,HT-02,Hội trường,500,Hội nghị / Sự kiện,SoBanNganh_DoanThe,1,0.624,364,341,0.682,Trung bình,0
BK-01321,2026-06-06,6,7,1,15,3.0,1,HT-04,Bể bơi,2100,Giải thi đấu thể thao,TruongHoc_DaiHoc,0,0.704,1392,1399,0.6662,Trung bình,0
BK-01322,2026-05-28,5,5,0,19,2.5,1,HT-04,Bể bơi,2100,Giải thi đấu thể thao,NhomCaNhan,1,0.79,1491,1669,0.7948,Cao,0
BK-01323,2026-03-23,3,2,0,13,1.5,0,HT-05,Sân tập,200,Giao lưu phong trào,NhomCaNhan,0,0.613,91,99,0.495,Trung bình,0
BK-01324,2026-01-25,1,8,1,19,3.0,1,HT-05,Sân tập,200,Giao lưu phong trào,CLB_ChuyenNghiep,1,0.632,160,152,0.76,Cao,0
BK-01325,2026-05-22,5,6,0,15,2.5,1,HT-02,Hội trường,500,Hội nghị / Sự kiện,DoanhNghiep_TuNhan,1,0.497,332,377,0.754,Cao,0
BK-01326,2026-05-24,5,8,1,16,1.5,1,HT-04,Bể bơi,2100,Tập luyện CLB / Đội tuyển,NhomCaNhan,0,0.755,1402,1219,0.5805,Trung bình,0
BK-01327,2026-05-26,5,3,0,19,1.5,1,HT-03,Sân cầu lông,800,Giao lưu phong trào,TruongHoc_DaiHoc,0,0.774,562,643,0.8037,Cao,0
BK-01328,2026-04-26,4,8,1,16,2.5,1,HT-03,Sân cầu lông,800,Tập thể thao tự do,NhomCaNhan,0,0.826,751,670,0.8375,Cao,0
BK-01329,2026-06-24,6,4,0,13,1.5,0,HT-05,Sân tập,200,Giao lưu phong trào,NhomCaNhan,0,0.618,50,57,0.285,Thấp,0
BK-01330,2026-05-16,5,7,1,19,2.0,1,HT-04,Bể bơi,2100,Giải thi đấu thể thao,CLB_ChuyenNghiep,1,0.669,1834,1657,0.789,Cao,0
BK-01331,2026-06-16,6,3,0,19,1.5,1,HT-04,Bể bơi,2100,Tập luyện CLB / Đội tuyển,CLB_ChuyenNghiep,1,0.769,1182,1247,0.5938,Trung bình,0
BK-01332,2026-04-08,4,4,0,15,2.0,1,HT-06,Sân đa năng,1200,Giao lưu phong trào,CLB_ChuyenNghiep,1,0.45,655,729,0.6075,Trung bình,0
BK-01333,2026-02-17,2,3,0,14,2.0,0,HT-03,Sân cầu lông,800,Tập luyện CLB / Đội tuyển,CLB_ChuyenNghiep,0,0.824,287,308,0.385,Thấp,0
BK-01334,2026-01-06,1,3,0,6,4.0,0,HT-05,Sân tập,200,Tập luyện CLB / Đội tuyển,TruongHoc_DaiHoc,0,0.521,45,45,0.225,Thấp,0
BK-01335,2026-04-09,4,5,0,6,4.0,0,HT-03,Sân cầu lông,800,Giao lưu phong trào,CLB_ChuyenNghiep,0,0.769,363,376,0.47,Trung bình,0
BK-01336,2026-02-25,2,4,0,7,2.0,0,HT-03,Sân cầu lông,800,Giao lưu phong trào,CLB_ChuyenNghiep,0,0.768,384,427,0.5337,Trung bình,0
BK-01337,2026-02-08,2,8,1,6,4.0,0,HT-04,Bể bơi,2100,Tập thể thao tự do,TruongHoc_DaiHoc,0,0.79,830,938,0.4467,Trung bình,0
BK-01338,2026-01-28,1,4,0,18,2.0,1,HT-03,Sân cầu lông,800,Giao lưu phong trào,TruongHoc_DaiHoc,1,0.838,326,292,0.365,Thấp,0
BK-01339,2026-03-28,3,7,1,18,4.0,1,HT-04,Bể bơi,2100,Tập luyện CLB / Đội tuyển,NhomCaNhan,0,0.663,1535,1418,0.6752,Trung bình,0
BK-01340,2026-05-06,5,4,0,20,3.0,0,HT-02,Hội trường,500,Hội nghị / Sự kiện,DoanhNghiep_TuNhan,1,0.576,420,463,0.926,Cao,1
BK-01341,2026-06-01,6,2,0,16,1.5,1,HT-01,Sân thi đấu chính,3500,Tập luyện CLB / Đội tuyển,DoanhNghiep_TuNhan,0,0.663,2076,2095,0.5986,Trung bình,0
BK-01342,2026-05-20,5,4,0,9,2.5,1,HT-06,Sân đa năng,1200,Giao lưu phong trào,CLB_ChuyenNghiep,0,0.44,613,599,0.4992,Trung bình,0
BK-01343,2026-01-22,1,5,0,6,3.0,0,HT-04,Bể bơi,2100,Tập thể thao tự do,NhomCaNhan,0,0.763,733,841,0.4005,Trung bình,0
BK-01344,2026-06-25,6,5,0,6,4.0,0,HT-06,Sân đa năng,1200,Giải thi đấu thể thao,CLB_ChuyenNghiep,0,0.457,906,1014,0.845,Cao,0
BK-01345,2026-06-14,6,8,1,19,1.5,1,HT-03,Sân cầu lông,800,Giao lưu phong trào,NhomCaNhan,1,0.748,518,590,0.7375,Trung bình,0
BK-01346,2026-06-25,6,5,0,19,4.0,1,HT-04,Bể bơi,2100,Giải thi đấu thể thao,CLB_ChuyenNghiep,1,0.713,1630,1490,0.7095,Trung bình,0
BK-01347,2026-02-17,2,3,0,19,2.5,1,HT-02,Hội trường,500,Hội nghị / Sự kiện,TruongHoc_DaiHoc,1,0.618,294,251,0.502,Trung bình,0
BK-01348,2026-02-22,2,8,1,7,2.5,0,HT-06,Sân đa năng,1200,Giải thi đấu thể thao,CLB_ChuyenNghiep,1,0.432,1071,967,0.8058,Cao,0
BK-01349,2026-02-28,2,7,1,14,1.5,0,HT-03,Sân cầu lông,800,Tập luyện CLB / Đội tuyển,NhomCaNhan,0,0.849,279,314,0.3925,Thấp,0
BK-01350,2026-06-10,6,4,0,9,2.5,1,HT-03,Sân cầu lông,800,Tập thể thao tự do,TruongHoc_DaiHoc,1,0.77,537,592,0.74,Trung bình,0
BK-01351,2026-05-05,5,3,0,17,1.5,0,HT-03,Sân cầu lông,800,Giao lưu phong trào,TruongHoc_DaiHoc,0,0.776,311,326,0.4075,Trung bình,0
BK-01352,2026-06-13,6,7,1,7,2.0,0,HT-01,Sân thi đấu chính,3500,Giao lưu phong trào,CLB_ChuyenNghiep,1,0.709,1008,934,0.2669,Thấp,0
BK-01353,2026-06-27,6,7,1,10,4.0,0,HT-04,Bể bơi,2100,Tập luyện CLB / Đội tuyển,NhomCaNhan,0,0.782,533,516,0.2457,Thấp,0
BK-01354,2026-02-21,2,7,1,16,3.0,1,HT-01,Sân thi đấu chính,3500,Giải thi đấu thể thao,CLB_ChuyenNghiep,1,0.606,2302,2033,0.5809,Trung bình,0
BK-01355,2026-04-10,4,6,0,7,1.5,0,HT-02,Hội trường,500,Hội nghị / Sự kiện,DoanhNghiep_TuNhan,1,0.477,303,311,0.622,Trung bình,0
BK-01356,2026-05-09,5,7,1,20,2.0,0,HT-02,Hội trường,500,Giao lưu phong trào,SoBanNganh_DoanThe,0,0.617,233,264,0.528,Trung bình,0
BK-01357,2026-03-31,3,3,0,9,1.5,1,HT-04,Bể bơi,2100,Tập luyện CLB / Đội tuyển,NhomCaNhan,1,0.671,962,870,0.4143,Trung bình,0
BK-01358,2026-06-18,6,5,0,15,1.5,1,HT-06,Sân đa năng,1200,Giao lưu phong trào,CLB_ChuyenNghiep,0,0.458,701,629,0.5242,Trung bình,0
BK-01359,2026-03-23,3,2,0,7,1.5,0,HT-01,Sân thi đấu chính,3500,Giao lưu phong trào,DoanhNghiep_TuNhan,0,0.659,1198,1353,0.3866,Thấp,0
BK-01360,2026-02-06,2,6,0,18,2.0,1,HT-01,Sân thi đấu chính,3500,Giải thi đấu thể thao,SoBanNganh_DoanThe,1,0.737,2283,2328,0.6651,Trung bình,0
BK-01361,2026-06-10,6,4,0,17,4.0,0,HT-01,Sân thi đấu chính,3500,Giải thi đấu thể thao,CLB_ChuyenNghiep,1,0.645,3513,3665,1.0471,Quá tải,1
BK-01362,2026-06-07,6,8,1,15,2.0,1,HT-04,Bể bơi,2100,Giải thi đấu thể thao,NhomCaNhan,1,0.787,1736,1712,0.8152,Cao,0
BK-01363,2026-02-09,2,2,0,16,2.5,1,HT-04,Bể bơi,2100,Tập thể thao tự do,CLB_ChuyenNghiep,0,0.681,1504,1453,0.6919,Trung bình,0
BK-01364,2026-02-11,2,4,0,19,1.5,1,HT-03,Sân cầu lông,800,Tập thể thao tự do,CLB_ChuyenNghiep,1,0.776,467,472,0.59,Trung bình,0
BK-01365,2026-04-13,4,2,0,18,2.5,1,HT-02,Hội trường,500,Hội nghị / Sự kiện,DoanhNghiep_TuNhan,1,0.532,338,332,0.664,Trung bình,0
BK-01366,2026-04-04,4,7,1,13,3.0,0,HT-03,Sân cầu lông,800,Tập luyện CLB / Đội tuyển,TruongHoc_DaiHoc,0,0.892,196,200,0.25,Thấp,0
BK-01367,2026-06-18,6,5,0,13,3.0,0,HT-05,Sân tập,200,Giao lưu phong trào,CLB_ChuyenNghiep,0,0.607,50,49,0.245,Thấp,0
BK-01368,2026-04-26,4,8,1,20,4.0,0,HT-03,Sân cầu lông,800,Tập thể thao tự do,NhomCaNhan,1,0.89,231,242,0.3025,Thấp,0
BK-01369,2026-04-21,4,3,0,15,1.5,1,HT-02,Hội trường,500,Hội nghị / Sự kiện,DoanhNghiep_TuNhan,1,0.593,307,323,0.646,Trung bình,0
BK-01370,2026-06-14,6,8,1,17,2.0,0,HT-04,Bể bơi,2100,Tập thể thao tự do,NhomCaNhan,0,0.718,519,559,0.2662,Thấp,0
BK-01371,2026-06-06,6,7,1,16,1.5,1,HT-05,Sân tập,200,Giao lưu phong trào,NhomCaNhan,0,0.528,112,124,0.62,Trung bình,0
BK-01372,2026-01-24,1,7,1,13,2.0,0,HT-03,Sân cầu lông,800,Giao lưu phong trào,NhomCaNhan,0,0.79,188,194,0.2425,Thấp,0
BK-01373,2026-04-25,4,7,1,13,2.0,0,HT-04,Bể bơi,2100,Tập luyện CLB / Đội tuyển,NhomCaNhan,1,0.706,786,703,0.3348,Thấp,0
BK-01374,2026-05-17,5,8,1,14,2.0,0,HT-05,Sân tập,200,Giao lưu phong trào,TruongHoc_DaiHoc,0,0.56,75,82,0.41,Trung bình,0
BK-01375,2026-01-30,1,6,0,8,3.0,1,HT-06,Sân đa năng,1200,Giải thi đấu thể thao,CLB_ChuyenNghiep,1,0.373,895,806,0.6717,Trung bình,0
BK-01376,2026-06-26,6,6,0,15,4.0,1,HT-03,Sân cầu lông,800,Giao lưu phong trào,NhomCaNhan,0,0.795,325,341,0.4263,Trung bình,0
BK-01377,2026-03-28,3,7,1,13,1.5,0,HT-01,Sân thi đấu chính,3500,Giải thi đấu thể thao,CLB_ChuyenNghiep,1,0.75,3235,2857,0.8163,Cao,0
BK-01378,2026-06-21,6,8,1,18,2.5,1,HT-02,Hội trường,500,Giao lưu phong trào,TruongHoc_DaiHoc,0,0.549,405,463,0.926,Cao,1
BK-01379,2026-06-09,6,3,0,14,2.0,0,HT-05,Sân tập,200,Tập thể thao tự do,CLB_ChuyenNghiep,1,0.598,49,55,0.275,Thấp,0
BK-01380,2026-02-12,2,5,0,18,2.0,1,HT-01,Sân thi đấu chính,3500,Tập luyện CLB / Đội tuyển,SoBanNganh_DoanThe,0,0.759,2535,2362,0.6749,Trung bình,0
BK-01381,2026-06-18,6,5,0,18,1.5,1,HT-04,Bể bơi,2100,Tập luyện CLB / Đội tuyển,TruongHoc_DaiHoc,1,0.732,1607,1371,0.6529,Trung bình,0
BK-01382,2026-03-19,3,5,0,9,3.0,1,HT-04,Bể bơi,2100,Tập luyện CLB / Đội tuyển,NhomCaNhan,1,0.769,1386,1317,0.6271,Trung bình,0
BK-01383,2026-04-19,4,8,1,19,2.5,1,HT-04,Bể bơi,2100,Tập thể thao tự do,NhomCaNhan,0,0.786,1604,1491,0.71,Trung bình,0
BK-01384,2026-06-21,6,8,1,20,2.5,0,HT-01,Sân thi đấu chính,3500,Tập luyện CLB / Đội tuyển,CLB_ChuyenNghiep,1,0.628,718,662,0.1891,Thấp,0
BK-01385,2026-01-17,1,7,1,17,2.0,0,HT-02,Hội trường,500,Hội nghị / Sự kiện,SoBanNganh_DoanThe,1,0.569,267,296,0.592,Trung bình,0
BK-01386,2026-02-09,2,2,0,18,3.0,1,HT-05,Sân tập,200,Giao lưu phong trào,CLB_ChuyenNghiep,0,0.552,80,84,0.42,Trung bình,0
BK-01387,2026-01-21,1,4,0,7,1.5,0,HT-02,Hội trường,500,Hội nghị / Sự kiện,DoanhNghiep_TuNhan,1,0.521,264,230,0.46,Trung bình,0
BK-01388,2026-05-16,5,7,1,15,2.0,1,HT-02,Hội trường,500,Giao lưu phong trào,TruongHoc_DaiHoc,0,0.608,387,397,0.794,Cao,0
BK-01389,2026-04-24,4,6,0,16,1.5,1,HT-02,Hội trường,500,Hội nghị / Sự kiện,SoBanNganh_DoanThe,0,0.5,318,325,0.65,Trung bình,0
BK-01390,2026-02-01,2,8,1,20,1.5,0,HT-06,Sân đa năng,1200,Giải thi đấu thể thao,CLB_ChuyenNghiep,1,0.504,994,962,0.8017,Cao,0
BK-01391,2026-03-17,3,3,0,14,4.0,0,HT-05,Sân tập,200,Giao lưu phong trào,CLB_ChuyenNghiep,1,0.521,46,42,0.21,Thấp,0
BK-01392,2026-06-24,6,4,0,10,2.0,0,HT-03,Sân cầu lông,800,Tập luyện CLB / Đội tuyển,NhomCaNhan,1,0.871,226,234,0.2925,Thấp,0
BK-01393,2026-01-21,1,4,0,20,3.0,0,HT-06,Sân đa năng,1200,Giải thi đấu thể thao,DoanhNghiep_TuNhan,1,0.482,943,1060,0.8833,Cao,0
BK-01394,2026-06-05,6,6,0,7,4.0,0,HT-06,Sân đa năng,1200,Giao lưu phong trào,DoanhNghiep_TuNhan,0,0.45,387,384,0.32,Thấp,0
BK-01395,2026-05-06,5,4,0,16,2.0,1,HT-03,Sân cầu lông,800,Tập luyện CLB / Đội tuyển,TruongHoc_DaiHoc,1,0.792,504,561,0.7013,Trung bình,0
BK-01396,2026-04-14,4,3,0,15,3.0,1,HT-04,Bể bơi,2100,Tập thể thao tự do,CLB_ChuyenNghiep,0,0.766,1224,1361,0.6481,Trung bình,0
BK-01397,2026-04-08,4,4,0,8,3.0,1,HT-06,Sân đa năng,1200,Giao lưu phong trào,CLB_ChuyenNghiep,0,0.521,890,796,0.6633,Trung bình,0
BK-01398,2026-02-25,2,4,0,6,3.0,0,HT-01,Sân thi đấu chính,3500,Giao lưu phong trào,CLB_ChuyenNghiep,0,0.733,766,687,0.1963,Thấp,0
BK-01399,2026-05-21,5,5,0,9,2.0,1,HT-03,Sân cầu lông,800,Tập thể thao tự do,TruongHoc_DaiHoc,0,0.895,480,431,0.5387,Trung bình,0
BK-01400,2026-01-16,1,6,0,7,1.5,0,HT-03,Sân cầu lông,800,Tập thể thao tự do,TruongHoc_DaiHoc,0,0.869,190,215,0.2687,Thấp,0
BK-01401,2026-04-17,4,6,0,6,2.5,0,HT-04,Bể bơi,2100,Giải thi đấu thể thao,CLB_ChuyenNghiep,1,0.736,1597,1650,0.7857,Cao,0
BK-01402,2026-05-16,5,7,1,13,2.5,0,HT-03,Sân cầu lông,800,Giao lưu phong trào,NhomCaNhan,0,0.807,357,351,0.4387,Trung bình,0
BK-01403,2026-02-23,2,2,0,19,2.0,1,HT-03,Sân cầu lông,800,Tập thể thao tự do,TruongHoc_DaiHoc,0,0.832,626,636,0.795,Cao,0
BK-01404,2026-03-26,3,5,0,9,2.0,1,HT-06,Sân đa năng,1200,Giao lưu phong trào,DoanhNghiep_TuNhan,0,0.5,898,927,0.7725,Cao,0
BK-01405,2026-03-05,3,5,0,17,3.0,0,HT-04,Bể bơi,2100,Tập thể thao tự do,NhomCaNhan,0,0.653,404,418,0.199,Thấp,0
BK-01406,2026-05-06,5,4,0,17,2.5,0,HT-04,Bể bơi,2100,Tập thể thao tự do,NhomCaNhan,0,0.698,481,511,0.2433,Thấp,0
BK-01407,2026-01-16,1,6,0,9,2.0,1,HT-04,Bể bơi,2100,Giải thi đấu thể thao,CLB_ChuyenNghiep,1,0.684,1878,1678,0.799,Cao,0
BK-01408,2026-03-23,3,2,0,13,4.0,0,HT-04,Bể bơi,2100,Giải thi đấu thể thao,CLB_ChuyenNghiep,1,0.659,1934,1990,0.9476,Cao,1
BK-01409,2026-01-16,1,6,0,9,4.0,1,HT-06,Sân đa năng,1200,Tập luyện CLB / Đội tuyển,SoBanNganh_DoanThe,1,0.418,663,733,0.6108,Trung bình,0
BK-01410,2026-02-22,2,8,1,10,1.5,0,HT-02,Hội trường,500,Hội nghị / Sự kiện,TruongHoc_DaiHoc,1,0.629,315,341,0.682,Trung bình,0
BK-01411,2026-04-25,4,7,1,14,4.0,0,HT-06,Sân đa năng,1200,Giải thi đấu thể thao,DoanhNghiep_TuNhan,1,0.402,971,958,0.7983,Cao,0
BK-01412,2026-06-05,6,6,0,10,2.0,0,HT-04,Bể bơi,2100,Giải thi đấu thể thao,CLB_ChuyenNghiep,1,0.716,1252,1186,0.5648,Trung bình,0
BK-01413,2026-02-06,2,6,0,19,3.0,1,HT-03,Sân cầu lông,800,Giao lưu phong trào,NhomCaNhan,0,0.874,490,464,0.58,Trung bình,0
BK-01414,2026-01-09,1,6,0,10,2.5,0,HT-06,Sân đa năng,1200,Tập luyện CLB / Đội tuyển,DoanhNghiep_TuNhan,1,0.449,412,438,0.365,Thấp,0
BK-01415,2026-01-18,1,8,1,8,1.5,1,HT-02,Hội trường,500,Hội nghị / Sự kiện,TruongHoc_DaiHoc,1,0.536,418,397,0.794,Cao,0
BK-01416,2026-01-18,1,8,1,14,4.0,0,HT-04,Bể bơi,2100,Tập thể thao tự do,TruongHoc_DaiHoc,0,0.654,930,943,0.449,Trung bình,0
BK-01417,2026-02-23,2,2,0,8,1.5,1,HT-04,Bể bơi,2100,Tập luyện CLB / Đội tuyển,CLB_ChuyenNghiep,1,0.775,1329,1150,0.5476,Trung bình,0
BK-01418,2026-02-27,2,6,0,6,1.5,0,HT-04,Bể bơi,2100,Tập thể thao tự do,CLB_ChuyenNghiep,0,0.702,942,890,0.4238,Trung bình,0
BK-01419,2026-06-12,6,6,0,14,1.5,0,HT-06,Sân đa năng,1200,Tập luyện CLB / Đội tuyển,SoBanNganh_DoanThe,0,0.376,479,486,0.405,Trung bình,0
BK-01420,2026-05-31,5,8,1,9,2.0,1,HT-01,Sân thi đấu chính,3500,Tập luyện CLB / Đội tuyển,SoBanNganh_DoanThe,1,0.744,2883,2768,0.7909,Cao,0
BK-01421,2026-02-12,2,5,0,9,2.0,1,HT-04,Bể bơi,2100,Giải thi đấu thể thao,CLB_ChuyenNghiep,0,0.722,1753,1782,0.8486,Cao,0
BK-01422,2026-02-10,2,3,0,20,4.0,0,HT-02,Hội trường,500,Giao lưu phong trào,DoanhNghiep_TuNhan,1,0.542,227,237,0.474,Trung bình,0
BK-01423,2026-04-25,4,7,1,18,4.0,1,HT-05,Sân tập,200,Tập thể thao tự do,NhomCaNhan,1,0.66,129,138,0.69,Trung bình,0
BK-01424,2026-02-21,2,7,1,19,2.5,1,HT-05,Sân tập,200,Giao lưu phong trào,TruongHoc_DaiHoc,1,0.624,149,147,0.735,Trung bình,0
BK-01425,2026-02-28,2,7,1,10,2.0,0,HT-05,Sân tập,200,Giao lưu phong trào,NhomCaNhan,0,0.6,42,39,0.195,Thấp,0
BK-01426,2026-04-10,4,6,0,13,3.0,0,HT-06,Sân đa năng,1200,Giao lưu phong trào,DoanhNghiep_TuNhan,0,0.497,564,580,0.4833,Trung bình,0
BK-01427,2026-06-20,6,7,1,7,4.0,0,HT-02,Hội trường,500,Hội nghị / Sự kiện,SoBanNganh_DoanThe,0,0.619,383,434,0.868,Cao,0
BK-01428,2026-03-19,3,5,0,14,4.0,0,HT-04,Bể bơi,2100,Tập thể thao tự do,CLB_ChuyenNghiep,1,0.78,443,432,0.2057,Thấp,0
BK-01429,2026-01-20,1,3,0,14,1.5,0,HT-03,Sân cầu lông,800,Tập thể thao tự do,NhomCaNhan,0,0.882,194,219,0.2737,Thấp,0
BK-01430,2026-02-22,2,8,1,18,1.5,1,HT-01,Sân thi đấu chính,3500,Giao lưu phong trào,CLB_ChuyenNghiep,1,0.693,2074,2304,0.6583,Trung bình,0
BK-01431,2026-05-23,5,7,1,10,1.5,0,HT-03,Sân cầu lông,800,Giao lưu phong trào,TruongHoc_DaiHoc,0,0.848,302,262,0.3275,Thấp,0
BK-01432,2026-01-08,1,5,0,15,3.0,1,HT-01,Sân thi đấu chính,3500,Giao lưu phong trào,SoBanNganh_DoanThe,1,0.754,1528,1599,0.4569,Trung bình,0
BK-01433,2026-03-13,3,6,0,10,3.0,0,HT-06,Sân đa năng,1200,Giải thi đấu thể thao,SoBanNganh_DoanThe,1,0.442,943,867,0.7225,Trung bình,0
BK-01434,2026-01-01,1,5,0,6,4.0,0,HT-06,Sân đa năng,1200,Giao lưu phong trào,DoanhNghiep_TuNhan,0,0.378,364,402,0.335,Thấp,0
BK-01435,2026-04-04,4,7,1,17,2.5,0,HT-01,Sân thi đấu chính,3500,Giao lưu phong trào,SoBanNganh_DoanThe,0,0.687,1061,1132,0.3234,Thấp,0
BK-01436,2026-03-24,3,3,0,18,2.5,1,HT-06,Sân đa năng,1200,Giao lưu phong trào,CLB_ChuyenNghiep,0,0.394,697,752,0.6267,Trung bình,0
BK-01437,2026-06-22,6,2,0,18,4.0,1,HT-04,Bể bơi,2100,Tập luyện CLB / Đội tuyển,NhomCaNhan,0,0.788,858,764,0.3638,Thấp,0
BK-01438,2026-06-15,6,2,0,15,4.0,1,HT-04,Bể bơi,2100,Giải thi đấu thể thao,CLB_ChuyenNghiep,0,0.663,1713,1961,0.9338,Cao,1
BK-01439,2026-03-29,3,8,1,18,2.0,1,HT-05,Sân tập,200,Giao lưu phong trào,NhomCaNhan,0,0.652,178,172,0.86,Cao,0
BK-01440,2026-01-29,1,5,0,16,1.5,1,HT-05,Sân tập,200,Giao lưu phong trào,NhomCaNhan,0,0.638,98,111,0.555,Trung bình,0
BK-01441,2026-06-25,6,5,0,20,2.5,0,HT-06,Sân đa năng,1200,Giao lưu phong trào,CLB_ChuyenNghiep,0,0.454,517,584,0.4867,Trung bình,0
BK-01442,2026-04-11,4,7,1,17,2.5,0,HT-02,Hội trường,500,Giao lưu phong trào,TruongHoc_DaiHoc,0,0.603,96,94,0.188,Thấp,0
BK-01443,2026-02-18,2,4,0,6,4.0,0,HT-06,Sân đa năng,1200,Giải thi đấu thể thao,SoBanNganh_DoanThe,1,0.435,878,809,0.6742,Trung bình,0
BK-01444,2026-02-23,2,2,0,18,1.5,1,HT-05,Sân tập,200,Tập luyện CLB / Đội tuyển,NhomCaNhan,1,0.629,94,103,0.515,Trung bình,0
BK-01445,2026-01-18,1,8,1,15,1.5,1,HT-03,Sân cầu lông,800,Tập thể thao tự do,CLB_ChuyenNghiep,0,0.8,491,467,0.5837,Trung bình,0
BK-01446,2026-03-19,3,5,0,17,4.0,0,HT-04,Bể bơi,2100,Tập luyện CLB / Đội tuyển,TruongHoc_DaiHoc,0,0.691,345,296,0.141,Thấp,0
BK-01447,2026-01-08,1,5,0,19,3.0,1,HT-03,Sân cầu lông,800,Tập thể thao tự do,TruongHoc_DaiHoc,0,0.892,445,495,0.6188,Trung bình,0
BK-01448,2026-06-25,6,5,0,6,3.0,0,HT-04,Bể bơi,2100,Tập thể thao tự do,NhomCaNhan,0,0.679,360,315,0.15,Thấp,0
BK-01449,2026-06-11,6,5,0,15,3.0,1,HT-01,Sân thi đấu chính,3500,Tập luyện CLB / Đội tuyển,SoBanNganh_DoanThe,1,0.724,2362,2227,0.6363,Trung bình,0
BK-01450,2026-04-26,4,8,1,17,3.0,0,HT-02,Hội trường,500,Hội nghị / Sự kiện,SoBanNganh_DoanThe,1,0.551,366,314,0.628,Trung bình,0
BK-01451,2026-01-18,1,8,1,8,3.0,1,HT-05,Sân tập,200,Tập thể thao tự do,TruongHoc_DaiHoc,0,0.561,169,180,0.9,Cao,1
BK-01452,2026-01-31,1,7,1,16,3.0,1,HT-06,Sân đa năng,1200,Giải thi đấu thể thao,SoBanNganh_DoanThe,1,0.388,803,762,0.635,Trung bình,0
BK-01453,2026-02-09,2,2,0,9,3.0,1,HT-01,Sân thi đấu chính,3500,Giao lưu phong trào,CLB_ChuyenNghiep,1,0.724,2494,2797,0.7991,Cao,0
BK-01454,2026-01-12,1,2,0,8,2.0,1,HT-03,Sân cầu lông,800,Tập thể thao tự do,TruongHoc_DaiHoc,0,0.892,477,521,0.6512,Trung bình,0
BK-01455,2026-01-30,1,6,0,8,2.0,1,HT-01,Sân thi đấu chính,3500,Giải thi đấu thể thao,DoanhNghiep_TuNhan,0,0.727,2633,2629,0.7511,Cao,0
BK-01456,2026-04-21,4,3,0,19,4.0,1,HT-01,Sân thi đấu chính,3500,Tập luyện CLB / Đội tuyển,SoBanNganh_DoanThe,0,0.689,1522,1421,0.406,Trung bình,0
BK-01457,2026-04-19,4,8,1,7,1.5,0,HT-01,Sân thi đấu chính,3500,Giao lưu phong trào,DoanhNghiep_TuNhan,0,0.74,1101,1235,0.3529,Thấp,0
BK-01458,2026-01-31,1,7,1,8,1.5,1,HT-01,Sân thi đấu chính,3500,Tập luyện CLB / Đội tuyển,CLB_ChuyenNghiep,0,0.642,2823,2715,0.7757,Cao,0
BK-01459,2026-01-18,1,8,1,8,4.0,1,HT-06,Sân đa năng,1200,Giao lưu phong trào,CLB_ChuyenNghiep,0,0.482,746,663,0.5525,Trung bình,0
BK-01460,2026-01-03,1,7,1,6,4.0,0,HT-03,Sân cầu lông,800,Tập luyện CLB / Đội tuyển,NhomCaNhan,0,0.87,195,183,0.2288,Thấp,0
BK-01461,2026-03-23,3,2,0,15,2.0,1,HT-02,Hội trường,500,Hội nghị / Sự kiện,TruongHoc_DaiHoc,1,0.571,307,296,0.592,Trung bình,0
BK-01462,2026-05-19,5,3,0,8,2.0,1,HT-01,Sân thi đấu chính,3500,Tập luyện CLB / Đội tuyển,CLB_ChuyenNghiep,0,0.691,1487,1704,0.4869,Trung bình,0
BK-01463,2026-03-05,3,5,0,20,3.0,0,HT-06,Sân đa năng,1200,Tập luyện CLB / Đội tuyển,SoBanNganh_DoanThe,0,0.377,517,556,0.4633,Trung bình,0
BK-01464,2026-03-24,3,3,0,6,2.0,0,HT-04,Bể bơi,2100,Giải thi đấu thể thao,TruongHoc_DaiHoc,0,0.76,1645,1826,0.8695,Cao,0
BK-01465,2026-02-02,2,2,0,17,4.0,0,HT-04,Bể bơi,2100,Tập luyện CLB / Đội tuyển,TruongHoc_DaiHoc,0,0.72,741,745,0.3548,Thấp,0
BK-01466,2026-01-20,1,3,0,17,1.5,0,HT-04,Bể bơi,2100,Tập luyện CLB / Đội tuyển,CLB_ChuyenNghiep,0,0.646,878,949,0.4519,Trung bình,0
BK-01467,2026-03-13,3,6,0,10,3.0,0,HT-04,Bể bơi,2100,Giải thi đấu thể thao,NhomCaNhan,1,0.792,1643,1548,0.7371,Trung bình,0
BK-01468,2026-05-11,5,2,0,14,4.0,0,HT-04,Bể bơi,2100,Giải thi đấu thể thao,TruongHoc_DaiHoc,0,0.715,1802,1841,0.8767,Cao,0
BK-01469,2026-01-24,1,7,1,15,2.5,1,HT-06,Sân đa năng,1200,Tập luyện CLB / Đội tuyển,DoanhNghiep_TuNhan,0,0.51,761,860,0.7167,Trung bình,0
BK-01470,2026-06-02,6,3,0,9,2.5,1,HT-05,Sân tập,200,Tập thể thao tự do,NhomCaNhan,0,0.603,100,109,0.545,Trung bình,0
BK-01471,2026-04-16,4,5,0,10,4.0,0,HT-03,Sân cầu lông,800,Tập thể thao tự do,TruongHoc_DaiHoc,0,0.863,361,321,0.4012,Trung bình,0
BK-01472,2026-03-17,3,3,0,18,2.5,1,HT-02,Hội trường,500,Giao lưu phong trào,SoBanNganh_DoanThe,0,0.61,282,301,0.602,Trung bình,0
BK-01473,2026-06-13,6,7,1,9,4.0,1,HT-02,Hội trường,500,Giao lưu phong trào,SoBanNganh_DoanThe,0,0.585,410,396,0.792,Cao,0
BK-01474,2026-05-26,5,3,0,16,2.5,1,HT-04,Bể bơi,2100,Tập thể thao tự do,NhomCaNhan,0,0.797,1121,1226,0.5838,Trung bình,0
BK-01475,2026-01-01,1,5,0,9,2.5,1,HT-01,Sân thi đấu chính,3500,Giao lưu phong trào,SoBanNganh_DoanThe,0,0.667,2207,2214,0.6326,Trung bình,0
BK-01476,2026-03-10,3,3,0,14,3.0,0,HT-01,Sân thi đấu chính,3500,Tập luyện CLB / Đội tuyển,CLB_ChuyenNghiep,0,0.658,922,833,0.238,Thấp,0
BK-01477,2026-01-14,1,4,0,7,2.5,0,HT-01,Sân thi đấu chính,3500,Giải thi đấu thể thao,DoanhNghiep_TuNhan,1,0.668,2214,2375,0.6786,Trung bình,0
BK-01478,2026-01-11,1,8,1,17,1.5,0,HT-06,Sân đa năng,1200,Giải thi đấu thể thao,CLB_ChuyenNghiep,1,0.407,959,938,0.7817,Cao,0
BK-01479,2026-06-08,6,2,0,17,2.5,0,HT-05,Sân tập,200,Giao lưu phong trào,CLB_ChuyenNghiep,0,0.555,41,38,0.19,Thấp,0
BK-01480,2026-04-09,4,5,0,16,4.0,1,HT-02,Hội trường,500,Hội nghị / Sự kiện,SoBanNganh_DoanThe,1,0.548,415,386,0.772,Cao,0
BK-01481,2026-01-25,1,8,1,14,2.0,0,HT-02,Hội trường,500,Hội nghị / Sự kiện,DoanhNghiep_TuNhan,1,0.471,439,409,0.818,Cao,0
BK-01482,2026-06-21,6,8,1,14,4.0,0,HT-03,Sân cầu lông,800,Giao lưu phong trào,CLB_ChuyenNghiep,0,0.811,197,191,0.2387,Thấp,0
BK-01483,2026-02-08,2,8,1,14,4.0,0,HT-06,Sân đa năng,1200,Giao lưu phong trào,CLB_ChuyenNghiep,0,0.496,316,315,0.2625,Thấp,0
BK-01484,2026-05-15,5,6,0,13,1.5,0,HT-03,Sân cầu lông,800,Tập thể thao tự do,TruongHoc_DaiHoc,0,0.853,362,348,0.435,Trung bình,0
BK-01485,2026-06-03,6,4,0,18,3.0,1,HT-06,Sân đa năng,1200,Giải thi đấu thể thao,SoBanNganh_DoanThe,1,0.417,876,809,0.6742,Trung bình,0
BK-01486,2026-03-01,3,8,1,17,3.0,0,HT-04,Bể bơi,2100,Tập thể thao tự do,TruongHoc_DaiHoc,0,0.768,513,505,0.2405,Thấp,0
BK-01487,2026-04-10,4,6,0,13,2.5,0,HT-05,Sân tập,200,Tập thể thao tự do,NhomCaNhan,0,0.561,87,76,0.38,Thấp,0
BK-01488,2026-02-28,2,7,1,13,2.5,0,HT-03,Sân cầu lông,800,Tập thể thao tự do,NhomCaNhan,1,0.87,369,379,0.4738,Trung bình,0
BK-01489,2026-01-10,1,7,1,13,1.5,0,HT-04,Bể bơi,2100,Tập thể thao tự do,CLB_ChuyenNghiep,0,0.68,441,447,0.2129,Thấp,0
BK-01490,2026-05-15,5,6,0,15,2.0,1,HT-03,Sân cầu lông,800,Tập thể thao tự do,NhomCaNhan,0,0.79,431,395,0.4938,Trung bình,0
BK-01491,2026-05-14,5,5,0,9,1.5,1,HT-01,Sân thi đấu chính,3500,Tập luyện CLB / Đội tuyển,CLB_ChuyenNghiep,0,0.719,2534,2812,0.8034,Cao,0
BK-01492,2026-03-15,3,8,1,15,3.0,1,HT-05,Sân tập,200,Tập luyện CLB / Đội tuyển,NhomCaNhan,1,0.644,181,158,0.79,Cao,0
BK-01493,2026-03-10,3,3,0,16,1.5,1,HT-02,Hội trường,500,Giao lưu phong trào,TruongHoc_DaiHoc,0,0.509,303,342,0.684,Trung bình,0
BK-01494,2026-01-03,1,7,1,8,2.5,1,HT-03,Sân cầu lông,800,Giao lưu phong trào,NhomCaNhan,0,0.815,680,612,0.765,Cao,0
BK-01495,2026-02-03,2,3,0,17,2.5,0,HT-02,Hội trường,500,Giao lưu phong trào,DoanhNghiep_TuNhan,1,0.572,97,89,0.178,Thấp,0
BK-01496,2026-01-11,1,8,1,14,2.0,0,HT-01,Sân thi đấu chính,3500,Giải thi đấu thể thao,SoBanNganh_DoanThe,1,0.687,3224,3122,0.892,Cao,0
BK-01497,2026-04-14,4,3,0,15,4.0,1,HT-05,Sân tập,200,Tập thể thao tự do,TruongHoc_DaiHoc,0,0.67,136,125,0.625,Trung bình,0
BK-01498,2026-02-12,2,5,0,15,2.0,1,HT-05,Sân tập,200,Tập luyện CLB / Đội tuyển,NhomCaNhan,1,0.665,159,140,0.7,Trung bình,0
BK-01499,2026-04-08,4,4,0,10,2.5,0,HT-04,Bể bơi,2100,Tập thể thao tự do,NhomCaNhan,0,0.76,817,884,0.421,Trung bình,0
BK-01500,2026-04-26,4,8,1,20,2.0,0,HT-05,Sân tập,200,Giao lưu phong trào,CLB_ChuyenNghiep,0,0.56,43,48,0.24,Thấp,0
BK-01501,2026-04-13,4,2,0,19,3.0,1,HT-04,Bể bơi,2100,Tập luyện CLB / Đội tuyển,CLB_ChuyenNghiep,0,0.784,1042,1181,0.5624,Trung bình,0
BK-01502,2026-01-26,1,2,0,13,1.5,0,HT-03,Sân cầu lông,800,Tập thể thao tự do,CLB_ChuyenNghiep,0,0.787,395,345,0.4313,Trung bình,0
BK-01503,2026-05-12,5,3,0,15,1.5,1,HT-05,Sân tập,200,Tập thể thao tự do,NhomCaNhan,0,0.679,101,90,0.45,Trung bình,0
BK-01504,2026-02-07,2,7,1,19,4.0,1,HT-06,Sân đa năng,1200,Giao lưu phong trào,CLB_ChuyenNghiep,1,0.435,802,687,0.5725,Trung bình,0
BK-01505,2026-06-06,6,7,1,13,4.0,0,HT-04,Bể bơi,2100,Tập luyện CLB / Đội tuyển,NhomCaNhan,0,0.761,919,1024,0.4876,Trung bình,0
BK-01506,2026-04-21,4,3,0,6,4.0,0,HT-05,Sân tập,200,Giao lưu phong trào,TruongHoc_DaiHoc,0,0.58,37,41,0.205,Thấp,0
BK-01507,2026-06-19,6,6,0,15,2.5,1,HT-06,Sân đa năng,1200,Giải thi đấu thể thao,CLB_ChuyenNghiep,1,0.405,870,811,0.6758,Trung bình,0
BK-01508,2026-01-12,1,2,0,6,2.0,0,HT-03,Sân cầu lông,800,Tập luyện CLB / Đội tuyển,CLB_ChuyenNghiep,0,0.828,252,225,0.2812,Thấp,0
BK-01509,2026-03-07,3,7,1,6,1.5,0,HT-02,Hội trường,500,Hội nghị / Sự kiện,SoBanNganh_DoanThe,1,0.627,305,302,0.604,Trung bình,0
BK-01510,2026-06-22,6,2,0,7,1.5,0,HT-04,Bể bơi,2100,Giải thi đấu thể thao,NhomCaNhan,1,0.715,1652,1588,0.7562,Cao,0
BK-01511,2026-03-08,3,8,1,16,4.0,1,HT-05,Sân tập,200,Giao lưu phong trào,CLB_ChuyenNghiep,0,0.635,129,136,0.68,Trung bình,0
BK-01512,2026-05-14,5,5,0,10,4.0,0,HT-06,Sân đa năng,1200,Giải thi đấu thể thao,CLB_ChuyenNghiep,1,0.418,893,1010,0.8417,Cao,0
BK-01513,2026-04-14,4,3,0,17,2.5,0,HT-01,Sân thi đấu chính,3500,Giao lưu phong trào,CLB_ChuyenNghiep,0,0.753,1287,1178,0.3366,Thấp,0
BK-01514,2026-04-29,4,4,0,7,4.0,0,HT-02,Hội trường,500,Giao lưu phong trào,DoanhNghiep_TuNhan,0,0.496,143,125,0.25,Thấp,0
BK-01515,2026-05-04,5,2,0,7,2.5,0,HT-06,Sân đa năng,1200,Giải thi đấu thể thao,SoBanNganh_DoanThe,1,0.423,919,1050,0.875,Cao,0
BK-01516,2026-04-05,4,8,1,10,2.0,0,HT-01,Sân thi đấu chính,3500,Giao lưu phong trào,SoBanNganh_DoanThe,0,0.638,952,932,0.2663,Thấp,0
BK-01517,2026-03-04,3,4,0,20,2.0,0,HT-05,Sân tập,200,Tập thể thao tự do,NhomCaNhan,0,0.533,76,66,0.33,Thấp,0
BK-01518,2026-01-03,1,7,1,16,3.0,1,HT-02,Hội trường,500,Giao lưu phong trào,SoBanNganh_DoanThe,0,0.478,435,389,0.778,Cao,0
BK-01519,2026-05-01,5,6,0,6,2.0,0,HT-02,Hội trường,500,Giao lưu phong trào,DoanhNghiep_TuNhan,0,0.484,245,257,0.514,Trung bình,0
BK-01520,2026-02-12,2,5,0,13,1.5,0,HT-03,Sân cầu lông,800,Tập luyện CLB / Đội tuyển,TruongHoc_DaiHoc,1,0.866,117,131,0.1638,Thấp,0
BK-01521,2026-04-11,4,7,1,7,2.5,0,HT-04,Bể bơi,2100,Giải thi đấu thể thao,NhomCaNhan,1,0.65,1809,1692,0.8057,Cao,0
BK-01522,2026-06-05,6,6,0,8,4.0,1,HT-03,Sân cầu lông,800,Tập luyện CLB / Đội tuyển,CLB_ChuyenNghiep,0,0.846,464,513,0.6412,Trung bình,0
BK-01523,2026-06-27,6,7,1,20,3.0,0,HT-04,Bể bơi,2100,Tập luyện CLB / Đội tuyển,TruongHoc_DaiHoc,0,0.789,845,824,0.3924,Thấp,0
BK-01524,2026-03-21,3,7,1,13,2.0,0,HT-06,Sân đa năng,1200,Giải thi đấu thể thao,SoBanNganh_DoanThe,1,0.389,765,785,0.6542,Trung bình,0
BK-01525,2026-01-28,1,4,0,8,2.0,1,HT-04,Bể bơi,2100,Giải thi đấu thể thao,CLB_ChuyenNghiep,1,0.717,1517,1398,0.6657,Trung bình,0
BK-01526,2026-04-15,4,4,0,18,4.0,1,HT-01,Sân thi đấu chính,3500,Tập luyện CLB / Đội tuyển,DoanhNghiep_TuNhan,0,0.658,2448,2562,0.732,Trung bình,0
BK-01527,2026-04-11,4,7,1,13,1.5,0,HT-02,Hội trường,500,Hội nghị / Sự kiện,SoBanNganh_DoanThe,1,0.544,382,417,0.834,Cao,0
BK-01528,2026-04-12,4,8,1,13,3.0,0,HT-06,Sân đa năng,1200,Giải thi đấu thể thao,SoBanNganh_DoanThe,1,0.49,1067,1213,1.0108,Quá tải,1
BK-01529,2026-06-29,6,2,0,6,2.0,0,HT-02,Hội trường,500,Giao lưu phong trào,DoanhNghiep_TuNhan,1,0.492,220,189,0.378,Thấp,0
BK-01530,2026-05-12,5,3,0,15,2.5,1,HT-05,Sân tập,200,Tập luyện CLB / Đội tuyển,TruongHoc_DaiHoc,1,0.575,74,70,0.35,Thấp,0
BK-01531,2026-06-07,6,8,1,13,1.5,0,HT-03,Sân cầu lông,800,Tập luyện CLB / Đội tuyển,CLB_ChuyenNghiep,0,0.849,368,329,0.4113,Trung bình,0
BK-01532,2026-05-10,5,8,1,16,3.0,1,HT-03,Sân cầu lông,800,Giao lưu phong trào,TruongHoc_DaiHoc,0,0.868,618,701,0.8762,Cao,0
BK-01533,2026-04-27,4,2,0,17,4.0,0,HT-06,Sân đa năng,1200,Giao lưu phong trào,DoanhNghiep_TuNhan,0,0.464,355,303,0.2525,Thấp,0
BK-01534,2026-01-17,1,7,1,14,3.0,0,HT-04,Bể bơi,2100,Giải thi đấu thể thao,TruongHoc_DaiHoc,1,0.688,1591,1566,0.7457,Trung bình,0
BK-01535,2026-06-16,6,3,0,9,4.0,1,HT-01,Sân thi đấu chính,3500,Giao lưu phong trào,SoBanNganh_DoanThe,0,0.672,1861,2113,0.6037,Trung bình,0
BK-01536,2026-04-12,4,8,1,14,1.5,0,HT-01,Sân thi đấu chính,3500,Giải thi đấu thể thao,SoBanNganh_DoanThe,1,0.739,3502,2993,0.8551,Cao,0
BK-01537,2026-06-13,6,7,1,20,4.0,0,HT-03,Sân cầu lông,800,Giao lưu phong trào,NhomCaNhan,0,0.865,284,288,0.36,Thấp,0
BK-01538,2026-03-02,3,2,0,16,2.5,1,HT-04,Bể bơi,2100,Tập thể thao tự do,TruongHoc_DaiHoc,0,0.679,838,794,0.3781,Thấp,0
BK-01539,2026-05-03,5,8,1,7,2.0,0,HT-01,Sân thi đấu chính,3500,Tập luyện CLB / Đội tuyển,DoanhNghiep_TuNhan,0,0.745,1376,1341,0.3831,Thấp,0
BK-01540,2026-02-22,2,8,1,8,2.5,1,HT-06,Sân đa năng,1200,Giải thi đấu thể thao,SoBanNganh_DoanThe,1,0.527,984,856,0.7133,Trung bình,0
BK-01541,2026-02-01,2,8,1,9,1.5,1,HT-01,Sân thi đấu chính,3500,Giao lưu phong trào,CLB_ChuyenNghiep,1,0.725,2378,2567,0.7334,Trung bình,0
BK-01542,2026-04-30,4,5,0,7,3.0,0,HT-05,Sân tập,200,Giao lưu phong trào,TruongHoc_DaiHoc,0,0.582,37,35,0.175,Thấp,0
BK-01543,2026-02-18,2,4,0,10,1.5,0,HT-05,Sân tập,200,Giao lưu phong trào,NhomCaNhan,0,0.63,40,40,0.2,Thấp,0
BK-01544,2026-02-19,2,5,0,20,2.5,0,HT-04,Bể bơi,2100,Tập thể thao tự do,NhomCaNhan,0,0.764,885,966,0.46,Trung bình,0
BK-01545,2026-04-14,4,3,0,8,2.0,1,HT-02,Hội trường,500,Giao lưu phong trào,TruongHoc_DaiHoc,0,0.575,232,212,0.424,Trung bình,0
BK-01546,2026-05-07,5,5,0,20,3.0,0,HT-05,Sân tập,200,Tập thể thao tự do,CLB_ChuyenNghiep,0,0.521,39,38,0.19,Thấp,0
BK-01547,2026-04-01,4,4,0,18,2.5,1,HT-01,Sân thi đấu chính,3500,Tập luyện CLB / Đội tuyển,SoBanNganh_DoanThe,0,0.614,2653,2941,0.8403,Cao,0
BK-01548,2026-01-25,1,8,1,16,4.0,1,HT-05,Sân tập,200,Tập luyện CLB / Đội tuyển,TruongHoc_DaiHoc,1,0.575,164,175,0.875,Cao,0
BK-01549,2026-06-09,6,3,0,20,2.5,0,HT-01,Sân thi đấu chính,3500,Giải thi đấu thể thao,SoBanNganh_DoanThe,1,0.75,2470,2178,0.6223,Trung bình,0
BK-01550,2026-06-20,6,7,1,19,2.5,1,HT-02,Hội trường,500,Giao lưu phong trào,SoBanNganh_DoanThe,0,0.528,468,534,1.068,Quá tải,1
BK-01551,2026-05-08,5,6,0,19,2.5,1,HT-03,Sân cầu lông,800,Tập thể thao tự do,NhomCaNhan,1,0.762,374,328,0.41,Trung bình,0
BK-01552,2026-05-15,5,6,0,17,1.5,0,HT-05,Sân tập,200,Tập thể thao tự do,NhomCaNhan,1,0.549,46,51,0.255,Thấp,0
BK-01553,2026-02-24,2,3,0,20,1.5,0,HT-05,Sân tập,200,Tập luyện CLB / Đội tuyển,NhomCaNhan,0,0.657,89,90,0.45,Trung bình,0
BK-01554,2026-05-21,5,5,0,19,4.0,1,HT-05,Sân tập,200,Tập thể thao tự do,TruongHoc_DaiHoc,0,0.57,85,95,0.475,Trung bình,0
BK-01555,2026-04-18,4,7,1,18,2.5,1,HT-01,Sân thi đấu chính,3500,Giao lưu phong trào,DoanhNghiep_TuNhan,1,0.617,2367,2429,0.694,Trung bình,0
BK-01556,2026-05-03,5,8,1,15,2.5,1,HT-01,Sân thi đấu chính,3500,Giao lưu phong trào,DoanhNghiep_TuNhan,1,0.64,2466,2758,0.788,Cao,0
BK-01557,2026-03-27,3,6,0,8,4.0,1,HT-02,Hội trường,500,Hội nghị / Sự kiện,TruongHoc_DaiHoc,1,0.588,347,308,0.616,Trung bình,0
BK-01558,2026-06-24,6,4,0,9,3.0,1,HT-05,Sân tập,200,Tập luyện CLB / Đội tuyển,TruongHoc_DaiHoc,0,0.55,104,112,0.56,Trung bình,0
BK-01559,2026-05-21,5,5,0,6,3.0,0,HT-02,Hội trường,500,Hội nghị / Sự kiện,TruongHoc_DaiHoc,1,0.535,285,271,0.542,Trung bình,0
BK-01560,2026-06-01,6,2,0,17,2.5,0,HT-04,Bể bơi,2100,Tập luyện CLB / Đội tuyển,CLB_ChuyenNghiep,0,0.737,1008,933,0.4443,Trung bình,0
BK-01561,2026-01-01,1,5,0,14,4.0,0,HT-01,Sân thi đấu chính,3500,Giải thi đấu thể thao,DoanhNghiep_TuNhan,1,0.619,2257,2352,0.672,Trung bình,0
BK-01562,2026-06-21,6,8,1,8,1.5,1,HT-02,Hội trường,500,Hội nghị / Sự kiện,SoBanNganh_DoanThe,1,0.505,391,347,0.694,Trung bình,0
BK-01563,2026-01-29,1,5,0,6,2.0,0,HT-05,Sân tập,200,Giao lưu phong trào,NhomCaNhan,0,0.543,28,25,0.125,Thấp,0
BK-01564,2026-06-15,6,2,0,13,2.5,0,HT-01,Sân thi đấu chính,3500,Giao lưu phong trào,SoBanNganh_DoanThe,0,0.702,1343,1222,0.3491,Thấp,0
BK-01565,2026-02-22,2,8,1,13,2.0,0,HT-04,Bể bơi,2100,Giải thi đấu thể thao,TruongHoc_DaiHoc,1,0.64,1597,1380,0.6571,Trung bình,0
BK-01566,2026-04-29,4,4,0,6,1.5,0,HT-02,Hội trường,500,Giao lưu phong trào,TruongHoc_DaiHoc,0,0.515,158,140,0.28,Thấp,0
BK-01567,2026-04-20,4,2,0,15,4.0,1,HT-01,Sân thi đấu chính,3500,Giải thi đấu thể thao,DoanhNghiep_TuNhan,1,0.738,2450,2230,0.6371,Trung bình,0
BK-01568,2026-05-03,5,8,1,10,2.0,0,HT-04,Bể bơi,2100,Tập luyện CLB / Đội tuyển,CLB_ChuyenNghiep,0,0.702,436,454,0.2162,Thấp,0
BK-01569,2026-05-22,5,6,0,18,2.0,1,HT-05,Sân tập,200,Tập luyện CLB / Đội tuyển,CLB_ChuyenNghiep,0,0.625,120,111,0.555,Trung bình,0
BK-01570,2026-03-21,3,7,1,14,1.5,0,HT-06,Sân đa năng,1200,Giải thi đấu thể thao,DoanhNghiep_TuNhan,0,0.409,883,817,0.6808,Trung bình,0
BK-01571,2026-06-21,6,8,1,17,4.0,0,HT-05,Sân tập,200,Giao lưu phong trào,NhomCaNhan,0,0.572,88,100,0.5,Trung bình,0
BK-01572,2026-06-26,6,6,0,14,4.0,0,HT-05,Sân tập,200,Tập thể thao tự do,NhomCaNhan,0,0.588,45,47,0.235,Thấp,0
BK-01573,2026-06-28,6,8,1,17,2.0,0,HT-03,Sân cầu lông,800,Giao lưu phong trào,CLB_ChuyenNghiep,0,0.801,394,377,0.4713,Trung bình,0
BK-01574,2026-06-09,6,3,0,9,2.5,1,HT-02,Hội trường,500,Hội nghị / Sự kiện,DoanhNghiep_TuNhan,1,0.539,385,384,0.768,Cao,0
BK-01575,2026-05-24,5,8,1,19,1.5,1,HT-01,Sân thi đấu chính,3500,Giải thi đấu thể thao,DoanhNghiep_TuNhan,0,0.666,2702,2462,0.7034,Trung bình,0
BK-01576,2026-01-19,1,2,0,18,4.0,1,HT-01,Sân thi đấu chính,3500,Giao lưu phong trào,DoanhNghiep_TuNhan,1,0.641,2174,1911,0.546,Trung bình,0
BK-01577,2026-05-31,5,8,1,7,2.5,0,HT-04,Bể bơi,2100,Giải thi đấu thể thao,TruongHoc_DaiHoc,0,0.738,1770,1994,0.9495,Cao,1
BK-01578,2026-01-24,1,7,1,20,4.0,0,HT-03,Sân cầu lông,800,Giao lưu phong trào,TruongHoc_DaiHoc,0,0.827,302,319,0.3987,Thấp,0
BK-01579,2026-06-18,6,5,0,19,1.5,1,HT-06,Sân đa năng,1200,Giao lưu phong trào,CLB_ChuyenNghiep,0,0.407,784,784,0.6533,Trung bình,0
BK-01580,2026-05-28,5,5,0,6,3.0,0,HT-03,Sân cầu lông,800,Giao lưu phong trào,CLB_ChuyenNghiep,0,0.858,334,300,0.375,Thấp,0
BK-01581,2026-06-10,6,4,0,6,2.5,0,HT-05,Sân tập,200,Tập luyện CLB / Đội tuyển,NhomCaNhan,0,0.652,42,37,0.185,Thấp,0
BK-01582,2026-02-20,2,6,0,10,3.0,0,HT-02,Hội trường,500,Hội nghị / Sự kiện,TruongHoc_DaiHoc,1,0.586,324,345,0.69,Trung bình,0
BK-01583,2026-04-04,4,7,1,20,2.5,0,HT-06,Sân đa năng,1200,Tập luyện CLB / Đội tuyển,SoBanNganh_DoanThe,1,0.371,223,221,0.1842,Thấp,0
BK-01584,2026-04-06,4,2,0,16,2.0,1,HT-01,Sân thi đấu chính,3500,Tập luyện CLB / Đội tuyển,SoBanNganh_DoanThe,1,0.617,2201,1972,0.5634,Trung bình,0
BK-01585,2026-02-28,2,7,1,8,2.5,1,HT-06,Sân đa năng,1200,Tập luyện CLB / Đội tuyển,DoanhNghiep_TuNhan,0,0.465,1044,1169,0.9742,Cao,1
BK-01586,2026-05-30,5,7,1,15,2.0,1,HT-03,Sân cầu lông,800,Giao lưu phong trào,TruongHoc_DaiHoc,0,0.874,526,474,0.5925,Trung bình,0
BK-01587,2026-04-24,4,6,0,13,2.5,0,HT-03,Sân cầu lông,800,Giao lưu phong trào,NhomCaNhan,0,0.787,366,332,0.415,Trung bình,0
BK-01588,2026-05-18,5,2,0,7,4.0,0,HT-04,Bể bơi,2100,Tập thể thao tự do,TruongHoc_DaiHoc,1,0.777,371,374,0.1781,Thấp,0
BK-01589,2026-05-24,5,8,1,14,4.0,0,HT-04,Bể bơi,2100,Giải thi đấu thể thao,TruongHoc_DaiHoc,1,0.768,1308,1455,0.6929,Trung bình,0
BK-01590,2026-03-03,3,3,0,16,4.0,1,HT-01,Sân thi đấu chính,3500,Tập luyện CLB / Đội tuyển,CLB_ChuyenNghiep,1,0.642,2009,2031,0.5803,Trung bình,0
BK-01591,2026-03-27,3,6,0,8,2.0,1,HT-05,Sân tập,200,Tập luyện CLB / Đội tuyển,CLB_ChuyenNghiep,0,0.632,128,139,0.695,Trung bình,0
BK-01592,2026-01-23,1,6,0,8,4.0,1,HT-05,Sân tập,200,Tập thể thao tự do,NhomCaNhan,0,0.594,113,121,0.605,Trung bình,0
BK-01593,2026-06-24,6,4,0,13,1.5,0,HT-03,Sân cầu lông,800,Tập luyện CLB / Đội tuyển,NhomCaNhan,0,0.856,349,386,0.4825,Trung bình,0
BK-01594,2026-01-22,1,5,0,8,4.0,1,HT-03,Sân cầu lông,800,Tập luyện CLB / Đội tuyển,NhomCaNhan,0,0.883,482,473,0.5913,Trung bình,0
BK-01595,2026-06-15,6,2,0,6,4.0,0,HT-03,Sân cầu lông,800,Tập luyện CLB / Đội tuyển,TruongHoc_DaiHoc,1,0.886,213,188,0.235,Thấp,0
BK-01596,2026-06-15,6,2,0,20,2.5,0,HT-03,Sân cầu lông,800,Tập thể thao tự do,NhomCaNhan,1,0.816,354,362,0.4525,Trung bình,0
BK-01597,2026-05-06,5,4,0,20,1.5,0,HT-05,Sân tập,200,Tập luyện CLB / Đội tuyển,NhomCaNhan,0,0.581,51,43,0.215,Thấp,0
BK-01598,2026-01-11,1,8,1,14,3.0,0,HT-05,Sân tập,200,Tập luyện CLB / Đội tuyển,NhomCaNhan,0,0.575,28,25,0.125,Thấp,0
BK-01599,2026-03-29,3,8,1,13,4.0,0,HT-01,Sân thi đấu chính,3500,Giao lưu phong trào,DoanhNghiep_TuNhan,1,0.728,913,889,0.254,Thấp,0
BK-01600,2026-05-11,5,2,0,13,2.5,0,HT-02,Hội trường,500,Hội nghị / Sự kiện,DoanhNghiep_TuNhan,1,0.558,284,303,0.606,Trung bình,0
BK-01601,2026-01-11,1,8,1,15,1.5,1,HT-06,Sân đa năng,1200,Giao lưu phong trào,CLB_ChuyenNghiep,1,0.427,958,946,0.7883,Cao,0
BK-01602,2026-01-05,1,2,0,20,4.0,0,HT-05,Sân tập,200,Tập luyện CLB / Đội tuyển,NhomCaNhan,1,0.583,44,39,0.195,Thấp,0
BK-01603,2026-05-16,5,7,1,16,4.0,1,HT-01,Sân thi đấu chính,3500,Tập luyện CLB / Đội tuyển,CLB_ChuyenNghiep,0,0.688,3135,3270,0.9343,Cao,1
BK-01604,2026-05-02,5,7,1,9,4.0,1,HT-04,Bể bơi,2100,Tập thể thao tự do,NhomCaNhan,0,0.679,1418,1375,0.6548,Trung bình,0
BK-01605,2026-06-22,6,2,0,8,3.0,1,HT-01,Sân thi đấu chính,3500,Tập luyện CLB / Đội tuyển,DoanhNghiep_TuNhan,0,0.717,1632,1714,0.4897,Trung bình,0
BK-01606,2026-04-15,4,4,0,8,1.5,1,HT-03,Sân cầu lông,800,Tập luyện CLB / Đội tuyển,CLB_ChuyenNghiep,0,0.809,372,410,0.5125,Trung bình,0
BK-01607,2026-01-27,1,3,0,20,2.5,0,HT-03,Sân cầu lông,800,Tập luyện CLB / Đội tuyển,CLB_ChuyenNghiep,0,0.802,335,383,0.4788,Trung bình,0
BK-01608,2026-04-01,4,4,0,20,2.5,0,HT-03,Sân cầu lông,800,Tập luyện CLB / Đội tuyển,NhomCaNhan,0,0.849,190,180,0.225,Thấp,0
BK-01609,2026-03-17,3,3,0,19,1.5,1,HT-02,Hội trường,500,Hội nghị / Sự kiện,DoanhNghiep_TuNhan,1,0.562,307,287,0.574,Trung bình,0
BK-01610,2026-05-16,5,7,1,6,2.0,0,HT-05,Sân tập,200,Giao lưu phong trào,NhomCaNhan,0,0.677,68,61,0.305,Thấp,0
BK-01611,2026-03-26,3,5,0,8,3.0,1,HT-06,Sân đa năng,1200,Tập luyện CLB / Đội tuyển,DoanhNghiep_TuNhan,1,0.379,697,736,0.6133,Trung bình,0
BK-01612,2026-03-16,3,2,0,9,2.0,1,HT-02,Hội trường,500,Hội nghị / Sự kiện,DoanhNghiep_TuNhan,1,0.49,348,388,0.776,Cao,0
BK-01613,2026-02-26,2,5,0,20,1.5,0,HT-02,Hội trường,500,Hội nghị / Sự kiện,SoBanNganh_DoanThe,1,0.49,327,364,0.728,Trung bình,0
BK-01614,2026-01-13,1,3,0,9,2.0,1,HT-05,Sân tập,200,Giao lưu phong trào,NhomCaNhan,0,0.572,88,85,0.425,Trung bình,0
BK-01615,2026-02-27,2,6,0,14,1.5,0,HT-01,Sân thi đấu chính,3500,Tập luyện CLB / Đội tuyển,CLB_ChuyenNghiep,0,0.721,1686,1688,0.4823,Trung bình,0
BK-01616,2026-03-25,3,4,0,7,3.0,0,HT-04,Bể bơi,2100,Giải thi đấu thể thao,NhomCaNhan,1,0.786,1827,1557,0.7414,Trung bình,0
BK-01617,2026-02-23,2,2,0,20,1.5,0,HT-01,Sân thi đấu chính,3500,Tập luyện CLB / Đội tuyển,CLB_ChuyenNghiep,0,0.684,1043,1148,0.328,Thấp,0
BK-01618,2026-01-04,1,8,1,19,3.0,1,HT-02,Hội trường,500,Giao lưu phong trào,DoanhNghiep_TuNhan,0,0.565,391,428,0.856,Cao,0
BK-01619,2026-04-17,4,6,0,17,2.0,0,HT-01,Sân thi đấu chính,3500,Giao lưu phong trào,SoBanNganh_DoanThe,0,0.697,1021,891,0.2546,Thấp,0
BK-01620,2026-02-01,2,8,1,18,4.0,1,HT-05,Sân tập,200,Tập thể thao tự do,NhomCaNhan,0,0.654,130,129,0.645,Trung bình,0
BK-01621,2026-05-31,5,8,1,20,3.0,0,HT-02,Hội trường,500,Hội nghị / Sự kiện,SoBanNganh_DoanThe,1,0.494,261,268,0.536,Trung bình,0
BK-01622,2026-03-03,3,3,0,10,2.5,0,HT-04,Bể bơi,2100,Tập luyện CLB / Đội tuyển,NhomCaNhan,1,0.757,455,488,0.2324,Thấp,0
BK-01623,2026-02-03,2,3,0,16,3.0,1,HT-05,Sân tập,200,Giao lưu phong trào,NhomCaNhan,0,0.599,131,124,0.62,Trung bình,0
BK-01624,2026-04-12,4,8,1,14,1.5,0,HT-04,Bể bơi,2100,Giải thi đấu thể thao,TruongHoc_DaiHoc,1,0.79,1808,1995,0.95,Cao,1
BK-01625,2026-02-19,2,5,0,16,2.0,1,HT-01,Sân thi đấu chính,3500,Giao lưu phong trào,SoBanNganh_DoanThe,0,0.662,2280,2459,0.7026,Trung bình,0
BK-01626,2026-06-25,6,5,0,7,2.5,0,HT-04,Bể bơi,2100,Giải thi đấu thể thao,CLB_ChuyenNghiep,1,0.697,1392,1557,0.7414,Trung bình,0
BK-01627,2026-04-21,4,3,0,16,2.0,1,HT-05,Sân tập,200,Tập thể thao tự do,TruongHoc_DaiHoc,1,0.623,123,132,0.66,Trung bình,0
BK-01628,2026-02-06,2,6,0,9,4.0,1,HT-05,Sân tập,200,Tập thể thao tự do,CLB_ChuyenNghiep,0,0.521,78,87,0.435,Trung bình,0
BK-01629,2026-05-16,5,7,1,20,2.0,0,HT-04,Bể bơi,2100,Tập luyện CLB / Đội tuyển,NhomCaNhan,1,0.725,1027,1099,0.5233,Trung bình,0
BK-01630,2026-04-15,4,4,0,9,2.0,1,HT-01,Sân thi đấu chính,3500,Tập luyện CLB / Đội tuyển,SoBanNganh_DoanThe,0,0.711,1428,1372,0.392,Thấp,0
BK-01631,2026-01-05,1,2,0,6,4.0,0,HT-05,Sân tập,200,Tập thể thao tự do,TruongHoc_DaiHoc,0,0.67,33,33,0.165,Thấp,0
BK-01632,2026-04-26,4,8,1,17,2.0,0,HT-03,Sân cầu lông,800,Tập thể thao tự do,TruongHoc_DaiHoc,0,0.832,302,326,0.4075,Trung bình,0
BK-01633,2026-04-07,4,3,0,10,4.0,0,HT-06,Sân đa năng,1200,Tập luyện CLB / Đội tuyển,DoanhNghiep_TuNhan,0,0.507,510,549,0.4575,Trung bình,0
BK-01634,2026-01-23,1,6,0,10,2.0,0,HT-05,Sân tập,200,Giao lưu phong trào,CLB_ChuyenNghiep,0,0.61,75,67,0.335,Thấp,0
BK-01635,2026-03-17,3,3,0,20,4.0,0,HT-01,Sân thi đấu chính,3500,Giao lưu phong trào,DoanhNghiep_TuNhan,0,0.63,1614,1456,0.416,Trung bình,0
BK-01636,2026-02-17,2,3,0,10,2.0,0,HT-02,Hội trường,500,Giao lưu phong trào,DoanhNghiep_TuNhan,0,0.474,221,229,0.458,Trung bình,0
BK-01637,2026-05-23,5,7,1,8,3.0,1,HT-04,Bể bơi,2100,Giải thi đấu thể thao,CLB_ChuyenNghiep,1,0.668,1755,1829,0.871,Cao,0
BK-01638,2026-02-25,2,4,0,16,2.0,1,HT-03,Sân cầu lông,800,Giao lưu phong trào,TruongHoc_DaiHoc,1,0.779,518,496,0.62,Trung bình,0
BK-01639,2026-05-14,5,5,0,18,4.0,1,HT-02,Hội trường,500,Hội nghị / Sự kiện,DoanhNghiep_TuNhan,1,0.489,444,495,0.99,Cao,1
BK-01640,2026-02-06,2,6,0,17,4.0,0,HT-06,Sân đa năng,1200,Giao lưu phong trào,SoBanNganh_DoanThe,1,0.492,547,531,0.4425,Trung bình,0
BK-01641,2026-05-20,5,4,0,8,3.0,1,HT-06,Sân đa năng,1200,Tập luyện CLB / Đội tuyển,SoBanNganh_DoanThe,1,0.471,721,687,0.5725,Trung bình,0
BK-01642,2026-02-25,2,4,0,16,3.0,1,HT-01,Sân thi đấu chính,3500,Giao lưu phong trào,CLB_ChuyenNghiep,0,0.685,2081,1887,0.5391,Trung bình,0
BK-01643,2026-05-27,5,4,0,20,1.5,0,HT-03,Sân cầu lông,800,Tập thể thao tự do,NhomCaNhan,0,0.864,215,220,0.275,Thấp,0
BK-01644,2026-05-11,5,2,0,18,1.5,1,HT-03,Sân cầu lông,800,Tập luyện CLB / Đội tuyển,NhomCaNhan,0,0.809,344,380,0.475,Trung bình,0
BK-01645,2026-04-11,4,7,1,7,1.5,0,HT-04,Bể bơi,2100,Tập thể thao tự do,NhomCaNhan,0,0.694,382,418,0.199,Thấp,0
BK-01646,2026-01-07,1,4,0,7,3.0,0,HT-01,Sân thi đấu chính,3500,Tập luyện CLB / Đội tuyển,CLB_ChuyenNghiep,0,0.737,831,857,0.2449,Thấp,0
BK-01647,2026-03-24,3,3,0,15,3.0,1,HT-01,Sân thi đấu chính,3500,Giải thi đấu thể thao,DoanhNghiep_TuNhan,1,0.7,3477,3625,1.0357,Quá tải,1
BK-01648,2026-01-13,1,3,0,13,2.0,0,HT-06,Sân đa năng,1200,Tập luyện CLB / Đội tuyển,SoBanNganh_DoanThe,0,0.433,549,565,0.4708,Trung bình,0
BK-01649,2026-01-15,1,5,0,15,2.0,1,HT-06,Sân đa năng,1200,Tập luyện CLB / Đội tuyển,SoBanNganh_DoanThe,0,0.373,604,538,0.4483,Trung bình,0
BK-01650,2026-01-24,1,7,1,15,3.0,1,HT-06,Sân đa năng,1200,Giao lưu phong trào,CLB_ChuyenNghiep,0,0.494,1003,872,0.7267,Trung bình,0
BK-01651,2026-01-06,1,3,0,16,4.0,1,HT-04,Bể bơi,2100,Tập luyện CLB / Đội tuyển,CLB_ChuyenNghiep,0,0.661,976,855,0.4071,Trung bình,0
BK-01652,2026-03-22,3,8,1,19,2.0,1,HT-03,Sân cầu lông,800,Tập luyện CLB / Đội tuyển,CLB_ChuyenNghiep,0,0.814,572,645,0.8063,Cao,0
BK-01653,2026-02-22,2,8,1,18,1.5,1,HT-02,Hội trường,500,Hội nghị / Sự kiện,TruongHoc_DaiHoc,1,0.602,298,291,0.582,Trung bình,0
BK-01654,2026-06-21,6,8,1,8,3.0,1,HT-03,Sân cầu lông,800,Tập thể thao tự do,TruongHoc_DaiHoc,0,0.752,520,476,0.595,Trung bình,0
BK-01655,2026-06-20,6,7,1,10,2.5,0,HT-05,Sân tập,200,Tập thể thao tự do,TruongHoc_DaiHoc,1,0.543,104,98,0.49,Trung bình,0
BK-01656,2026-04-12,4,8,1,16,1.5,1,HT-03,Sân cầu lông,800,Tập luyện CLB / Đội tuyển,CLB_ChuyenNghiep,0,0.78,680,619,0.7738,Cao,0
BK-01657,2026-01-27,1,3,0,15,4.0,1,HT-04,Bể bơi,2100,Tập thể thao tự do,CLB_ChuyenNghiep,0,0.786,1384,1389,0.6614,Trung bình,0
BK-01658,2026-01-20,1,3,0,8,1.5,1,HT-01,Sân thi đấu chính,3500,Giao lưu phong trào,DoanhNghiep_TuNhan,0,0.749,1665,1545,0.4414,Trung bình,0
BK-01659,2026-04-18,4,7,1,17,4.0,0,HT-02,Hội trường,500,Giao lưu phong trào,TruongHoc_DaiHoc,0,0.591,220,215,0.43,Trung bình,0
BK-01660,2026-03-01,3,8,1,9,1.5,1,HT-05,Sân tập,200,Giao lưu phong trào,NhomCaNhan,0,0.612,176,167,0.835,Cao,0
BK-01661,2026-04-26,4,8,1,6,3.0,0,HT-06,Sân đa năng,1200,Tập luyện CLB / Đội tuyển,DoanhNghiep_TuNhan,0,0.389,438,494,0.4117,Trung bình,0
BK-01662,2026-05-03,5,8,1,6,3.0,0,HT-06,Sân đa năng,1200,Giao lưu phong trào,CLB_ChuyenNghiep,0,0.372,422,467,0.3892,Thấp,0
BK-01663,2026-01-01,1,5,0,16,2.0,1,HT-04,Bể bơi,2100,Tập thể thao tự do,TruongHoc_DaiHoc,0,0.665,997,945,0.45,Trung bình,0
BK-01664,2026-04-11,4,7,1,18,2.5,1,HT-06,Sân đa năng,1200,Giải thi đấu thể thao,SoBanNganh_DoanThe,1,0.461,866,804,0.67,Trung bình,0
BK-01665,2026-01-19,1,2,0,18,2.0,1,HT-05,Sân tập,200,Tập luyện CLB / Đội tuyển,TruongHoc_DaiHoc,1,0.673,130,139,0.695,Trung bình,0
BK-01666,2026-05-23,5,7,1,16,2.5,1,HT-05,Sân tập,200,Tập luyện CLB / Đội tuyển,CLB_ChuyenNghiep,0,0.672,161,178,0.89,Cao,0
BK-01667,2026-02-02,2,2,0,13,1.5,0,HT-01,Sân thi đấu chính,3500,Tập luyện CLB / Đội tuyển,DoanhNghiep_TuNhan,0,0.696,1347,1538,0.4394,Trung bình,0
BK-01668,2026-06-27,6,7,1,16,2.5,1,HT-03,Sân cầu lông,800,Giao lưu phong trào,NhomCaNhan,0,0.829,668,689,0.8612,Cao,0
BK-01669,2026-01-17,1,7,1,7,2.5,0,HT-06,Sân đa năng,1200,Giao lưu phong trào,SoBanNganh_DoanThe,0,0.376,429,461,0.3842,Thấp,0
BK-01670,2026-06-17,6,4,0,7,2.5,0,HT-04,Bể bơi,2100,Tập thể thao tự do,CLB_ChuyenNghiep,0,0.763,596,541,0.2576,Thấp,0
BK-01671,2026-06-18,6,5,0,6,4.0,0,HT-02,Hội trường,500,Giao lưu phong trào,DoanhNghiep_TuNhan,0,0.576,90,95,0.19,Thấp,0
BK-01672,2026-04-29,4,4,0,17,4.0,0,HT-04,Bể bơi,2100,Tập luyện CLB / Đội tuyển,NhomCaNhan,0,0.72,959,940,0.4476,Trung bình,0
BK-01673,2026-02-09,2,2,0,13,4.0,0,HT-02,Hội trường,500,Hội nghị / Sự kiện,DoanhNghiep_TuNhan,0,0.554,264,249,0.498,Trung bình,0
BK-01674,2026-04-13,4,2,0,8,2.0,1,HT-06,Sân đa năng,1200,Giao lưu phong trào,CLB_ChuyenNghiep,0,0.491,878,974,0.8117,Cao,0
BK-01675,2026-04-10,4,6,0,19,4.0,1,HT-04,Bể bơi,2100,Tập luyện CLB / Đội tuyển,TruongHoc_DaiHoc,0,0.784,898,808,0.3848,Thấp,0
BK-01676,2026-02-15,2,8,1,13,2.5,0,HT-06,Sân đa năng,1200,Giao lưu phong trào,SoBanNganh_DoanThe,1,0.392,396,383,0.3192,Thấp,0
BK-01677,2026-06-06,6,7,1,8,2.0,1,HT-03,Sân cầu lông,800,Giao lưu phong trào,NhomCaNhan,0,0.873,703,764,0.955,Cao,1
BK-01678,2026-02-26,2,5,0,16,4.0,1,HT-02,Hội trường,500,Hội nghị / Sự kiện,DoanhNghiep_TuNhan,1,0.5,306,344,0.688,Trung bình,0
BK-01679,2026-03-28,3,7,1,15,2.0,1,HT-06,Sân đa năng,1200,Giao lưu phong trào,SoBanNganh_DoanThe,1,0.509,909,933,0.7775,Cao,0
BK-01680,2026-02-26,2,5,0,16,4.0,1,HT-03,Sân cầu lông,800,Giao lưu phong trào,CLB_ChuyenNghiep,1,0.854,610,537,0.6713,Trung bình,0
BK-01681,2026-04-05,4,8,1,6,3.0,0,HT-03,Sân cầu lông,800,Giao lưu phong trào,CLB_ChuyenNghiep,0,0.791,390,333,0.4163,Trung bình,0
BK-01682,2026-05-05,5,3,0,10,2.5,0,HT-06,Sân đa năng,1200,Giải thi đấu thể thao,CLB_ChuyenNghiep,1,0.452,929,977,0.8142,Cao,0
BK-01683,2026-05-28,5,5,0,7,3.0,0,HT-01,Sân thi đấu chính,3500,Tập luyện CLB / Đội tuyển,SoBanNganh_DoanThe,1,0.638,820,779,0.2226,Thấp,0
BK-01684,2026-01-10,1,7,1,13,2.0,0,HT-01,Sân thi đấu chính,3500,Giao lưu phong trào,SoBanNganh_DoanThe,1,0.632,815,895,0.2557,Thấp,0
BK-01685,2026-02-25,2,4,0,8,2.5,1,HT-06,Sân đa năng,1200,Tập luyện CLB / Đội tuyển,CLB_ChuyenNghiep,0,0.408,726,731,0.6092,Trung bình,0
BK-01686,2026-04-20,4,2,0,13,1.5,0,HT-04,Bể bơi,2100,Tập thể thao tự do,TruongHoc_DaiHoc,0,0.657,974,1015,0.4833,Trung bình,0
BK-01687,2026-01-23,1,6,0,20,2.5,0,HT-01,Sân thi đấu chính,3500,Giải thi đấu thể thao,SoBanNganh_DoanThe,1,0.684,3112,3295,0.9414,Cao,1
BK-01688,2026-05-24,5,8,1,17,2.0,0,HT-01,Sân thi đấu chính,3500,Giao lưu phong trào,CLB_ChuyenNghiep,0,0.737,731,736,0.2103,Thấp,0
BK-01689,2026-03-31,3,3,0,8,2.0,1,HT-04,Bể bơi,2100,Tập luyện CLB / Đội tuyển,TruongHoc_DaiHoc,0,0.692,1414,1226,0.5838,Trung bình,0
BK-01690,2026-05-30,5,7,1,14,3.0,0,HT-05,Sân tập,200,Giao lưu phong trào,CLB_ChuyenNghiep,0,0.602,83,88,0.44,Trung bình,0
BK-01691,2026-06-21,6,8,1,16,2.5,1,HT-03,Sân cầu lông,800,Giao lưu phong trào,TruongHoc_DaiHoc,0,0.875,608,660,0.825,Cao,0
BK-01692,2026-03-15,3,8,1,16,2.0,1,HT-02,Hội trường,500,Giao lưu phong trào,TruongHoc_DaiHoc,0,0.523,472,461,0.922,Cao,1
BK-01693,2026-02-04,2,4,0,6,1.5,0,HT-01,Sân thi đấu chính,3500,Giải thi đấu thể thao,SoBanNganh_DoanThe,1,0.753,2590,2381,0.6803,Trung bình,0
BK-01694,2026-02-03,2,3,0,7,2.5,0,HT-06,Sân đa năng,1200,Giao lưu phong trào,CLB_ChuyenNghiep,1,0.471,314,316,0.2633,Thấp,0
BK-01695,2026-04-19,4,8,1,19,2.0,1,HT-05,Sân tập,200,Giao lưu phong trào,NhomCaNhan,0,0.582,137,141,0.705,Trung bình,0
BK-01696,2026-06-08,6,2,0,15,2.0,1,HT-06,Sân đa năng,1200,Giao lưu phong trào,DoanhNghiep_TuNhan,0,0.441,567,590,0.4917,Trung bình,0
BK-01697,2026-03-16,3,2,0,14,2.0,0,HT-06,Sân đa năng,1200,Tập luyện CLB / Đội tuyển,CLB_ChuyenNghiep,1,0.517,587,622,0.5183,Trung bình,0
BK-01698,2026-03-15,3,8,1,7,4.0,0,HT-02,Hội trường,500,Hội nghị / Sự kiện,SoBanNganh_DoanThe,1,0.604,360,320,0.64,Trung bình,0
BK-01699,2026-02-02,2,2,0,17,2.0,0,HT-02,Hội trường,500,Hội nghị / Sự kiện,TruongHoc_DaiHoc,1,0.484,259,220,0.44,Trung bình,0
BK-01700,2026-03-04,3,4,0,10,3.0,0,HT-04,Bể bơi,2100,Tập thể thao tự do,CLB_ChuyenNghiep,0,0.715,593,533,0.2538,Thấp,0
BK-01701,2026-05-13,5,4,0,7,3.0,0,HT-06,Sân đa năng,1200,Giải thi đấu thể thao,CLB_ChuyenNghiep,0,0.428,918,985,0.8208,Cao,0
BK-01702,2026-06-10,6,4,0,15,2.0,1,HT-03,Sân cầu lông,800,Tập thể thao tự do,NhomCaNhan,0,0.822,563,583,0.7288,Trung bình,0
BK-01703,2026-06-21,6,8,1,15,3.0,1,HT-06,Sân đa năng,1200,Tập luyện CLB / Đội tuyển,DoanhNghiep_TuNhan,1,0.485,689,765,0.6375,Trung bình,0
BK-01704,2026-01-31,1,7,1,15,2.0,1,HT-06,Sân đa năng,1200,Giải thi đấu thể thao,SoBanNganh_DoanThe,1,0.518,900,961,0.8008,Cao,0
BK-01705,2026-06-17,6,4,0,8,1.5,1,HT-05,Sân tập,200,Tập thể thao tự do,NhomCaNhan,1,0.639,121,125,0.625,Trung bình,0
BK-01706,2026-02-13,2,6,0,19,3.0,1,HT-01,Sân thi đấu chính,3500,Giao lưu phong trào,DoanhNghiep_TuNhan,0,0.623,1433,1455,0.4157,Trung bình,0
BK-01707,2026-02-12,2,5,0,18,2.5,1,HT-03,Sân cầu lông,800,Giao lưu phong trào,NhomCaNhan,0,0.89,564,533,0.6663,Trung bình,0
BK-01708,2026-03-10,3,3,0,7,3.0,0,HT-04,Bể bơi,2100,Giải thi đấu thể thao,TruongHoc_DaiHoc,1,0.703,1830,1644,0.7829,Cao,0
BK-01709,2026-03-05,3,5,0,17,2.5,0,HT-01,Sân thi đấu chính,3500,Giao lưu phong trào,SoBanNganh_DoanThe,0,0.619,1691,1800,0.5143,Trung bình,0
BK-01710,2026-04-25,4,7,1,17,3.0,0,HT-05,Sân tập,200,Tập luyện CLB / Đội tuyển,NhomCaNhan,0,0.627,56,53,0.265,Thấp,0
BK-01711,2026-06-02,6,3,0,20,4.0,0,HT-04,Bể bơi,2100,Tập luyện CLB / Đội tuyển,TruongHoc_DaiHoc,1,0.733,728,690,0.3286,Thấp,0
BK-01712,2026-05-23,5,7,1,9,2.0,1,HT-05,Sân tập,200,Tập luyện CLB / Đội tuyển,NhomCaNhan,0,0.584,151,164,0.82,Cao,0
BK-01713,2026-01-14,1,4,0,9,2.0,1,HT-05,Sân tập,200,Tập luyện CLB / Đội tuyển,NhomCaNhan,0,0.662,121,136,0.68,Trung bình,0
BK-01714,2026-05-13,5,4,0,16,4.0,1,HT-05,Sân tập,200,Tập thể thao tự do,CLB_ChuyenNghiep,0,0.627,134,149,0.745,Trung bình,0
BK-01715,2026-04-02,4,5,0,9,4.0,1,HT-02,Hội trường,500,Giao lưu phong trào,SoBanNganh_DoanThe,0,0.476,382,417,0.834,Cao,0
BK-01716,2026-01-05,1,2,0,10,2.0,0,HT-03,Sân cầu lông,800,Tập thể thao tự do,TruongHoc_DaiHoc,1,0.814,296,280,0.35,Thấp,0
BK-01717,2026-03-30,3,2,0,9,4.0,1,HT-02,Hội trường,500,Hội nghị / Sự kiện,SoBanNganh_DoanThe,1,0.621,338,381,0.762,Cao,0
BK-01718,2026-03-31,3,3,0,6,1.5,0,HT-06,Sân đa năng,1200,Giao lưu phong trào,CLB_ChuyenNghiep,0,0.468,475,431,0.3592,Thấp,0
BK-01719,2026-02-20,2,6,0,17,3.0,0,HT-01,Sân thi đấu chính,3500,Giao lưu phong trào,CLB_ChuyenNghiep,1,0.623,1150,1311,0.3746,Thấp,0
BK-01720,2026-01-13,1,3,0,8,2.0,1,HT-06,Sân đa năng,1200,Giải thi đấu thể thao,CLB_ChuyenNghiep,1,0.436,1184,1347,1.1225,Quá tải,1
BK-01721,2026-06-19,6,6,0,6,1.5,0,HT-02,Hội trường,500,Hội nghị / Sự kiện,SoBanNganh_DoanThe,1,0.489,296,267,0.534,Trung bình,0
BK-01722,2026-01-09,1,6,0,8,2.5,1,HT-04,Bể bơi,2100,Giải thi đấu thể thao,TruongHoc_DaiHoc,0,0.74,2003,1821,0.8671,Cao,0
BK-01723,2026-02-24,2,3,0,10,4.0,0,HT-01,Sân thi đấu chính,3500,Giải thi đấu thể thao,SoBanNganh_DoanThe,1,0.704,2251,2034,0.5811,Trung bình,0
BK-01724,2026-06-20,6,7,1,20,4.0,0,HT-03,Sân cầu lông,800,Tập luyện CLB / Đội tuyển,NhomCaNhan,0,0.866,183,171,0.2137,Thấp,0
BK-01725,2026-06-24,6,4,0,18,4.0,1,HT-04,Bể bơi,2100,Tập thể thao tự do,NhomCaNhan,0,0.735,1219,1085,0.5167,Trung bình,0
BK-01726,2026-04-07,4,3,0,6,4.0,0,HT-02,Hội trường,500,Hội nghị / Sự kiện,TruongHoc_DaiHoc,1,0.597,411,396,0.792,Cao,0
BK-01727,2026-06-17,6,4,0,20,2.0,0,HT-01,Sân thi đấu chính,3500,Tập luyện CLB / Đội tuyển,DoanhNghiep_TuNhan,0,0.732,1000,1025,0.2929,Thấp,0
BK-01728,2026-01-25,1,8,1,15,1.5,1,HT-02,Hội trường,500,Hội nghị / Sự kiện,DoanhNghiep_TuNhan,1,0.532,417,421,0.842,Cao,0
BK-01729,2026-02-03,2,3,0,6,2.5,0,HT-02,Hội trường,500,Hội nghị / Sự kiện,TruongHoc_DaiHoc,1,0.538,279,315,0.63,Trung bình,0
BK-01730,2026-04-03,4,6,0,8,3.0,1,HT-05,Sân tập,200,Tập luyện CLB / Đội tuyển,TruongHoc_DaiHoc,0,0.635,85,73,0.365,Thấp,0
BK-01731,2026-01-22,1,5,0,14,4.0,0,HT-04,Bể bơi,2100,Tập thể thao tự do,NhomCaNhan,1,0.784,390,407,0.1938,Thấp,0
BK-01732,2026-03-29,3,8,1,10,2.0,0,HT-03,Sân cầu lông,800,Giao lưu phong trào,TruongHoc_DaiHoc,0,0.78,189,176,0.22,Thấp,0
BK-01733,2026-02-01,2,8,1,17,2.5,0,HT-01,Sân thi đấu chính,3500,Giao lưu phong trào,SoBanNganh_DoanThe,0,0.726,1452,1418,0.4051,Trung bình,0
BK-01734,2026-06-09,6,3,0,13,3.0,0,HT-01,Sân thi đấu chính,3500,Tập luyện CLB / Đội tuyển,DoanhNghiep_TuNhan,0,0.751,910,1003,0.2866,Thấp,0
BK-01735,2026-03-06,3,6,0,7,2.0,0,HT-04,Bể bơi,2100,Tập luyện CLB / Đội tuyển,NhomCaNhan,0,0.768,400,432,0.2057,Thấp,0
BK-01736,2026-05-12,5,3,0,6,2.0,0,HT-01,Sân thi đấu chính,3500,Giải thi đấu thể thao,DoanhNghiep_TuNhan,1,0.722,2628,2548,0.728,Trung bình,0
BK-01737,2026-01-24,1,7,1,8,3.0,1,HT-04,Bể bơi,2100,Giải thi đấu thể thao,CLB_ChuyenNghiep,1,0.712,1796,1887,0.8986,Cao,0
BK-01738,2026-02-07,2,7,1,6,1.5,0,HT-05,Sân tập,200,Tập thể thao tự do,TruongHoc_DaiHoc,1,0.536,35,34,0.17,Thấp,0
BK-01739,2026-01-14,1,4,0,19,2.0,1,HT-04,Bể bơi,2100,Tập luyện CLB / Đội tuyển,CLB_ChuyenNghiep,0,0.793,1376,1570,0.7476,Trung bình,0
BK-01740,2026-05-06,5,4,0,9,3.0,1,HT-03,Sân cầu lông,800,Tập luyện CLB / Đội tuyển,NhomCaNhan,0,0.825,331,299,0.3738,Thấp,0
BK-01741,2026-05-16,5,7,1,13,3.0,0,HT-06,Sân đa năng,1200,Giao lưu phong trào,DoanhNghiep_TuNhan,0,0.371,259,229,0.1908,Thấp,0
BK-01742,2026-02-20,2,6,0,20,2.0,0,HT-06,Sân đa năng,1200,Tập luyện CLB / Đội tuyển,SoBanNganh_DoanThe,1,0.504,565,636,0.53,Trung bình,0
BK-01743,2026-04-11,4,7,1,8,1.5,1,HT-04,Bể bơi,2100,Tập luyện CLB / Đội tuyển,TruongHoc_DaiHoc,1,0.643,1309,1447,0.689,Trung bình,0
BK-01744,2026-01-15,1,5,0,14,3.0,0,HT-03,Sân cầu lông,800,Tập thể thao tự do,NhomCaNhan,0,0.867,216,232,0.29,Thấp,0
BK-01745,2026-01-13,1,3,0,17,3.0,0,HT-04,Bể bơi,2100,Giải thi đấu thể thao,NhomCaNhan,1,0.734,1377,1441,0.6862,Trung bình,0
BK-01746,2026-05-20,5,4,0,7,4.0,0,HT-05,Sân tập,200,Giao lưu phong trào,TruongHoc_DaiHoc,0,0.68,44,40,0.2,Thấp,0
BK-01747,2026-01-17,1,7,1,20,2.0,0,HT-03,Sân cầu lông,800,Tập luyện CLB / Đội tuyển,CLB_ChuyenNghiep,0,0.873,276,259,0.3237,Thấp,0
BK-01748,2026-05-08,5,6,0,20,4.0,0,HT-04,Bể bơi,2100,Giải thi đấu thể thao,NhomCaNhan,1,0.75,1666,1711,0.8148,Cao,0
BK-01749,2026-04-17,4,6,0,17,4.0,0,HT-04,Bể bơi,2100,Giải thi đấu thể thao,NhomCaNhan,1,0.718,2113,1890,0.9,Cao,1
BK-01750,2026-01-13,1,3,0,15,4.0,1,HT-04,Bể bơi,2100,Tập luyện CLB / Đội tuyển,CLB_ChuyenNghiep,1,0.758,933,844,0.4019,Trung bình,0
BK-01751,2026-05-12,5,3,0,17,4.0,0,HT-06,Sân đa năng,1200,Giao lưu phong trào,DoanhNghiep_TuNhan,0,0.381,232,253,0.2108,Thấp,0
BK-01752,2026-03-09,3,2,0,14,2.0,0,HT-02,Hội trường,500,Hội nghị / Sự kiện,SoBanNganh_DoanThe,1,0.497,361,365,0.73,Trung bình,0
BK-01753,2026-01-23,1,6,0,6,2.0,0,HT-04,Bể bơi,2100,Giải thi đấu thể thao,TruongHoc_DaiHoc,1,0.776,1818,1686,0.8029,Cao,0
BK-01754,2026-05-20,5,4,0,9,2.5,1,HT-01,Sân thi đấu chính,3500,Tập luyện CLB / Đội tuyển,DoanhNghiep_TuNhan,0,0.725,2140,2387,0.682,Trung bình,0
BK-01755,2026-04-25,4,7,1,7,1.5,0,HT-02,Hội trường,500,Giao lưu phong trào,SoBanNganh_DoanThe,0,0.618,173,197,0.394,Thấp,0
BK-01756,2026-05-11,5,2,0,7,4.0,0,HT-01,Sân thi đấu chính,3500,Giao lưu phong trào,SoBanNganh_DoanThe,0,0.741,730,719,0.2054,Thấp,0
BK-01757,2026-04-02,4,5,0,16,2.0,1,HT-05,Sân tập,200,Giao lưu phong trào,CLB_ChuyenNghiep,0,0.53,115,116,0.58,Trung bình,0
BK-01758,2026-01-07,1,4,0,16,1.5,1,HT-03,Sân cầu lông,800,Tập thể thao tự do,CLB_ChuyenNghiep,0,0.77,539,487,0.6088,Trung bình,0
BK-01759,2026-05-25,5,2,0,10,4.0,0,HT-01,Sân thi đấu chính,3500,Giao lưu phong trào,CLB_ChuyenNghiep,0,0.68,1459,1463,0.418,Trung bình,0
BK-01760,2026-06-01,6,2,0,20,2.0,0,HT-03,Sân cầu lông,800,Giao lưu phong trào,TruongHoc_DaiHoc,0,0.803,346,369,0.4612,Trung bình,0
BK-01761,2026-06-21,6,8,1,18,1.5,1,HT-04,Bể bơi,2100,Tập luyện CLB / Đội tuyển,CLB_ChuyenNghiep,0,0.654,1297,1454,0.6924,Trung bình,0
BK-01762,2026-05-29,5,6,0,7,2.5,0,HT-04,Bể bơi,2100,Tập luyện CLB / Đội tuyển,CLB_ChuyenNghiep,0,0.748,684,681,0.3243,Thấp,0
BK-01763,2026-06-26,6,6,0,16,2.0,1,HT-05,Sân tập,200,Tập thể thao tự do,TruongHoc_DaiHoc,0,0.657,95,97,0.485,Trung bình,0
BK-01764,2026-06-18,6,5,0,18,3.0,1,HT-06,Sân đa năng,1200,Giải thi đấu thể thao,SoBanNganh_DoanThe,1,0.415,1192,1264,1.0533,Quá tải,1
BK-01765,2026-06-06,6,7,1,14,4.0,0,HT-04,Bể bơi,2100,Tập thể thao tự do,TruongHoc_DaiHoc,0,0.69,692,682,0.3248,Thấp,0
BK-01766,2026-01-17,1,7,1,6,2.0,0,HT-04,Bể bơi,2100,Giải thi đấu thể thao,NhomCaNhan,1,0.762,1594,1524,0.7257,Trung bình,0
BK-01767,2026-06-11,6,5,0,10,4.0,0,HT-04,Bể bơi,2100,Giải thi đấu thể thao,CLB_ChuyenNghiep,1,0.683,2156,2336,1.1124,Quá tải,1
BK-01768,2026-04-13,4,2,0,19,4.0,1,HT-05,Sân tập,200,Tập luyện CLB / Đội tuyển,TruongHoc_DaiHoc,1,0.544,121,117,0.585,Trung bình,0
BK-01769,2026-05-15,5,6,0,17,4.0,0,HT-04,Bể bơi,2100,Tập thể thao tự do,NhomCaNhan,1,0.8,851,742,0.3533,Thấp,0
BK-01770,2026-01-29,1,5,0,20,2.0,0,HT-05,Sân tập,200,Tập thể thao tự do,TruongHoc_DaiHoc,0,0.66,76,87,0.435,Trung bình,0
BK-01771,2026-04-15,4,4,0,9,2.0,1,HT-01,Sân thi đấu chính,3500,Giao lưu phong trào,DoanhNghiep_TuNhan,0,0.747,1312,1213,0.3466,Thấp,0
BK-01772,2026-03-24,3,3,0,16,1.5,1,HT-05,Sân tập,200,Tập thể thao tự do,CLB_ChuyenNghiep,0,0.673,139,133,0.665,Trung bình,0
BK-01773,2026-03-19,3,5,0,8,2.5,1,HT-04,Bể bơi,2100,Tập thể thao tự do,TruongHoc_DaiHoc,1,0.686,973,883,0.4205,Trung bình,0
BK-01774,2026-01-08,1,5,0,14,3.0,0,HT-05,Sân tập,200,Tập luyện CLB / Đội tuyển,CLB_ChuyenNghiep,0,0.644,69,74,0.37,Thấp,0
BK-01775,2026-02-02,2,2,0,10,4.0,0,HT-06,Sân đa năng,1200,Tập luyện CLB / Đội tuyển,DoanhNghiep_TuNhan,0,0.487,448,509,0.4242,Trung bình,0
BK-01776,2026-04-13,4,2,0,16,2.0,1,HT-04,Bể bơi,2100,Tập thể thao tự do,NhomCaNhan,1,0.766,1042,1196,0.5695,Trung bình,0
BK-01777,2026-03-25,3,4,0,8,3.0,1,HT-05,Sân tập,200,Giao lưu phong trào,CLB_ChuyenNghiep,0,0.649,120,121,0.605,Trung bình,0
BK-01778,2026-03-05,3,5,0,17,3.0,0,HT-06,Sân đa năng,1200,Tập luyện CLB / Đội tuyển,DoanhNghiep_TuNhan,0,0.48,311,317,0.2642,Thấp,0
BK-01779,2026-01-24,1,7,1,13,4.0,0,HT-03,Sân cầu lông,800,Tập thể thao tự do,CLB_ChuyenNghiep,0,0.836,123,109,0.1363,Thấp,0
BK-01780,2026-02-16,2,2,0,18,3.0,1,HT-01,Sân thi đấu chính,3500,Giao lưu phong trào,CLB_ChuyenNghiep,0,0.611,1940,1853,0.5294,Trung bình,0
BK-01781,2026-01-21,1,4,0,18,1.5,1,HT-04,Bể bơi,2100,Tập thể thao tự do,TruongHoc_DaiHoc,0,0.69,1493,1361,0.6481,Trung bình,0
BK-01782,2026-04-16,4,5,0,18,2.0,1,HT-06,Sân đa năng,1200,Giải thi đấu thể thao,DoanhNghiep_TuNhan,1,0.371,915,881,0.7342,Trung bình,0
BK-01783,2026-01-07,1,4,0,18,4.0,1,HT-05,Sân tập,200,Tập thể thao tự do,NhomCaNhan,0,0.667,140,120,0.6,Trung bình,0
BK-01784,2026-04-07,4,3,0,10,4.0,0,HT-06,Sân đa năng,1200,Tập luyện CLB / Đội tuyển,SoBanNganh_DoanThe,0,0.396,340,333,0.2775,Thấp,0
BK-01785,2026-03-21,3,7,1,14,2.5,0,HT-03,Sân cầu lông,800,Tập thể thao tự do,CLB_ChuyenNghiep,0,0.789,375,406,0.5075,Trung bình,0
BK-01786,2026-03-23,3,2,0,9,4.0,1,HT-02,Hội trường,500,Hội nghị / Sự kiện,DoanhNghiep_TuNhan,1,0.61,389,423,0.846,Cao,0
BK-01787,2026-02-03,2,3,0,8,3.0,1,HT-06,Sân đa năng,1200,Giao lưu phong trào,DoanhNghiep_TuNhan,0,0.426,539,555,0.4625,Trung bình,0
BK-01788,2026-01-14,1,4,0,19,3.0,1,HT-01,Sân thi đấu chính,3500,Giải thi đấu thể thao,CLB_ChuyenNghiep,1,0.672,2279,2458,0.7023,Trung bình,0
BK-01789,2026-05-03,5,8,1,18,3.0,1,HT-06,Sân đa năng,1200,Giao lưu phong trào,SoBanNganh_DoanThe,1,0.383,761,653,0.5442,Trung bình,0
BK-01790,2026-03-13,3,6,0,7,1.5,0,HT-06,Sân đa năng,1200,Giao lưu phong trào,DoanhNghiep_TuNhan,0,0.529,302,314,0.2617,Thấp,0
BK-01791,2026-01-02,1,6,0,6,1.5,0,HT-05,Sân tập,200,Tập thể thao tự do,TruongHoc_DaiHoc,0,0.54,60,68,0.34,Thấp,0
BK-01792,2026-01-21,1,4,0,17,4.0,0,HT-02,Hội trường,500,Giao lưu phong trào,DoanhNghiep_TuNhan,0,0.492,252,234,0.468,Trung bình,0
BK-01793,2026-04-15,4,4,0,8,3.0,1,HT-03,Sân cầu lông,800,Tập luyện CLB / Đội tuyển,NhomCaNhan,0,0.777,525,529,0.6613,Trung bình,0
BK-01794,2026-05-03,5,8,1,9,3.0,1,HT-03,Sân cầu lông,800,Tập thể thao tự do,TruongHoc_DaiHoc,0,0.829,601,519,0.6488,Trung bình,0
BK-01795,2026-06-12,6,6,0,13,2.5,0,HT-02,Hội trường,500,Hội nghị / Sự kiện,DoanhNghiep_TuNhan,1,0.522,381,350,0.7,Trung bình,0
BK-01796,2026-03-06,3,6,0,20,2.5,0,HT-03,Sân cầu lông,800,Tập luyện CLB / Đội tuyển,NhomCaNhan,0,0.844,230,220,0.275,Thấp,0
BK-01797,2026-03-28,3,7,1,8,2.0,1,HT-06,Sân đa năng,1200,Giải thi đấu thể thao,CLB_ChuyenNghiep,1,0.416,923,1057,0.8808,Cao,0
BK-01798,2026-05-18,5,2,0,20,3.0,0,HT-05,Sân tập,200,Giao lưu phong trào,TruongHoc_DaiHoc,0,0.584,97,108,0.54,Trung bình,0
BK-01799,2026-02-22,2,8,1,18,2.5,1,HT-02,Hội trường,500,Hội nghị / Sự kiện,DoanhNghiep_TuNhan,1,0.58,302,305,0.61,Trung bình,0
BK-01800,2026-01-19,1,2,0,13,1.5,0,HT-04,Bể bơi,2100,Giải thi đấu thể thao,TruongHoc_DaiHoc,1,0.68,1939,1873,0.8919,Cao,0
BK-01801,2026-01-11,1,8,1,13,2.0,0,HT-03,Sân cầu lông,800,Tập luyện CLB / Đội tuyển,CLB_ChuyenNghiep,0,0.82,323,344,0.43,Trung bình,0
BK-01802,2026-02-07,2,7,1,17,2.0,0,HT-03,Sân cầu lông,800,Tập thể thao tự do,NhomCaNhan,0,0.866,132,146,0.1825,Thấp,0
BK-01803,2026-01-27,1,3,0,7,3.0,0,HT-05,Sân tập,200,Tập thể thao tự do,CLB_ChuyenNghiep,0,0.678,60,58,0.29,Thấp,0
BK-01804,2026-03-13,3,6,0,10,2.5,0,HT-03,Sân cầu lông,800,Tập thể thao tự do,CLB_ChuyenNghiep,0,0.798,330,333,0.4163,Trung bình,0
BK-01805,2026-01-17,1,7,1,17,4.0,0,HT-04,Bể bơi,2100,Tập thể thao tự do,NhomCaNhan,0,0.761,651,687,0.3271,Thấp,0
BK-01806,2026-06-21,6,8,1,9,4.0,1,HT-03,Sân cầu lông,800,Tập luyện CLB / Đội tuyển,NhomCaNhan,0,0.826,712,659,0.8237,Cao,0
BK-01807,2026-04-09,4,5,0,17,4.0,0,HT-05,Sân tập,200,Tập thể thao tự do,TruongHoc_DaiHoc,0,0.616,90,97,0.485,Trung bình,0
BK-01808,2026-03-20,3,6,0,15,4.0,1,HT-03,Sân cầu lông,800,Giao lưu phong trào,NhomCaNhan,0,0.781,373,393,0.4913,Trung bình,0
BK-01809,2026-03-01,3,8,1,20,1.5,0,HT-01,Sân thi đấu chính,3500,Tập luyện CLB / Đội tuyển,DoanhNghiep_TuNhan,0,0.621,1777,1603,0.458,Trung bình,0
BK-01810,2026-02-22,2,8,1,18,2.0,1,HT-05,Sân tập,200,Giao lưu phong trào,CLB_ChuyenNghiep,1,0.676,135,118,0.59,Trung bình,0
BK-01811,2026-06-15,6,2,0,16,3.0,1,HT-06,Sân đa năng,1200,Giải thi đấu thể thao,SoBanNganh_DoanThe,0,0.398,900,821,0.6842,Trung bình,0
BK-01812,2026-05-12,5,3,0,19,4.0,1,HT-01,Sân thi đấu chính,3500,Tập luyện CLB / Đội tuyển,CLB_ChuyenNghiep,1,0.637,1646,1406,0.4017,Trung bình,0
BK-01813,2026-01-01,1,5,0,7,4.0,0,HT-01,Sân thi đấu chính,3500,Giao lưu phong trào,SoBanNganh_DoanThe,0,0.701,719,720,0.2057,Thấp,0
BK-01814,2026-06-21,6,8,1,20,3.0,0,HT-05,Sân tập,200,Giao lưu phong trào,CLB_ChuyenNghiep,1,0.581,72,65,0.325,Thấp,0
BK-01815,2026-01-24,1,7,1,6,2.0,0,HT-03,Sân cầu lông,800,Giao lưu phong trào,CLB_ChuyenNghiep,0,0.822,310,271,0.3387,Thấp,0
BK-01816,2026-01-13,1,3,0,10,3.0,0,HT-04,Bể bơi,2100,Giải thi đấu thể thao,TruongHoc_DaiHoc,1,0.691,1534,1756,0.8362,Cao,0
BK-01817,2026-06-23,6,3,0,6,1.5,0,HT-01,Sân thi đấu chính,3500,Giải thi đấu thể thao,DoanhNghiep_TuNhan,1,0.629,2446,2375,0.6786,Trung bình,0
BK-01818,2026-04-05,4,8,1,13,4.0,0,HT-03,Sân cầu lông,800,Tập thể thao tự do,CLB_ChuyenNghiep,0,0.809,229,197,0.2462,Thấp,0
BK-01819,2026-06-21,6,8,1,14,2.5,0,HT-04,Bể bơi,2100,Tập thể thao tự do,CLB_ChuyenNghiep,1,0.654,856,804,0.3829,Thấp,0
BK-01820,2026-01-24,1,7,1,9,2.5,1,HT-06,Sân đa năng,1200,Giải thi đấu thể thao,SoBanNganh_DoanThe,1,0.465,834,939,0.7825,Cao,0
BK-01821,2026-06-08,6,2,0,6,4.0,0,HT-04,Bể bơi,2100,Giải thi đấu thể thao,CLB_ChuyenNghiep,1,0.672,1613,1574,0.7495,Trung bình,0
BK-01822,2026-05-22,5,6,0,14,4.0,0,HT-02,Hội trường,500,Giao lưu phong trào,SoBanNganh_DoanThe,0,0.539,140,128,0.256,Thấp,0
BK-01823,2026-05-23,5,7,1,18,4.0,1,HT-05,Sân tập,200,Tập luyện CLB / Đội tuyển,CLB_ChuyenNghiep,0,0.532,165,178,0.89,Cao,0
BK-01824,2026-01-08,1,5,0,20,4.0,0,HT-03,Sân cầu lông,800,Tập thể thao tự do,NhomCaNhan,0,0.744,361,403,0.5038,Trung bình,0
BK-01825,2026-06-02,6,3,0,8,1.5,1,HT-02,Hội trường,500,Hội nghị / Sự kiện,SoBanNganh_DoanThe,1,0.624,409,403,0.806,Cao,0
BK-01826,2026-05-14,5,5,0,16,2.0,1,HT-05,Sân tập,200,Tập thể thao tự do,NhomCaNhan,0,0.677,91,98,0.49,Trung bình,0
BK-01827,2026-05-27,5,4,0,8,1.5,1,HT-03,Sân cầu lông,800,Tập thể thao tự do,CLB_ChuyenNghiep,0,0.813,445,439,0.5487,Trung bình,0
BK-01828,2026-06-30,6,3,0,18,2.0,1,HT-01,Sân thi đấu chính,3500,Giao lưu phong trào,SoBanNganh_DoanThe,0,0.728,1488,1506,0.4303,Trung bình,0
BK-01829,2026-06-15,6,2,0,8,2.5,1,HT-05,Sân tập,200,Tập luyện CLB / Đội tuyển,TruongHoc_DaiHoc,0,0.546,100,92,0.46,Trung bình,0
BK-01830,2026-06-04,6,5,0,13,4.0,0,HT-04,Bể bơi,2100,Giải thi đấu thể thao,CLB_ChuyenNghiep,1,0.682,2019,2269,1.0805,Quá tải,1
BK-01831,2026-04-04,4,7,1,8,1.5,1,HT-03,Sân cầu lông,800,Giao lưu phong trào,CLB_ChuyenNghiep,0,0.81,607,524,0.655,Trung bình,0
BK-01832,2026-05-10,5,8,1,6,4.0,0,HT-02,Hội trường,500,Hội nghị / Sự kiện,SoBanNganh_DoanThe,1,0.473,335,356,0.712,Trung bình,0
BK-01833,2026-01-13,1,3,0,18,3.0,1,HT-01,Sân thi đấu chính,3500,Giải thi đấu thể thao,DoanhNghiep_TuNhan,0,0.634,2949,2913,0.8323,Cao,0
BK-01834,2026-02-04,2,4,0,15,2.0,1,HT-03,Sân cầu lông,800,Giao lưu phong trào,NhomCaNhan,0,0.785,529,590,0.7375,Trung bình,0
BK-01835,2026-01-15,1,5,0,15,4.0,1,HT-01,Sân thi đấu chính,3500,Tập luyện CLB / Đội tuyển,DoanhNghiep_TuNhan,1,0.622,2341,2158,0.6166,Trung bình,0
BK-01836,2026-04-18,4,7,1,14,4.0,0,HT-01,Sân thi đấu chính,3500,Giao lưu phong trào,CLB_ChuyenNghiep,0,0.712,579,589,0.1683,Thấp,0
BK-01837,2026-01-16,1,6,0,7,4.0,0,HT-01,Sân thi đấu chính,3500,Giao lưu phong trào,CLB_ChuyenNghiep,0,0.731,1679,1482,0.4234,Trung bình,0
BK-01838,2026-01-23,1,6,0,8,3.0,1,HT-03,Sân cầu lông,800,Tập luyện CLB / Đội tuyển,TruongHoc_DaiHoc,0,0.867,499,546,0.6825,Trung bình,0
BK-01839,2026-01-14,1,4,0,8,2.0,1,HT-05,Sân tập,200,Tập luyện CLB / Đội tuyển,NhomCaNhan,0,0.521,139,146,0.73,Trung bình,0
BK-01840,2026-05-04,5,2,0,19,1.5,1,HT-03,Sân cầu lông,800,Giao lưu phong trào,TruongHoc_DaiHoc,0,0.87,460,431,0.5387,Trung bình,0
BK-01841,2026-02-06,2,6,0,16,3.0,1,HT-05,Sân tập,200,Tập thể thao tự do,TruongHoc_DaiHoc,0,0.615,101,96,0.48,Trung bình,0
BK-01842,2026-03-13,3,6,0,20,1.5,0,HT-04,Bể bơi,2100,Tập luyện CLB / Đội tuyển,TruongHoc_DaiHoc,1,0.796,808,911,0.4338,Trung bình,0
BK-01843,2026-02-21,2,7,1,20,4.0,0,HT-03,Sân cầu lông,800,Tập luyện CLB / Đội tuyển,NhomCaNhan,0,0.747,295,273,0.3412,Thấp,0
BK-01844,2026-04-01,4,4,0,18,4.0,1,HT-05,Sân tập,200,Tập thể thao tự do,NhomCaNhan,0,0.661,91,83,0.415,Trung bình,0
BK-01845,2026-04-03,4,6,0,10,4.0,0,HT-04,Bể bơi,2100,Tập thể thao tự do,NhomCaNhan,0,0.684,428,415,0.1976,Thấp,0
BK-01846,2026-05-20,5,4,0,6,3.0,0,HT-04,Bể bơi,2100,Tập luyện CLB / Đội tuyển,CLB_ChuyenNghiep,0,0.688,496,459,0.2186,Thấp,0
BK-01847,2026-05-19,5,3,0,9,4.0,1,HT-05,Sân tập,200,Tập thể thao tự do,NhomCaNhan,0,0.621,104,113,0.565,Trung bình,0
BK-01848,2026-03-18,3,4,0,8,4.0,1,HT-04,Bể bơi,2100,Tập thể thao tự do,NhomCaNhan,0,0.648,1154,1076,0.5124,Trung bình,0
BK-01849,2026-04-03,4,6,0,17,2.5,0,HT-04,Bể bơi,2100,Tập luyện CLB / Đội tuyển,CLB_ChuyenNghiep,0,0.772,571,516,0.2457,Thấp,0
BK-01850,2026-06-02,6,3,0,16,2.5,1,HT-01,Sân thi đấu chính,3500,Giao lưu phong trào,CLB_ChuyenNghiep,1,0.758,2087,1791,0.5117,Trung bình,0
BK-01851,2026-01-27,1,3,0,7,1.5,0,HT-02,Hội trường,500,Hội nghị / Sự kiện,DoanhNghiep_TuNhan,1,0.473,381,436,0.872,Cao,0
BK-01852,2026-03-26,3,5,0,19,3.0,1,HT-03,Sân cầu lông,800,Giao lưu phong trào,CLB_ChuyenNghiep,1,0.855,482,413,0.5162,Trung bình,0
BK-01853,2026-04-05,4,8,1,13,2.5,0,HT-02,Hội trường,500,Hội nghị / Sự kiện,TruongHoc_DaiHoc,1,0.54,229,203,0.406,Trung bình,0
BK-01854,2026-03-22,3,8,1,13,1.5,0,HT-05,Sân tập,200,Tập luyện CLB / Đội tuyển,NhomCaNhan,0,0.571,86,74,0.37,Thấp,0
BK-01855,2026-03-28,3,7,1,19,2.0,1,HT-02,Hội trường,500,Giao lưu phong trào,TruongHoc_DaiHoc,0,0.524,383,427,0.854,Cao,0
BK-01856,2026-04-23,4,5,0,6,3.0,0,HT-03,Sân cầu lông,800,Tập luyện CLB / Đội tuyển,CLB_ChuyenNghiep,0,0.889,353,358,0.4475,Trung bình,0
BK-01857,2026-06-01,6,2,0,13,1.5,0,HT-06,Sân đa năng,1200,Giải thi đấu thể thao,DoanhNghiep_TuNhan,1,0.523,724,700,0.5833,Trung bình,0
BK-01858,2026-06-09,6,3,0,10,1.5,0,HT-02,Hội trường,500,Hội nghị / Sự kiện,TruongHoc_DaiHoc,0,0.475,258,229,0.458,Trung bình,0
BK-01859,2026-02-24,2,3,0,6,4.0,0,HT-04,Bể bơi,2100,Giải thi đấu thể thao,TruongHoc_DaiHoc,0,0.738,1411,1326,0.6314,Trung bình,0
BK-01860,2026-01-25,1,8,1,18,2.5,1,HT-02,Hội trường,500,Hội nghị / Sự kiện,TruongHoc_DaiHoc,1,0.561,363,349,0.698,Trung bình,0
BK-01861,2026-02-07,2,7,1,13,3.0,0,HT-01,Sân thi đấu chính,3500,Giải thi đấu thể thao,CLB_ChuyenNghiep,1,0.703,3332,3409,0.974,Cao,1
BK-01862,2026-04-12,4,8,1,14,4.0,0,HT-05,Sân tập,200,Tập luyện CLB / Đội tuyển,NhomCaNhan,0,0.631,79,68,0.34,Thấp,0
BK-01863,2026-03-03,3,3,0,16,2.5,1,HT-04,Bể bơi,2100,Giải thi đấu thể thao,TruongHoc_DaiHoc,1,0.776,1816,1649,0.7852,Cao,0
BK-01864,2026-03-20,3,6,0,19,2.5,1,HT-05,Sân tập,200,Tập luyện CLB / Đội tuyển,NhomCaNhan,1,0.545,111,122,0.61,Trung bình,0
BK-01865,2026-03-25,3,4,0,9,2.0,1,HT-01,Sân thi đấu chính,3500,Tập luyện CLB / Đội tuyển,SoBanNganh_DoanThe,0,0.641,1403,1352,0.3863,Thấp,0
BK-01866,2026-04-11,4,7,1,10,1.5,0,HT-02,Hội trường,500,Giao lưu phong trào,TruongHoc_DaiHoc,0,0.562,181,189,0.378,Thấp,0
BK-01867,2026-02-08,2,8,1,20,2.0,0,HT-02,Hội trường,500,Giao lưu phong trào,DoanhNghiep_TuNhan,0,0.476,91,78,0.156,Thấp,0
BK-01868,2026-04-18,4,7,1,6,2.5,0,HT-06,Sân đa năng,1200,Giải thi đấu thể thao,CLB_ChuyenNghiep,1,0.411,1137,1107,0.9225,Cao,1
BK-01869,2026-01-04,1,8,1,7,1.5,0,HT-02,Hội trường,500,Giao lưu phong trào,DoanhNghiep_TuNhan,0,0.613,219,186,0.372,Thấp,0
BK-01870,2026-03-27,3,6,0,13,4.0,0,HT-04,Bể bơi,2100,Giải thi đấu thể thao,TruongHoc_DaiHoc,1,0.735,2042,1789,0.8519,Cao,0
BK-01871,2026-06-01,6,2,0,10,2.0,0,HT-04,Bể bơi,2100,Tập luyện CLB / Đội tuyển,CLB_ChuyenNghiep,1,0.669,919,1002,0.4771,Trung bình,0
BK-01872,2026-01-03,1,7,1,8,3.0,1,HT-06,Sân đa năng,1200,Giao lưu phong trào,SoBanNganh_DoanThe,0,0.374,742,733,0.6108,Trung bình,0
BK-01873,2026-06-02,6,3,0,6,3.0,0,HT-02,Hội trường,500,Hội nghị / Sự kiện,SoBanNganh_DoanThe,1,0.471,375,403,0.806,Cao,0
BK-01874,2026-02-18,2,4,0,19,2.0,1,HT-04,Bể bơi,2100,Tập thể thao tự do,TruongHoc_DaiHoc,0,0.786,1282,1225,0.5833,Trung bình,0
BK-01875,2026-02-01,2,8,1,17,3.0,0,HT-05,Sân tập,200,Giao lưu phong trào,NhomCaNhan,0,0.601,68,73,0.365,Thấp,0
BK-01876,2026-02-24,2,3,0,13,2.5,0,HT-05,Sân tập,200,Giao lưu phong trào,TruongHoc_DaiHoc,1,0.63,68,73,0.365,Thấp,0
BK-01877,2026-05-01,5,6,0,19,1.5,1,HT-02,Hội trường,500,Giao lưu phong trào,TruongHoc_DaiHoc,0,0.617,340,367,0.734,Trung bình,0
BK-01878,2026-05-03,5,8,1,20,4.0,0,HT-05,Sân tập,200,Tập luyện CLB / Đội tuyển,NhomCaNhan,0,0.613,61,61,0.305,Thấp,0
BK-01879,2026-02-14,2,7,1,10,2.5,0,HT-05,Sân tập,200,Tập thể thao tự do,NhomCaNhan,0,0.596,92,98,0.49,Trung bình,0
BK-01880,2026-01-01,1,5,0,8,4.0,1,HT-01,Sân thi đấu chính,3500,Giải thi đấu thể thao,DoanhNghiep_TuNhan,1,0.622,2614,2989,0.854,Cao,0
BK-01881,2026-02-09,2,2,0,10,1.5,0,HT-01,Sân thi đấu chính,3500,Giao lưu phong trào,SoBanNganh_DoanThe,0,0.72,816,725,0.2071,Thấp,0
BK-01882,2026-05-15,5,6,0,7,1.5,0,HT-06,Sân đa năng,1200,Giao lưu phong trào,SoBanNganh_DoanThe,0,0.488,497,522,0.435,Trung bình,0
BK-01883,2026-01-04,1,8,1,6,2.0,0,HT-02,Hội trường,500,Hội nghị / Sự kiện,DoanhNghiep_TuNhan,0,0.585,350,311,0.622,Trung bình,0
BK-01884,2026-05-08,5,6,0,8,1.5,1,HT-03,Sân cầu lông,800,Tập luyện CLB / Đội tuyển,CLB_ChuyenNghiep,0,0.755,349,310,0.3875,Thấp,0
BK-01885,2026-03-27,3,6,0,14,2.5,0,HT-01,Sân thi đấu chính,3500,Giao lưu phong trào,CLB_ChuyenNghiep,1,0.695,1577,1678,0.4794,Trung bình,0
BK-01886,2026-04-23,4,5,0,15,2.5,1,HT-04,Bể bơi,2100,Tập luyện CLB / Đội tuyển,TruongHoc_DaiHoc,1,0.644,1144,996,0.4743,Trung bình,0
BK-01887,2026-02-11,2,4,0,7,3.0,0,HT-05,Sân tập,200,Giao lưu phong trào,TruongHoc_DaiHoc,0,0.527,33,36,0.18,Thấp,0
BK-01888,2026-02-10,2,3,0,19,4.0,1,HT-05,Sân tập,200,Tập luyện CLB / Đội tuyển,NhomCaNhan,0,0.607,77,87,0.435,Trung bình,0
BK-01889,2026-03-12,3,5,0,17,3.0,0,HT-01,Sân thi đấu chính,3500,Giao lưu phong trào,CLB_ChuyenNghiep,1,0.667,670,758,0.2166,Thấp,0
BK-01890,2026-01-04,1,8,1,6,2.5,0,HT-05,Sân tập,200,Tập thể thao tự do,TruongHoc_DaiHoc,0,0.583,96,109,0.545,Trung bình,0
BK-01891,2026-01-11,1,8,1,9,3.0,1,HT-04,Bể bơi,2100,Tập thể thao tự do,CLB_ChuyenNghiep,0,0.733,1717,1490,0.7095,Trung bình,0
BK-01892,2026-03-07,3,7,1,18,1.5,1,HT-03,Sân cầu lông,800,Tập thể thao tự do,CLB_ChuyenNghiep,0,0.855,506,547,0.6837,Trung bình,0
BK-01893,2026-05-26,5,3,0,13,1.5,0,HT-04,Bể bơi,2100,Tập luyện CLB / Đội tuyển,TruongHoc_DaiHoc,0,0.702,410,452,0.2152,Thấp,0
BK-01894,2026-04-22,4,4,0,7,2.5,0,HT-01,Sân thi đấu chính,3500,Giải thi đấu thể thao,SoBanNganh_DoanThe,1,0.655,2510,2757,0.7877,Cao,0
BK-01895,2026-06-17,6,4,0,19,2.5,1,HT-05,Sân tập,200,Tập thể thao tự do,TruongHoc_DaiHoc,1,0.673,136,141,0.705,Trung bình,0
BK-01896,2026-05-17,5,8,1,15,4.0,1,HT-06,Sân đa năng,1200,Tập luyện CLB / Đội tuyển,DoanhNghiep_TuNhan,1,0.486,926,964,0.8033,Cao,0
BK-01897,2026-01-22,1,5,0,17,4.0,0,HT-06,Sân đa năng,1200,Tập luyện CLB / Đội tuyển,SoBanNganh_DoanThe,0,0.391,255,235,0.1958,Thấp,0
BK-01898,2026-03-14,3,7,1,8,2.5,1,HT-04,Bể bơi,2100,Giải thi đấu thể thao,CLB_ChuyenNghiep,1,0.792,1436,1629,0.7757,Cao,0
BK-01899,2026-01-09,1,6,0,9,1.5,1,HT-06,Sân đa năng,1200,Giải thi đấu thể thao,DoanhNghiep_TuNhan,1,0.43,1091,1060,0.8833,Cao,0
BK-01900,2026-03-10,3,3,0,15,3.0,1,HT-03,Sân cầu lông,800,Giao lưu phong trào,TruongHoc_DaiHoc,0,0.854,487,472,0.59,Trung bình,0
BK-01901,2026-03-10,3,3,0,20,2.5,0,HT-06,Sân đa năng,1200,Giải thi đấu thể thao,SoBanNganh_DoanThe,0,0.413,949,1088,0.9067,Cao,1
BK-01902,2026-04-09,4,5,0,17,4.0,0,HT-06,Sân đa năng,1200,Giao lưu phong trào,CLB_ChuyenNghiep,0,0.416,518,467,0.3892,Thấp,0
BK-01903,2026-01-06,1,3,0,19,1.5,1,HT-05,Sân tập,200,Giao lưu phong trào,CLB_ChuyenNghiep,0,0.534,157,147,0.735,Trung bình,0
BK-01904,2026-03-29,3,8,1,20,3.0,0,HT-02,Hội trường,500,Hội nghị / Sự kiện,DoanhNghiep_TuNhan,1,0.541,307,288,0.576,Trung bình,0
BK-01905,2026-01-29,1,5,0,6,3.0,0,HT-02,Hội trường,500,Giao lưu phong trào,SoBanNganh_DoanThe,1,0.499,214,189,0.378,Thấp,0
BK-01906,2026-02-01,2,8,1,6,2.5,0,HT-03,Sân cầu lông,800,Giao lưu phong trào,TruongHoc_DaiHoc,0,0.871,204,230,0.2875,Thấp,0
BK-01907,2026-03-19,3,5,0,10,2.0,0,HT-03,Sân cầu lông,800,Giao lưu phong trào,NhomCaNhan,0,0.757,242,238,0.2975,Thấp,0
BK-01908,2026-06-24,6,4,0,6,4.0,0,HT-01,Sân thi đấu chính,3500,Tập luyện CLB / Đội tuyển,DoanhNghiep_TuNhan,0,0.627,1139,1089,0.3111,Thấp,0
BK-01909,2026-01-31,1,7,1,13,4.0,0,HT-01,Sân thi đấu chính,3500,Giao lưu phong trào,CLB_ChuyenNghiep,0,0.731,1163,1061,0.3031,Thấp,0
BK-01910,2026-06-18,6,5,0,19,2.0,1,HT-03,Sân cầu lông,800,Tập thể thao tự do,TruongHoc_DaiHoc,0,0.849,419,437,0.5463,Trung bình,0
BK-01911,2026-01-13,1,3,0,15,2.0,1,HT-01,Sân thi đấu chính,3500,Tập luyện CLB / Đội tuyển,CLB_ChuyenNghiep,0,0.666,2633,2784,0.7954,Cao,0
BK-01912,2026-03-29,3,8,1,8,2.0,1,HT-06,Sân đa năng,1200,Giao lưu phong trào,SoBanNganh_DoanThe,0,0.4,909,860,0.7167,Trung bình,0
BK-01913,2026-04-30,4,5,0,7,2.5,0,HT-01,Sân thi đấu chính,3500,Giải thi đấu thể thao,DoanhNghiep_TuNhan,1,0.624,3330,3187,0.9106,Cao,1
BK-01914,2026-04-23,4,5,0,7,1.5,0,HT-05,Sân tập,200,Tập thể thao tự do,CLB_ChuyenNghiep,0,0.544,69,59,0.295,Thấp,0
BK-01915,2026-06-24,6,4,0,19,2.0,1,HT-02,Hội trường,500,Hội nghị / Sự kiện,DoanhNghiep_TuNhan,1,0.538,353,320,0.64,Trung bình,0
BK-01916,2026-06-04,6,5,0,9,4.0,1,HT-03,Sân cầu lông,800,Giao lưu phong trào,NhomCaNhan,0,0.851,373,407,0.5088,Trung bình,0
BK-01917,2026-05-07,5,5,0,6,2.0,0,HT-02,Hội trường,500,Hội nghị / Sự kiện,SoBanNganh_DoanThe,1,0.533,323,324,0.648,Trung bình,0
BK-01918,2026-01-07,1,4,0,18,2.0,1,HT-05,Sân tập,200,Giao lưu phong trào,TruongHoc_DaiHoc,0,0.58,108,95,0.475,Trung bình,0
BK-01919,2026-06-07,6,8,1,18,2.0,1,HT-03,Sân cầu lông,800,Tập luyện CLB / Đội tuyển,NhomCaNhan,1,0.852,667,655,0.8187,Cao,0
BK-01920,2026-02-18,2,4,0,17,4.0,0,HT-05,Sân tập,200,Tập luyện CLB / Đội tuyển,NhomCaNhan,0,0.645,93,102,0.51,Trung bình,0
BK-01921,2026-02-26,2,5,0,9,2.0,1,HT-03,Sân cầu lông,800,Tập luyện CLB / Đội tuyển,CLB_ChuyenNghiep,0,0.755,505,500,0.625,Trung bình,0
BK-01922,2026-01-13,1,3,0,15,1.5,1,HT-05,Sân tập,200,Giao lưu phong trào,NhomCaNhan,0,0.649,125,134,0.67,Trung bình,0
BK-01923,2026-02-21,2,7,1,6,1.5,0,HT-04,Bể bơi,2100,Tập thể thao tự do,NhomCaNhan,1,0.772,588,648,0.3086,Thấp,0
BK-01924,2026-05-22,5,6,0,16,4.0,1,HT-02,Hội trường,500,Hội nghị / Sự kiện,TruongHoc_DaiHoc,1,0.54,413,455,0.91,Cao,1
BK-01925,2026-03-09,3,2,0,10,3.0,0,HT-05,Sân tập,200,Tập thể thao tự do,NhomCaNhan,0,0.675,76,69,0.345,Thấp,0
BK-01926,2026-02-25,2,4,0,8,2.0,1,HT-06,Sân đa năng,1200,Giải thi đấu thể thao,DoanhNghiep_TuNhan,1,0.53,1059,992,0.8267,Cao,0
BK-01927,2026-03-30,3,2,0,18,4.0,1,HT-05,Sân tập,200,Tập luyện CLB / Đội tuyển,TruongHoc_DaiHoc,0,0.637,153,138,0.69,Trung bình,0
BK-01928,2026-04-01,4,4,0,6,3.0,0,HT-04,Bể bơi,2100,Tập thể thao tự do,TruongHoc_DaiHoc,0,0.702,548,473,0.2252,Thấp,0
BK-01929,2026-06-12,6,6,0,15,2.0,1,HT-06,Sân đa năng,1200,Giải thi đấu thể thao,DoanhNghiep_TuNhan,1,0.414,783,851,0.7092,Trung bình,0
BK-01930,2026-03-02,3,2,0,15,2.5,1,HT-01,Sân thi đấu chính,3500,Giải thi đấu thể thao,DoanhNghiep_TuNhan,0,0.602,3180,3012,0.8606,Cao,0
BK-01931,2026-06-18,6,5,0,9,3.0,1,HT-01,Sân thi đấu chính,3500,Giải thi đấu thể thao,SoBanNganh_DoanThe,1,0.691,2689,2607,0.7449,Trung bình,0
BK-01932,2026-05-02,5,7,1,13,3.0,0,HT-06,Sân đa năng,1200,Giải thi đấu thể thao,SoBanNganh_DoanThe,1,0.461,967,914,0.7617,Cao,0
BK-01933,2026-02-14,2,7,1,18,1.5,1,HT-06,Sân đa năng,1200,Giao lưu phong trào,CLB_ChuyenNghiep,0,0.517,895,912,0.76,Cao,0
BK-01934,2026-03-29,3,8,1,14,2.5,0,HT-03,Sân cầu lông,800,Tập luyện CLB / Đội tuyển,TruongHoc_DaiHoc,0,0.774,152,156,0.195,Thấp,0
BK-01935,2026-03-24,3,3,0,16,3.0,1,HT-04,Bể bơi,2100,Tập luyện CLB / Đội tuyển,CLB_ChuyenNghiep,1,0.667,1519,1299,0.6186,Trung bình,0
BK-01936,2026-02-10,2,3,0,6,1.5,0,HT-06,Sân đa năng,1200,Tập luyện CLB / Đội tuyển,DoanhNghiep_TuNhan,0,0.382,244,218,0.1817,Thấp,0
BK-01937,2026-02-21,2,7,1,9,3.0,1,HT-05,Sân tập,200,Giao lưu phong trào,CLB_ChuyenNghiep,0,0.673,152,130,0.65,Trung bình,0
BK-01938,2026-05-02,5,7,1,7,2.0,0,HT-02,Hội trường,500,Giao lưu phong trào,DoanhNghiep_TuNhan,0,0.5,122,139,0.278,Thấp,0
BK-01939,2026-04-23,4,5,0,14,1.5,0,HT-06,Sân đa năng,1200,Giao lưu phong trào,SoBanNganh_DoanThe,0,0.457,588,583,0.4858,Trung bình,0
BK-01940,2026-04-01,4,4,0,18,2.0,1,HT-02,Hội trường,500,Giao lưu phong trào,SoBanNganh_DoanThe,1,0.5,227,215,0.43,Trung bình,0
BK-01941,2026-05-12,5,3,0,19,4.0,1,HT-06,Sân đa năng,1200,Tập luyện CLB / Đội tuyển,SoBanNganh_DoanThe,1,0.381,483,428,0.3567,Thấp,0
BK-01942,2026-01-07,1,4,0,15,3.0,1,HT-03,Sân cầu lông,800,Tập thể thao tự do,CLB_ChuyenNghiep,0,0.854,485,482,0.6025,Trung bình,0
BK-01943,2026-01-01,1,5,0,14,4.0,0,HT-02,Hội trường,500,Giao lưu phong trào,DoanhNghiep_TuNhan,0,0.518,179,178,0.356,Thấp,0
BK-01944,2026-04-25,4,7,1,15,2.5,1,HT-05,Sân tập,200,Tập luyện CLB / Đội tuyển,CLB_ChuyenNghiep,0,0.525,138,145,0.725,Trung bình,0
BK-01945,2026-03-26,3,5,0,6,3.0,0,HT-01,Sân thi đấu chính,3500,Giải thi đấu thể thao,SoBanNganh_DoanThe,1,0.662,2355,2417,0.6906,Trung bình,0
BK-01946,2026-03-11,3,4,0,14,4.0,0,HT-05,Sân tập,200,Tập luyện CLB / Đội tuyển,CLB_ChuyenNghiep,0,0.542,38,39,0.195,Thấp,0
BK-01947,2026-06-28,6,8,1,9,2.5,1,HT-04,Bể bơi,2100,Tập thể thao tự do,CLB_ChuyenNghiep,0,0.696,1705,1540,0.7333,Trung bình,0
BK-01948,2026-02-11,2,4,0,8,3.0,1,HT-05,Sân tập,200,Tập thể thao tự do,TruongHoc_DaiHoc,1,0.618,110,121,0.605,Trung bình,0
BK-01949,2026-05-15,5,6,0,16,4.0,1,HT-05,Sân tập,200,Tập thể thao tự do,TruongHoc_DaiHoc,0,0.568,142,139,0.695,Trung bình,0
BK-01950,2026-03-26,3,5,0,10,2.0,0,HT-03,Sân cầu lông,800,Tập thể thao tự do,TruongHoc_DaiHoc,0,0.803,151,156,0.195,Thấp,0
BK-01951,2026-06-04,6,5,0,9,4.0,1,HT-05,Sân tập,200,Tập luyện CLB / Đội tuyển,TruongHoc_DaiHoc,0,0.612,99,92,0.46,Trung bình,0
BK-01952,2026-03-11,3,4,0,10,1.5,0,HT-04,Bể bơi,2100,Giải thi đấu thể thao,TruongHoc_DaiHoc,1,0.735,1687,1547,0.7367,Trung bình,0
BK-01953,2026-05-09,5,7,1,8,4.0,1,HT-04,Bể bơi,2100,Giải thi đấu thể thao,NhomCaNhan,1,0.743,1525,1670,0.7952,Cao,0
BK-01954,2026-05-14,5,5,0,10,1.5,0,HT-05,Sân tập,200,Tập luyện CLB / Đội tuyển,NhomCaNhan,1,0.541,32,32,0.16,Thấp,0
BK-01955,2026-06-26,6,6,0,7,3.0,0,HT-02,Hội trường,500,Hội nghị / Sự kiện,DoanhNghiep_TuNhan,1,0.571,408,370,0.74,Trung bình,0
BK-01956,2026-04-16,4,5,0,13,3.0,0,HT-03,Sân cầu lông,800,Giao lưu phong trào,NhomCaNhan,0,0.785,147,126,0.1575,Thấp,0
BK-01957,2026-04-21,4,3,0,14,1.5,0,HT-03,Sân cầu lông,800,Tập luyện CLB / Đội tuyển,TruongHoc_DaiHoc,0,0.858,296,264,0.33,Thấp,0
BK-01958,2026-04-02,4,5,0,8,1.5,1,HT-01,Sân thi đấu chính,3500,Giải thi đấu thể thao,DoanhNghiep_TuNhan,0,0.713,2569,2458,0.7023,Trung bình,0
BK-01959,2026-04-11,4,7,1,13,4.0,0,HT-02,Hội trường,500,Giao lưu phong trào,TruongHoc_DaiHoc,0,0.625,141,159,0.318,Thấp,0
BK-01960,2026-01-21,1,4,0,17,2.0,0,HT-05,Sân tập,200,Tập luyện CLB / Đội tuyển,CLB_ChuyenNghiep,0,0.583,64,67,0.335,Thấp,0
BK-01961,2026-02-26,2,5,0,7,2.0,0,HT-01,Sân thi đấu chính,3500,Tập luyện CLB / Đội tuyển,DoanhNghiep_TuNhan,0,0.733,1543,1396,0.3989,Thấp,0
BK-01962,2026-02-10,2,3,0,19,2.0,1,HT-06,Sân đa năng,1200,Giải thi đấu thể thao,CLB_ChuyenNghiep,1,0.475,884,859,0.7158,Trung bình,0
BK-01963,2026-01-05,1,2,0,9,3.0,1,HT-03,Sân cầu lông,800,Giao lưu phong trào,TruongHoc_DaiHoc,0,0.865,546,571,0.7137,Trung bình,0
BK-01964,2026-05-19,5,3,0,6,4.0,0,HT-01,Sân thi đấu chính,3500,Tập luyện CLB / Đội tuyển,SoBanNganh_DoanThe,0,0.721,1646,1537,0.4391,Trung bình,0
BK-01965,2026-01-13,1,3,0,20,1.5,0,HT-02,Hội trường,500,Giao lưu phong trào,DoanhNghiep_TuNhan,0,0.518,82,94,0.188,Thấp,0
BK-01966,2026-03-23,3,2,0,8,2.0,1,HT-01,Sân thi đấu chính,3500,Tập luyện CLB / Đội tuyển,SoBanNganh_DoanThe,0,0.645,1700,1755,0.5014,Trung bình,0
BK-01967,2026-04-11,4,7,1,8,3.0,1,HT-03,Sân cầu lông,800,Tập thể thao tự do,TruongHoc_DaiHoc,0,0.823,653,594,0.7425,Trung bình,0
BK-01968,2026-02-09,2,2,0,20,2.0,0,HT-05,Sân tập,200,Tập luyện CLB / Đội tuyển,NhomCaNhan,1,0.553,53,46,0.23,Thấp,0
BK-01969,2026-01-03,1,7,1,6,2.0,0,HT-02,Hội trường,500,Hội nghị / Sự kiện,DoanhNghiep_TuNhan,1,0.614,342,303,0.606,Trung bình,0
BK-01970,2026-04-27,4,2,0,6,3.0,0,HT-03,Sân cầu lông,800,Tập thể thao tự do,NhomCaNhan,0,0.78,281,307,0.3837,Thấp,0
BK-01971,2026-01-15,1,5,0,10,2.5,0,HT-02,Hội trường,500,Hội nghị / Sự kiện,SoBanNganh_DoanThe,1,0.559,441,472,0.944,Cao,1
BK-01972,2026-03-08,3,8,1,8,2.0,1,HT-04,Bể bơi,2100,Tập thể thao tự do,CLB_ChuyenNghiep,0,0.726,1945,1680,0.8,Cao,0
BK-01973,2026-04-28,4,3,0,20,4.0,0,HT-01,Sân thi đấu chính,3500,Tập luyện CLB / Đội tuyển,CLB_ChuyenNghiep,1,0.621,1532,1606,0.4589,Trung bình,0
BK-01974,2026-01-14,1,4,0,6,3.0,0,HT-03,Sân cầu lông,800,Giao lưu phong trào,CLB_ChuyenNghiep,0,0.864,207,204,0.255,Thấp,0
BK-01975,2026-01-27,1,3,0,18,3.0,1,HT-04,Bể bơi,2100,Tập luyện CLB / Đội tuyển,NhomCaNhan,0,0.669,1383,1563,0.7443,Trung bình,0
BK-01976,2026-03-09,3,2,0,14,2.5,0,HT-01,Sân thi đấu chính,3500,Tập luyện CLB / Đội tuyển,DoanhNghiep_TuNhan,1,0.675,1574,1710,0.4886,Trung bình,0
BK-01977,2026-02-07,2,7,1,16,1.5,1,HT-03,Sân cầu lông,800,Tập luyện CLB / Đội tuyển,NhomCaNhan,0,0.795,534,579,0.7238,Trung bình,0
BK-01978,2026-04-11,4,7,1,10,2.5,0,HT-05,Sân tập,200,Giao lưu phong trào,TruongHoc_DaiHoc,0,0.592,96,99,0.495,Trung bình,0
BK-01979,2026-01-20,1,3,0,7,2.0,0,HT-02,Hội trường,500,Hội nghị / Sự kiện,SoBanNganh_DoanThe,0,0.508,268,269,0.538,Trung bình,0
BK-01980,2026-03-30,3,2,0,16,3.0,1,HT-06,Sân đa năng,1200,Tập luyện CLB / Đội tuyển,DoanhNghiep_TuNhan,1,0.507,947,825,0.6875,Trung bình,0
BK-01981,2026-05-05,5,3,0,19,1.5,1,HT-03,Sân cầu lông,800,Giao lưu phong trào,NhomCaNhan,0,0.78,426,441,0.5513,Trung bình,0
BK-01982,2026-04-01,4,4,0,17,2.5,0,HT-02,Hội trường,500,Hội nghị / Sự kiện,DoanhNghiep_TuNhan,1,0.59,303,343,0.686,Trung bình,0
BK-01983,2026-03-05,3,5,0,16,3.0,1,HT-02,Hội trường,500,Hội nghị / Sự kiện,SoBanNganh_DoanThe,1,0.498,371,327,0.654,Trung bình,0
BK-01984,2026-06-23,6,3,0,18,2.5,1,HT-03,Sân cầu lông,800,Giao lưu phong trào,TruongHoc_DaiHoc,0,0.74,636,681,0.8512,Cao,0
BK-01985,2026-05-19,5,3,0,9,2.5,1,HT-02,Hội trường,500,Giao lưu phong trào,DoanhNghiep_TuNhan,0,0.553,323,323,0.646,Trung bình,0
BK-01986,2026-05-11,5,2,0,17,2.5,0,HT-05,Sân tập,200,Tập luyện CLB / Đội tuyển,CLB_ChuyenNghiep,0,0.629,77,74,0.37,Thấp,0
BK-01987,2026-05-10,5,8,1,13,1.5,0,HT-06,Sân đa năng,1200,Tập luyện CLB / Đội tuyển,SoBanNganh_DoanThe,1,0.515,466,483,0.4025,Trung bình,0
BK-01988,2026-04-12,4,8,1,18,2.0,1,HT-04,Bể bơi,2100,Tập thể thao tự do,TruongHoc_DaiHoc,0,0.72,1450,1429,0.6805,Trung bình,0
BK-01989,2026-03-23,3,2,0,8,2.5,1,HT-02,Hội trường,500,Hội nghị / Sự kiện,SoBanNganh_DoanThe,1,0.6,392,343,0.686,Trung bình,0
BK-01990,2026-02-04,2,4,0,18,2.5,1,HT-01,Sân thi đấu chính,3500,Tập luyện CLB / Đội tuyển,DoanhNghiep_TuNhan,0,0.748,1516,1321,0.3774,Thấp,0
BK-01991,2026-04-16,4,5,0,6,2.0,0,HT-02,Hội trường,500,Giao lưu phong trào,DoanhNghiep_TuNhan,0,0.544,193,189,0.378,Thấp,0
BK-01992,2026-02-09,2,2,0,14,2.0,0,HT-06,Sân đa năng,1200,Tập luyện CLB / Đội tuyển,DoanhNghiep_TuNhan,0,0.382,468,458,0.3817,Thấp,0
BK-01993,2026-06-19,6,6,0,17,4.0,0,HT-03,Sân cầu lông,800,Tập luyện CLB / Đội tuyển,TruongHoc_DaiHoc,0,0.776,201,214,0.2675,Thấp,0
BK-01994,2026-05-18,5,2,0,6,2.5,0,HT-01,Sân thi đấu chính,3500,Tập luyện CLB / Đội tuyển,DoanhNghiep_TuNhan,0,0.703,856,744,0.2126,Thấp,0
BK-01995,2026-02-15,2,8,1,7,2.0,0,HT-02,Hội trường,500,Hội nghị / Sự kiện,DoanhNghiep_TuNhan,1,0.53,367,324,0.648,Trung bình,0
BK-01996,2026-02-09,2,2,0,16,3.0,1,HT-04,Bể bơi,2100,Giải thi đấu thể thao,NhomCaNhan,0,0.658,1400,1510,0.719,Trung bình,0
BK-01997,2026-03-25,3,4,0,16,4.0,1,HT-03,Sân cầu lông,800,Tập luyện CLB / Đội tuyển,CLB_ChuyenNghiep,0,0.74,375,412,0.515,Trung bình,0
BK-01998,2026-04-10,4,6,0,17,4.0,0,HT-02,Hội trường,500,Giao lưu phong trào,DoanhNghiep_TuNhan,0,0.594,169,170,0.34,Thấp,0
BK-01999,2026-04-10,4,6,0,14,2.5,0,HT-06,Sân đa năng,1200,Giao lưu phong trào,DoanhNghiep_TuNhan,0,0.405,502,535,0.4458,Trung bình,0
BK-02000,2026-06-18,6,5,0,7,4.0,0,HT-02,Hội trường,500,Hội nghị / Sự kiện,TruongHoc_DaiHoc,0,0.473,366,332,0.664,Trung bình,0
