month,day_of_week,start_hour,duration_hours,end_hour,is_weekend,is_peak_hour,hall_capacity,registered_attendees,declared_occupancy_ratio,is_large_event,has_special_equipment,hist_avg_occupancy,hall_code_HT-01,hall_code_HT-02,hall_code_HT-03,hall_code_HT-04,hall_code_HT-05,hall_code_HT-06,event_type_Giao lưu phong trào,event_type_Giải thi đấu thể thao,event_type_Hội nghị / Sự kiện,event_type_Tập luyện CLB / Đội tuyển,event_type_Tập thể thao tự do,organizer_type_CLB_ChuyenNghiep,organizer_type_DoanhNghiep_TuNhan,organizer_type_NhomCaNhan,organizer_type_SoBanNganh_DoanThe,organizer_type_TruongHoc_DaiHoc
-0.89688,0.99002,-0.0027,0.50495,0.08935,1.53849,-0.94022,1.92233,3.36874,1.93486,1.06425,1.27355,0.48174,1,0,0,0,0,0,0,1,0,0,0,1,0,0,0,0
1.42139,0.99002,-0.64955,-0.07923,-0.65577,1.53849,-0.94022,-0.51293,-0.6324,-0.85351,-0.93904,-0.78471,1.0692,0,0,1,0,0,0,1,0,0,0,0,0,0,0,0,1
-1.47644,-0.98079,-1.51202,1.6733,-1.188,-0.64958,-0.94022,-1.05409,-0.94472,-1.45389,-0.93904,-0.78471,-0.94384,0,0,0,0,1,0,0,0,0,1,0,0,0,0,0,1
0.84182,-1.47349,1.50663,-1.24758,1.26025,-0.64958,-0.94022,-0.15215,0.1261,0.84179,1.06425,-0.78471,-1.42947,0,0,0,0,0,1,0,1,0,0,0,0,1,0,0,0
-0.89688,0.49732,-1.51202,-0.6634,-1.61378,-0.64958,-0.94022,-0.78351,-0.59697,0.38732,-0.93904,1.27355,-0.91251,0,1,0,0,0,0,0,0,1,0,0,0,0,0,1,0
-0.89688,-0.48808,-1.51202,-0.6634,-1.61378,-0.64958,-0.94022,-0.51293,-0.71245,-1.20917,-0.93904,-0.78471,1.69583,0,0,1,0,0,0,0,0,0,0,1,0,0,1,0,0
1.42139,0.49732,-0.86517,-0.07923,-0.86866,-0.64958,1.06291,-0.78351,-0.6757,-0.17203,-0.93904,1.27355,-0.88901,0,1,0,0,0,0,1,0,0,0,0,0,1,0,0,0
-0.31731,1.48273,-0.64955,-0.6634,-0.76222,1.53849,-0.94022,-0.51293,-0.75575,-1.40168,-0.93904,-0.78471,1.08487,0,0,1,0,0,0,1,0,0,0,0,0,0,0,0,1
-0.31731,-0.98079,0.42854,0.50495,0.51513,-0.64958,1.06291,-0.15215,-0.22297,-0.19161,1.06425,1.27355,-1.39814,0,0,0,0,0,1,1,0,0,0,0,1,0,0,0,0
-1.47644,1.48273,1.29101,0.50495,1.36669,1.53849,1.06291,-1.05409,-0.79381,1.22635,-0.93904,1.27355,-0.07439,0,0,0,0,1,0,1,0,0,0,0,1,0,0,0,0
1.42139,-0.98079,1.50663,-1.24758,1.26025,-0.64958,-0.94022,1.92233,2.63649,1.19186,1.06425,1.27355,-0.18405,1,0,0,0,0,0,0,1,0,0,0,1,0,0,0,0
-0.31731,-1.47349,1.50663,-0.07923,1.47314,-0.64958,-0.94022,1.92233,0.43186,-1.04556,1.06425,1.27355,0.71672,1,0,0,0,0,0,1,0,0,0,0,0,1,0,0,0
0.26225,-0.48808,-1.2964,-1.24758,-1.50733,-0.64958,-0.94022,-0.15215,0.30326,1.36619,1.06425,1.27355,-1.21015,0,0,0,0,0,1,0,1,0,0,0,0,1,0,0,0
0.84182,0.49732,1.29101,-0.07923,1.26025,-0.64958,1.06291,-1.05409,-0.83318,0.52716,-0.93904,-0.78471,0.20759,0,0,0,0,1,0,0,0,0,0,1,1,0,0,0,0
1.42139,-0.98079,0.21292,-1.24758,-0.0171,-0.64958,-0.94022,-0.51293,-0.78987,-1.55317,-0.93904,1.27355,1.89165,0,0,1,0,0,0,0,0,0,1,0,0,0,1,0,0
1.42139,0.99002,-0.0027,-1.24758,-0.22999,1.53849,-0.94022,-0.15215,-0.55891,-1.18586,-0.93904,1.27355,-1.08483,0,0,0,0,0,1,0,0,0,1,0,0,0,0,1,0
-0.89688,0.00462,-0.0027,0.50495,0.08935,-0.64958,-0.94022,0.6596,0.2442,-0.39158,1.06425,1.27355,1.0457,0,0,0,1,0,0,0,0,0,0,1,0,0,0,0,1
0.26225,-0.48808,0.42854,-1.24758,0.19579,-0.64958,1.06291,1.92233,1.55254,0.09179,1.06425,-0.78471,0.18409,1,0,0,0,0,0,1,0,0,0,0,0,1,0,0,0
-0.31731,-0.98079,0.42854,0.50495,0.51513,-0.64958,1.06291,1.92233,3.55902,2.12784,1.06425,1.27355,0.45824,1,0,0,0,0,0,0,1,0,0,0,0,1,0,0,0
0.26225,1.48273,-0.0027,-0.07923,-0.0171,1.53849,-0.94022,-0.78351,-0.70326,-0.36781,-0.93904,1.27355,-0.79501,0,1,0,0,0,0,0,0,1,0,0,0,0,0,0,1
1.42139,-0.98079,-1.2964,-0.6634,-1.40089,-0.64958,-0.94022,1.92233,1.36489,-0.09885,1.06425,-0.78471,-0.11356,1,0,0,0,0,0,1,0,0,0,0,0,0,0,1,0
-1.47644,-1.47349,1.07539,-0.6634,0.94091,-0.64958,1.06291,-1.05409,-0.83318,0.52716,-0.93904,1.27355,0.24675,0,0,0,0,1,0,0,0,0,1,0,0,0,0,0,1
0.26225,-0.48808,0.85978,-0.07923,0.83447,-0.64958,-0.94022,-0.78351,-0.60615,0.32206,-0.93904,1.27355,-0.40337,0,1,0,0,0,0,0,0,1,0,0,0,1,0,0,0
0.26225,-1.47349,1.07539,-1.24758,0.83447,-0.64958,1.06291,-1.05409,-0.86861,-0.10212,-0.93904,1.27355,-0.25455,0,0,0,0,1,0,0,0,0,1,0,1,0,0,0,0
-0.89688,0.99002,-1.51202,-1.24758,-1.72023,1.53849,-0.94022,0.6596,-0.23215,-1.19752,1.06425,1.27355,1.0222,0,0,0,1,0,0,0,0,0,0,1,0,0,1,0,0
-0.89688,0.00462,-1.2964,-1.24758,-1.50733,-0.64958,-0.94022,-0.15215,-0.59959,-1.30612,-0.93904,1.27355,-1.71929,0,0,0,0,0,1,1,0,0,0,0,0,0,0,1,0
-0.89688,-0.98079,0.21292,-1.24758,-0.0171,-0.64958,-0.94022,1.92233,1.82025,0.36355,1.06425,1.27355,0.90471,1,0,0,0,0,0,0,1,0,0,0,0,0,0,1,0
1.42139,0.99002,-0.64955,1.6733,-0.33643,1.53849,-0.94022,-0.15215,-0.61928,-1.36439,-0.93904,-0.78471,-1.79761,0,0,0,0,0,1,1,0,0,0,0,0,0,0,1,0
1.42139,1.48273,1.07539,-1.24758,0.83447,1.53849,1.06291,0.6596,0.81898,0.5803,1.06425,-0.78471,0.86555,0,0,0,1,0,0,0,0,0,1,0,0,0,1,0,0
-0.31731,-0.48808,-0.64955,-0.6634,-0.76222,-0.64958,-0.94022,-0.51293,-0.58516,-0.64376,-0.93904,-0.78471,0.77939,0,0,1,0,0,0,0,0,0,0,1,0,0,0,0,1
0.26225,0.00462,-0.86517,-1.24758,-1.08155,-0.64958,1.06291,-0.51293,-0.52873,-0.39345,-0.93904,-0.78471,1.50001,0,0,1,0,0,0,0,0,0,1,0,1,0,0,0,0
-0.89688,-1.47349,-1.08078,-0.6634,-1.188,-0.64958,1.06291,1.92233,2.43571,0.98816,1.06425,-0.78471,0.37991,1,0,0,0,0,0,1,0,0,0,0,0,1,0,0,0
0.26225,-0.48808,0.42854,-1.24758,0.19579,-0.64958,1.06291,-0.51293,-0.19804,1.07486,1.06425,-0.78471,0.77155,0,0,1,0,0,0,0,0,0,1,0,0,0,1,0,0
-0.89688,1.48273,-0.64955,-0.07923,-0.65577,1.53849,-0.94022,-1.05409,-0.89092,-0.49832,-0.93904,-0.78471,0.23109,0,0,0,0,1,0,1,0,0,0,0,0,0,1,0,0
-0.89688,-0.98079,-0.0027,1.6733,0.30224,-0.64958,-0.94022,-0.15215,-0.37126,-0.63024,-0.93904,-0.78471,-1.21015,0,0,0,0,0,1,0,0,0,1,0,0,0,0,1,0
0.26225,-0.48808,-1.2964,1.6733,-0.97511,-0.64958,-0.94022,-1.05409,-0.86992,-0.12542,-0.93904,-0.78471,0.14493,0,0,0,0,1,0,0,0,0,1,0,0,0,0,0,1
0.84182,0.99002,-1.51202,-0.6634,-1.61378,1.53849,-0.94022,-1.05409,-0.91454,-0.91784,-0.93904,-0.78471,0.27809,0,0,0,0,1,0,1,0,0,0,0,0,0,1,0,0
1.42139,-0.48808,0.21292,0.50495,0.30224,-0.64958,-0.94022,-1.05409,-0.92241,-1.05768,-0.93904,-0.78471,0.01177,0,0,0,0,1,0,0,0,0,1,0,1,0,0,0,0
1.42139,-0.48808,0.85978,-0.07923,0.83447,-0.64958,-0.94022,-0.15215,-0.67308,-1.5238,-0.93904,-0.78471,-0.96733,0,0,0,0,0,1,1,0,0,0,0,0,1,0,0,0
1.42139,-0.98079,0.21292,-0.07923,0.19579,-0.64958,-0.94022,-0.15215,-0.62453,-1.38024,-0.93904,1.27355,-1.39814,0,0,0,0,0,1,1,0,0,0,0,1,0,0,0,0
-0.89688,-0.98079,-1.51202,-1.24758,-1.72023,-0.64958,-0.94022,-1.05409,-0.9211,-1.03437,-0.93904,-0.78471,-0.0039,0,0,0,0,1,0,0,0,0,0,1,1,0,0,0,0
0.26225,-0.48808,-1.51202,0.50495,-1.40089,-0.64958,-0.94022,0.6596,-0.28465,-1.28608,1.06425,-0.78471,0.47391,0,0,0,1,0,0,0,0,0,0,1,0,0,0,0,1
0.26225,-0.48808,0.42854,-0.6634,0.30224,-0.64958,1.06291,-0.15215,0.03161,0.56212,1.06425,1.27355,-2.0326,0,0,0,0,0,1,0,0,0,1,0,0,0,0,1,0
-0.31731,0.00462,1.50663,1.6733,1.79248,-0.64958,-0.94022,-0.15215,-0.44212,-0.84,-0.93904,-0.78471,-1.75845,0,0,0,0,0,1,1,0,0,0,0,1,0,0,0,0
0.84182,0.49732,1.07539,-0.6634,0.94091,-0.64958,1.06291,-1.05409,-0.8463,0.29409,-0.93904,-0.78471,-0.12922,0,0,0,0,1,0,0,0,0,1,0,1,0,0,0,0
0.84182,0.99002,0.42854,1.6733,0.72802,1.53849,1.06291,1.92233,2.33335,0.88421,1.06425,-0.78471,0.07443,1,0,0,0,0,0,0,0,0,1,0,0,0,0,1,0
-0.31731,0.49732,0.21292,0.50495,0.30224,-0.64958,-0.94022,-0.51293,-0.49461,-0.24195,-0.93904,-0.78471,1.56267,0,0,1,0,0,0,0,0,0,1,0,0,0,1,0,0
-0.31731,-1.47349,-1.2964,-1.24758,-1.50733,-0.64958,-0.94022,1.92233,0.07492,-1.40774,1.06425,-0.78471,-0.16839,1,0,0,0,0,0,1,0,0,0,0,0,1,0,0,0
-1.47644,-0.48808,0.42854,-1.24758,0.19579,-0.64958,1.06291,-0.51293,-0.34895,0.40503,-0.93904,-0.78471,1.78982,0,0,1,0,0,0,0,0,0,1,0,1,0,0,0,0
-0.31731,-0.98079,1.29101,-1.24758,1.04736,-0.64958,1.06291,-0.78351,-0.6009,0.35935,-0.93904,1.27355,-0.62269,0,1,0,0,0,0,0,0,1,0,0,0,1,0,0,0
0.26225,-1.47349,0.85978,1.6733,1.1538,-0.64958,-0.94022,-0.15215,-0.53792,-1.12387,-0.93904,-0.78471,-1.39031,0,0,0,0,0,1,1,0,0,0,0,0,1,0,0,0
0.26225,1.48273,0.85978,0.50495,0.94091,1.53849,-0.94022,-0.51293,-0.51429,-0.32959,-0.93904,-0.78471,0.94388,0,0,1,0,0,0,0,0,0,0,1,1,0,0,0,0
-1.47644,1.48273,-1.08078,0.50495,-0.97511,1.53849,1.06291,-1.05409,-0.782,1.43611,-0.93904,-0.78471,-0.63052,0,0,0,0,1,0,0,0,0,0,1,0,0,0,0,1
0.26225,-0.48808,0.21292,0.50495,0.30224,-0.64958,-0.94022,0.6596,0.16022,-0.53375,1.06425,-0.78471,0.13709,0,0,0,1,0,0,0,0,0,0,1,0,0,0,0,1
0.84182,-1.47349,-0.86517,-1.24758,-1.08155,-0.64958,1.06291,-1.05409,-0.88698,-0.4284,-0.93904,1.27355,0.24675,0,0,0,0,1,0,1,0,0,0,0,0,0,1,0,0
-0.89688,0.49732,1.50663,-0.6634,1.36669,-0.64958,-0.94022,-0.15215,-0.26234,-0.30814,1.06425,1.27355,-1.07699,0,0,0,0,0,1,0,0,0,1,0,0,0,0,1,0
0.84182,1.48273,0.64416,-1.24758,0.40868,1.53849,1.06291,-0.15215,0.08017,0.70568,1.06425,1.27355,-1.26498,0,0,0,0,0,1,0,1,0,0,0,0,0,0,1,0
-0.31731,-1.47349,0.21292,-0.6634,0.08935,-0.64958,-0.94022,-0.15215,-0.23347,-0.22238,1.06425,1.27355,-0.97517,0,0,0,0,0,1,0,0,0,1,0,1,0,0,0,0
-1.47644,0.00462,0.42854,-1.24758,0.19579,-0.64958,1.06291,-0.78351,-0.65077,0.00509,-0.93904,1.27355,-0.29371,0,1,0,0,0,0,1,0,0,0,0,0,0,0,0,1
-0.89688,1.48273,1.07539,-1.24758,0.83447,1.53849,1.06291,-0.51293,-0.19279,1.09816,1.06425,-0.78471,1.38251,0,0,1,0,0,0,0,0,0,1,0,1,0,0,0,0
0.84182,-0.98079,0.64416,-0.07923,0.62158,-0.64958,1.06291,0.6596,0.46729,-0.01448,1.06425,-0.78471,1.21802,0,0,0,1,0,0,0,0,0,0,1,0,0,1,0,0
0.84182,0.49732,-1.51202,-0.6634,-1.61378,-0.64958,-0.94022,-0.15215,-0.6757,-1.53173,-0.93904,-0.78471,-2.0326,0,0,0,0,0,1,1,0,0,0,0,0,1,0,0,0
-0.31731,-0.98079,-0.64955,-0.07923,-0.65577,-0.64958,-0.94022,0.6596,-0.40669,-1.49257,-0.93904,1.27355,0.90471,0,0,0,1,0,0,0,0,0,1,0,0,0,1,0,0
0.26225,0.49732,-0.0027,-1.24758,-0.22999,-0.64958,-0.94022,-0.15215,0.38199,1.59925,1.06425,1.27355,-1.49997,0,0,0,0,0,1,0,1,0,0,0,0,0,0,1,0
0.26225,1.48273,1.07539,-0.6634,0.94091,1.53849,1.06291,0.6596,0.89903,0.71594,1.06425,-0.78471,0.6149,0,0,0,1,0,0,0,0,0,0,1,0,0,0,0,1
-0.31731,-0.48808,-1.08078,1.6733,-0.76222,-0.64958,1.06291,0.6596,0.5106,0.0587,1.06425,-0.78471,0.05093,0,0,0,1,0,0,0,0,0,0,1,0,0,1,0,0
0.84182,0.00462,-0.0027,-1.24758,-0.22999,-0.64958,-0.94022,-0.51293,-0.64552,-0.91225,-0.93904,-0.78471,1.72716,0,0,1,0,0,0,0,0,0,1,0,0,0,1,0,0
0.26225,-0.98079,0.85978,-0.07923,0.83447,-0.64958,-0.94022,1.92233,0.68513,-0.78872,1.06425,-0.78471,0.87338,1,0,0,0,0,0,1,0,0,0,0,1,0,0,0,0
-0.31731,-1.47349,-0.0027,-1.24758,-0.22999,-0.64958,-0.94022,-1.05409,-0.89617,-0.59155,-0.93904,1.27355,-0.35637,0,0,0,0,1,0,0,0,0,1,0,1,0,0,0,0
-0.89688,0.99002,-0.0027,-0.07923,-0.0171,1.53849,-0.94022,-0.51293,-0.51954,-0.35289,-0.93904,1.27355,1.78982,0,0,1,0,0,0,0,0,0,0,1,0,0,1,0,0
-1.47644,-1.47349,-1.08078,-0.6634,-1.188,-0.64958,1.06291,-0.51293,-0.37782,0.27638,-0.93904,-0.78471,1.96214,0,0,1,0,0,0,0,0,0,0,1,0,0,0,0,1
1.42139,-0.48808,-1.2964,0.50495,-1.188,-0.64958,-0.94022,1.92233,-0.37126,-1.86082,-0.93904,-0.78471,0.45041,1,0,0,0,0,0,1,0,0,0,0,1,0,0,0,0
0.26225,-0.98079,0.42854,0.50495,0.51513,-0.64958,1.06291,0.6596,0.60245,0.21439,1.06425,-0.78471,0.97521,0,0,0,1,0,0,0,0,0,0,1,1,0,0,0,0
1.42139,-0.98079,-1.2964,-0.07923,-1.29444,-0.64958,-0.94022,0.6596,0.97645,0.84692,1.06425,1.27355,0.81072,0,0,0,1,0,0,0,1,0,0,0,0,0,0,0,1
0.84182,0.99002,-0.64955,1.6733,-0.33643,1.53849,-0.94022,-0.51293,-0.59172,-0.67312,-0.93904,-0.78471,1.07703,0,0,1,0,0,0,0,0,0,1,0,0,0,1,0,0
-0.31731,-1.47349,-0.0027,-0.6634,-0.12354,-0.64958,-0.94022,-0.51293,-0.58253,-0.63257,-0.93904,-0.78471,0.78722,0,0,1,0,0,0,1,0,0,0,0,0,0,1,0,0
0.26225,1.48273,0.21292,-1.24758,-0.0171,1.53849,-0.94022,0.6596,1.36883,1.51069,1.06425,1.27355,1.16319,0,0,0,1,0,0,0,1,0,0,0,0,0,0,0,1
1.42139,-0.48808,1.07539,0.50495,1.1538,-0.64958,1.06291,-0.51293,-0.30695,0.59102,1.06425,1.27355,1.43734,0,0,1,0,0,0,0,0,0,0,1,0,0,0,0,1
1.42139,0.49732,0.21292,0.50495,0.30224,-0.64958,-0.94022,1.92233,0.34656,-1.13226,1.06425,-0.78471,0.46607,1,0,0,0,0,0,1,0,0,0,0,1,0,0,0,0
-1.47644,0.99002,-0.86517,-0.07923,-0.86866,1.53849,1.06291,-0.15215,0.09067,0.73691,1.06425,1.27355,-1.38247,0,0,0,0,0,1,0,1,0,0,0,0,0,0,1,0
-1.47644,-0.48808,-0.64955,-0.6634,-0.76222,-0.64958,-0.94022,-1.05409,-0.96572,-1.82679,-0.93904,1.27355,-0.52086,0,0,0,0,1,0,1,0,0,0,0,1,0,0,0,0
0.26225,-1.47349,-0.64955,-0.6634,-0.76222,-0.64958,-0.94022,0.6596,-0.51692,-1.67903,-0.93904,1.27355,1.17103,0,0,0,1,0,0,0,0,0,0,1,0,0,1,0,0
0.84182,0.49732,-0.0027,-1.24758,-0.22999,-0.64958,-0.94022,-0.51293,-0.52873,-0.39345,-0.93904,-0.78471,1.65666,0,0,1,0,0,0,0,0,0,0,1,0,0,0,0,1
0.84182,1.48273,0.42854,-0.07923,0.40868,1.53849,1.06291,1.92233,2.2323,0.78166,1.06425,1.27355,-0.01173,1,0,0,0,0,0,1,0,0,0,0,0,1,0,0,0
-0.31731,1.48273,0.64416,-0.6634,0.51513,1.53849,1.06291,-0.78351,-0.38438,1.89757,-0.93904,-0.78471,-0.92817,0,1,0,0,0,0,1,0,0,0,0,0,0,0,0,1
-1.47644,0.00462,-0.86517,-0.07923,-0.86866,-0.64958,1.06291,1.92233,1.89242,0.43673,1.06425,-0.78471,0.19976,1,0,0,0,0,0,1,0,0,0,0,0,0,0,1,0
-0.89688,1.48273,1.07539,-0.07923,1.04736,1.53849,1.06291,-0.78351,-0.60747,0.31274,-0.93904,1.27355,-0.4817,0,1,0,0,0,0,0,0,1,0,0,0,1,0,0,0
1.42139,-1.47349,0.21292,-0.6634,0.08935,-0.64958,-0.94022,0.6596,-0.32533,-1.35507,1.06425,-0.78471,0.99871,0,0,0,1,0,0,0,0,0,1,0,1,0,0,0,0
-0.89688,0.99002,-1.2964,-1.24758,-1.50733,1.53849,-0.94022,0.6596,-0.31876,-1.34388,1.06425,-0.78471,1.08487,0,0,0,1,0,0,0,0,0,0,1,0,0,1,0,0
-1.47644,-0.98079,-0.0027,-0.6634,-0.12354,-0.64958,-0.94022,-0.15215,-0.28333,-0.37014,1.06425,-0.78471,-1.63313,0,0,0,0,0,1,0,0,0,1,0,0,0,0,1,0
-0.31731,0.49732,-1.08078,1.6733,-0.76222,-0.64958,1.06291,-0.78351,-0.54841,0.73225,-0.93904,1.27355,-0.41904,0,1,0,0,0,0,0,0,1,0,0,0,0,0,0,1
0.26225,0.49732,-1.08078,0.50495,-0.97511,-0.64958,1.06291,-1.05409,-0.89223,-0.52163,-0.93904,-0.78471,-0.05089,0,0,0,0,1,0,0,0,0,1,0,0,0,0,0,1
0.26225,1.48273,-1.51202,-0.6634,-1.61378,1.53849,-0.94022,-0.51293,-0.74526,-1.35507,-0.93904,1.27355,1.94648,0,0,1,0,0,0,1,0,0,0,0,0,0,1,0,0
0.26225,-1.47349,0.64416,-1.24758,0.40868,-0.64958,1.06291,1.92233,3.72699,2.29844,1.06425,1.27355,0.25459,1,0,0,0,0,0,0,1,0,0,0,1,0,0,0,0
-0.31731,0.49732,0.21292,-0.07923,0.19579,-0.64958,-0.94022,1.92233,1.06569,-0.4023,1.06425,1.27355,0.41908,1,0,0,0,0,0,1,0,0,0,0,1,0,0,0,0
-0.89688,-0.48808,0.42854,-0.6634,0.30224,-0.64958,1.06291,-0.51293,-0.30958,0.57936,1.06425,-0.78471,1.12403,0,0,1,0,0,0,1,0,0,0,0,0,0,1,0,0
-0.89688,0.00462,0.85978,-1.24758,0.62158,-0.64958,-0.94022,-1.05409,-0.87386,-0.19534,-0.93904,-0.78471,0.21542,0,0,0,0,1,0,0,0,0,1,0,0,0,1,0,0
-1.47644,0.49732,1.50663,0.50495,1.57958,-0.64958,-0.94022,-0.51293,-0.58253,-0.63257,-0.93904,-0.78471,1.31202,0,0,1,0,0,0,1,0,0,0,0,0,0,1,0,0
0.84182,-0.98079,0.42854,-1.24758,0.19579,-0.64958,1.06291,-1.05409,-0.87123,-0.14873,-0.93904,-0.78471,0.29375,0,0,0,0,1,0,0,0,0,0,1,0,0,1,0,0
0.84182,0.99002,-0.0027,0.50495,0.08935,1.53849,-0.94022,-0.15215,0.2652,1.25338,1.06425,1.27355,-1.41381,0,0,0,0,0,1,0,1,0,0,0,0,0,0,1,0
1.42139,-1.47349,-0.64955,1.6733,-0.33643,-0.64958,-0.94022,-1.05409,-0.96178,-1.75687,-0.93904,1.27355,-0.72452,0,0,0,0,1,0,0,0,0,0,1,0,0,0,0,1
1.42139,-1.47349,0.42854,-1.24758,0.19579,-0.64958,1.06291,-0.15215,-0.29252,-0.39717,1.06425,1.27355,-1.72712,0,0,0,0,0,1,1,0,0,0,0,0,0,0,1,0
-0.89688,0.00462,-1.2964,1.6733,-0.97511,-0.64958,-0.94022,-0.78351,-0.8673,-1.53313,-0.93904,1.27355,-0.51303,0,1,0,0,0,0,1,0,0,0,0,0,0,0,1,0
1.42139,0.99002,0.64416,-1.24758,0.40868,1.53849,1.06291,-1.05409,-0.8568,0.10764,-0.93904,-0.78471,-0.88901,0,0,0,0,1,0,1,0,0,0,0,0,0,1,0,0
-1.47644,-0.48808,0.21292,-0.6634,0.08935,-0.64958,-0.94022,1.92233,2.90025,1.45941,1.06425,1.27355,0.08226,1,0,0,0,0,0,0,1,0,0,0,0,0,0,1,0
-0.31731,1.48273,-0.0027,0.50495,0.08935,1.53849,-0.94022,-0.78351,-0.83055,-1.2721,-0.93904,1.27355,-0.77151,0,1,0,0,0,0,1,0,0,0,0,0,0,0,0,1
0.26225,0.49732,0.85978,-0.07923,0.83447,-0.64958,-0.94022,-1.05409,-0.88961,-0.47502,-0.93904,-0.78471,-0.66969,0,0,0,0,1,0,0,0,0,0,1,0,0,1,0,0
-1.47644,-0.98079,0.21292,-1.24758,-0.0171,-0.64958,-0.94022,-0.51293,-0.73476,-1.30845,-0.93904,1.27355,1.37468,0,0,1,0,0,0,0,0,0,1,0,0,0,0,0,1
-0.89688,0.99002,-0.0027,0.50495,0.08935,1.53849,-0.94022,0.6596,-0.10618,-0.9845,1.06425,-0.78471,0.98304,0,0,0,1,0,0,0,0,0,1,0,1,0,0,0,0
1.42139,-0.98079,1.50663,1.6733,1.79248,-0.64958,-0.94022,-1.05409,-0.93816,-1.33735,-0.93904,-0.78471,-0.54436,0,0,0,0,1,0,0,0,0,1,0,1,0,0,0,0
-1.47644,0.99002,0.85978,-0.07923,0.83447,1.53849,-0.94022,-0.51293,-0.68095,-1.06933,-0.93904,1.27355,1.38251,0,0,1,0,0,0,0,0,0,1,0,0,0,0,0,1
0.84182,1.48273,-0.86517,-0.6634,-0.97511,1.53849,1.06291,1.92233,2.77952,1.33682,1.06425,1.27355,0.80288,1,0,0,0,0,0,0,0,0,1,0,0,0,0,1,0
0.26225,-1.47349,-1.08078,1.6733,-0.76222,-0.64958,1.06291,-0.15215,0.30457,1.36992,1.06425,1.27355,-1.4843,0,0,0,0,0,1,0,1,0,0,0,1,0,0,0,0
-0.31731,0.49732,-1.2964,-1.24758,-1.50733,-0.64958,-0.94022,-0.15215,-0.60747,-1.32943,-0.93904,-0.78471,-0.88117,0,0,0,0,0,1,1,0,0,0,0,0,1,0,0,0
1.42139,0.49732,-0.64955,0.50495,-0.54933,-0.64958,-0.94022,-1.05409,-0.87911,-0.28857,-0.93904,-0.78471,-0.52086,0,0,0,0,1,0,0,0,0,0,1,0,0,0,0,1
0.26225,-0.98079,-1.2964,0.50495,-1.188,-0.64958,-0.94022,-0.78351,-0.71245,-0.43307,-0.93904,-0.78471,-0.71668,0,1,0,0,0,0,1,0,0,0,0,0,0,0,0,1
-1.47644,0.00462,-0.64955,1.6733,-0.33643,-0.64958,-0.94022,1.92233,0.28488,-1.19472,1.06425,1.27355,0.15276,1,0,0,0,0,0,1,0,0,0,0,0,0,0,1,0
-1.47644,-0.98079,0.85978,0.50495,0.94091,-0.64958,-0.94022,1.92233,2.19162,0.74018,1.06425,1.27355,0.26242,1,0,0,0,0,0,0,1,0,0,0,1,0,0,0,0
0.84182,-1.47349,-0.0027,1.6733,0.30224,-0.64958,-0.94022,-0.15215,-0.63502,-1.411,-0.93904,-0.78471,-0.88901,0,0,0,0,0,1,0,0,0,1,0,0,1,0,0,0
0.26225,-0.48808,-1.08078,-1.24758,-1.29444,-0.64958,1.06291,-0.51293,-0.51561,-0.33518,-0.93904,-0.78471,1.31202,0,0,1,0,0,0,0,0,0,1,0,1,0,0,0,0
0.84182,0.00462,0.64416,-0.6634,0.51513,-0.64958,1.06291,-1.05409,-0.88436,-0.38179,-0.93904,-0.78471,0.27809,0,0,0,0,1,0,0,0,0,0,1,0,0,1,0,0
-0.31731,0.00462,-0.64955,-0.07923,-0.65577,-0.64958,-0.94022,1.92233,0.34656,-1.13226,1.06425,-0.78471,0.40341,1,0,0,0,0,0,0,0,0,1,0,0,1,0,0,0
0.84182,-0.48808,-1.08078,0.50495,-0.97511,-0.64958,1.06291,-0.51293,-0.45524,-0.06716,-0.93904,-0.78471,1.62533,0,0,1,0,0,0,0,0,0,0,1,0,0,0,0,1
-1.47644,1.48273,1.07539,-1.24758,0.83447,1.53849,1.06291,-1.05409,-0.8568,0.10764,-0.93904,1.27355,-0.91251,0,0,0,0,1,0,0,0,0,1,0,0,0,1,0,0
1.42139,-0.98079,-0.64955,-0.07923,-0.65577,-0.64958,-0.94022,-0.15215,-0.35551,-0.58363,-0.93904,-0.78471,-1.25715,0,0,0,0,0,1,0,0,0,1,0,1,0,0,0,0
0.26225,-0.48808,1.07539,-0.07923,1.04736,-0.64958,1.06291,1.92233,2.4777,1.03058,1.06425,-0.78471,-0.21538,1,0,0,0,0,0,0,0,0,1,0,0,0,0,1,0
0.84182,-0.98079,-0.64955,1.6733,-0.33643,-0.64958,-0.94022,-0.51293,-0.62977,-0.84233,-0.93904,-0.78471,1.36685,0,0,1,0,0,0,1,0,0,0,0,0,0,1,0,0
-1.47644,0.00462,-0.0027,0.50495,0.08935,-0.64958,-0.94022,-0.78351,-0.73082,-0.56358,-0.93904,-0.78471,-0.51303,0,1,0,0,0,0,1,0,0,0,0,0,0,0,1,0
1.42139,-1.47349,1.29101,0.50495,1.36669,-0.64958,1.06291,-1.05409,-0.87123,-0.14873,-0.93904,-0.78471,-0.34854,0,0,0,0,1,0,1,0,0,0,0,1,0,0,0,0
0.26225,-0.98079,-0.86517,-0.6634,-0.97511,-0.64958,1.06291,1.92233,0.87016,-0.60087,1.06425,1.27355,0.5679,1,0,0,0,0,0,0,0,0,1,0,1,0,0,0,0
0.26225,-0.48808,-1.2964,-0.07923,-1.29444,-0.64958,-0.94022,1.92233,2.29004,0.83993,1.06425,1.27355,0.10576,1,0,0,0,0,0,0,1,0,0,0,0,0,0,1,0
-0.89688,-0.48808,1.29101,-0.6634,1.1538,-0.64958,1.06291,0.6596,0.67857,0.34304,1.06425,-0.78471,1.13186,0,0,0,1,0,0,0,0,0,0,1,0,0,0,0,1
0.84182,-0.98079,1.29101,1.6733,1.57958,-0.64958,1.06291,-1.05409,-0.90404,-0.73139,-0.93904,1.27355,-0.25455,0,0,0,0,1,0,1,0,0,0,0,1,0,0,0,0
0.84182,0.99002,-1.08078,-0.6634,-1.188,1.53849,1.06291,-0.78351,-0.40669,1.73909,-0.93904,1.27355,-1.06133,0,1,0,0,0,0,0,0,1,0,0,0,0,0,1,0
-0.31731,-0.98079,-1.51202,-0.07923,-1.50733,-0.64958,-0.94022,-0.51293,-0.55104,-0.49273,-0.93904,-0.78471,1.55484,0,0,1,0,0,0,1,0,0,0,0,0,0,1,0,0
-0.31731,-1.47349,-1.08078,0.50495,-0.97511,-0.64958,1.06291,-0.78351,-0.63896,0.089,-0.93904,-0.78471,-0.88901,0,1,0,0,0,0,1,0,0,0,0,0,1,0,0,0
-1.47644,-0.98079,-1.2964,-0.6634,-1.40089,-0.64958,-0.94022,-0.78351,-0.65208,-0.00423,-0.93904,-0.78471,-1.04566,0,1,0,0,0,0,0,0,1,0,0,0,0,0,1,0
-0.89688,1.48273,-1.51202,-0.07923,-1.50733,1.53849,-0.94022,-0.51293,-0.73607,-1.31405,-0.93904,-0.78471,1.79765,0,0,1,0,0,0,1,0,0,0,0,0,0,0,0,1
-0.31731,-0.48808,-0.64955,0.50495,-0.54933,-0.64958,-0.94022,0.6596,-0.22559,-1.18633,1.06425,-0.78471,0.57573,0,0,0,1,0,0,0,0,0,0,1,1,0,0,0,0
0.26225,-0.98079,-1.08078,-0.6634,-1.188,-0.64958,1.06291,-0.78351,-0.69933,-0.33984,-0.93904,-0.78471,-0.52086,0,1,0,0,0,0,1,0,0,0,0,0,0,0,0,1
-0.31731,0.49732,0.85978,1.6733,1.1538,-0.64958,-0.94022,-0.51293,-0.71245,-1.20917,-0.93904,-0.78471,1.28069,0,0,1,0,0,0,1,0,0,0,0,0,0,1,0,0
-0.89688,-0.48808,-1.08078,-1.24758,-1.29444,-0.64958,1.06291,-0.51293,-0.48936,-0.21865,-0.93904,-0.78471,1.79765,0,0,1,0,0,0,1,0,0,0,0,0,0,1,0,0
-0.89688,-1.47349,-0.0027,-1.24758,-0.22999,-0.64958,-0.94022,1.92233,0.76386,-0.70855,1.06425,-0.78471,0.42691,1,0,0,0,0,0,0,0,0,1,0,0,1,0,0,0
0.26225,0.00462,-1.08078,-0.6634,-1.188,-0.64958,1.06291,-0.51293,-0.51561,-0.33518,-0.93904,1.27355,1.5705,0,0,1,0,0,0,0,0,0,1,0,1,0,0,0,0
0.26225,-1.47349,0.42854,1.6733,0.72802,-0.64958,1.06291,1.92233,2.21131,0.76022,1.06425,1.27355,0.75589,1,0,0,0,0,0,0,1,0,0,0,0,1,0,0,0
1.42139,1.48273,1.50663,-0.6634,1.36669,1.53849,-0.94022,-0.78351,-0.40931,1.72044,-0.93904,-0.78471,-0.936,0,1,0,0,0,0,0,0,1,0,0,0,0,0,1,0
0.26225,-0.48808,-1.51202,-1.24758,-1.72023,-0.64958,-0.94022,-0.78351,-0.51692,0.95599,-0.93904,1.27355,-0.5052,0,1,0,0,0,0,0,0,1,0,0,0,1,0,0,0
-1.47644,-1.47349,0.21292,0.50495,0.30224,-0.64958,-0.94022,-0.15215,0.18121,1.00494,1.06425,-0.78471,-1.69579,0,0,0,0,0,1,0,1,0,0,0,0,0,0,1,0
0.26225,-0.48808,1.50663,0.50495,1.57958,-0.64958,-0.94022,-0.51293,-0.69539,-1.13319,-0.93904,-0.78471,1.14753,0,0,1,0,0,0,0,0,0,1,0,1,0,0,0,0
0.84182,0.99002,-1.2964,-0.07923,-1.29444,1.53849,-0.94022,-0.51293,-0.49199,-0.2303,-0.93904,-0.78471,1.53917,0,0,1,0,0,0,1,0,0,0,0,0,0,1,0,0
-0.31731,1.48273,-1.2964,1.6733,-0.97511,1.53849,-0.94022,-0.78351,-0.53135,0.85345,-0.93904,1.27355,-0.29371,0,1,0,0,0,0,0,0,1,0,0,0,0,0,1,0
-0.31731,0.00462,-0.64955,-0.07923,-0.65577,-0.64958,-0.94022,-0.78351,-0.57203,0.56445,-0.93904,1.27355,-0.16055,0,1,0,0,0,0,0,0,1,0,0,0,0,0,1,0
0.84182,-0.98079,-0.86517,0.50495,-0.76222,-0.64958,1.06291,-1.05409,-0.90273,-0.70808,-0.93904,1.27355,0.10576,0,0,0,0,1,0,1,0,0,0,0,0,0,0,0,1
0.84182,0.99002,1.07539,1.6733,1.36669,1.53849,1.06291,-0.15215,0.36493,1.54891,1.06425,1.27355,-1.90727,0,0,0,0,0,1,0,1,0,0,0,1,0,0,0,0
-0.89688,0.99002,0.21292,0.50495,0.30224,1.53849,-0.94022,1.92233,-0.23084,-1.71818,1.06425,-0.78471,-0.17622,1,0,0,0,0,0,0,0,0,1,0,0,1,0,0,0
0.84182,1.48273,0.42854,1.6733,0.72802,1.53849,1.06291,0.6596,1.29271,1.38157,1.06425,-0.78471,0.38774,0,0,0,1,0,0,0,1,0,0,0,0,0,0,0,1
0.26225,-0.48808,-1.08078,-0.07923,-1.08155,-0.64958,1.06291,1.92233,3.10759,1.66964,1.06425,-0.78471,0.16059,1,0,0,0,0,0,0,1,0,0,0,0,0,0,1,0
0.26225,-1.47349,-1.08078,-0.6634,-1.188,-0.64958,1.06291,-0.15215,0.14841,0.90798,1.06425,-0.78471,-1.17882,0,0,0,0,0,1,1,0,0,0,0,1,0,0,0,0
1.42139,0.49732,1.50663,1.6733,1.79248,-0.64958,-0.94022,-1.05409,-0.92897,-1.17421,-0.93904,1.27355,-0.30938,0,0,0,0,1,0,0,0,0,0,1,0,0,0,0,1
0.84182,-0.48808,-1.08078,0.50495,-0.97511,-0.64958,1.06291,-0.15215,-0.05762,0.29782,1.06425,1.27355,-1.33548,0,0,0,0,0,1,0,0,0,1,0,0,0,0,1,0
0.84182,1.48273,0.42854,-1.24758,0.19579,1.53849,1.06291,-0.78351,-0.57728,0.52716,-0.93904,-0.78471,-0.38771,0,1,0,0,0,0,0,0,1,0,0,0,1,0,0,0
-0.89688,-0.48808,-1.2964,-0.07923,-1.29444,-0.64958,-0.94022,0.6596,0.90428,0.7248,1.06425,1.27355,0.20759,0,0,0,1,0,0,0,1,0,0,0,0,0,1,0,0
0.84182,-1.47349,-1.2964,1.6733,-0.97511,-0.64958,-0.94022,-0.78351,-0.49461,1.11448,-0.93904,1.27355,-0.21538,0,1,0,0,0,0,0,0,1,0,0,0,0,0,0,1
-0.31731,0.49732,0.42854,-0.6634,0.30224,-0.64958,1.06291,0.6596,0.77961,0.51364,1.06425,-0.78471,1.03004,0,0,0,1,0,0,0,0,0,1,0,0,0,0,0,1
-1.47644,-0.48808,0.85978,-0.6634,0.72802,-0.64958,-0.94022,-1.05409,-0.91979,-1.01106,-0.93904,-0.78471,-0.4582,0,0,0,0,1,0,0,0,0,1,0,1,0,0,0,0
-0.89688,-1.47349,0.85978,1.6733,1.1538,-0.64958,-0.94022,0.6596,-0.03138,-0.85771,1.06425,-0.78471,0.6149,0,0,0,1,0,0,0,0,0,1,0,0,0,0,0,1
-0.89688,-0.98079,-1.51202,-0.07923,-1.50733,-0.64958,-0.94022,-0.78351,-0.63765,0.09832,-0.93904,1.27355,-0.81068,0,1,0,0,0,0,0,0,1,0,0,0,0,0,0,1
-1.47644,0.99002,-0.86517,-0.07923,-0.86866,1.53849,1.06291,-0.15215,0.12085,0.82641,1.06425,-0.78471,-1.10049,0,0,0,0,0,1,1,0,0,0,0,0,0,0,1,0
-1.47644,1.48273,-1.51202,-0.07923,-1.50733,1.53849,-0.94022,0.6596,0.25733,-0.36967,1.06425,-0.78471,0.51307,0,0,0,1,0,0,0,0,0,1,0,1,0,0,0,0
0.26225,-1.47349,1.29101,1.6733,1.57958,-0.64958,1.06291,-1.05409,-0.84499,0.3174,-0.93904,1.27355,-0.76368,0,0,0,0,1,0,0,0,0,1,0,0,0,0,0,1
-0.31731,0.00462,1.50663,-0.07923,1.47314,-0.64958,-0.94022,-0.78351,-0.43162,1.56196,-0.93904,1.27355,-0.14489,0,1,0,0,0,0,0,0,1,0,0,0,1,0,0,0
0.84182,0.00462,1.50663,0.50495,1.57958,-0.64958,-0.94022,0.6596,-0.15998,-1.07539,1.06425,-0.78471,1.0692,0,0,0,1,0,0,0,0,0,0,1,0,0,1,0,0
1.42139,0.00462,-0.86517,1.6733,-0.54933,-0.64958,1.06291,-1.05409,-0.87386,-0.19534,-0.93904,-0.78471,-0.23105,0,0,0,0,1,0,0,0,0,1,0,0,0,0,0,1
-1.47644,-0.48808,-1.08078,-0.6634,-1.188,-0.64958,1.06291,-1.05409,-0.82137,0.73691,-0.93904,-0.78471,-0.94384,0,0,0,0,1,0,0,0,0,1,0,0,0,1,0,0
-1.47644,0.49732,1.29101,1.6733,1.57958,-0.64958,1.06291,-0.15215,0.23502,1.16435,1.06425,1.27355,-1.99344,0,0,0,0,0,1,0,1,0,0,0,0,1,0,0,0
0.84182,0.49732,0.42854,-0.07923,0.40868,-0.64958,1.06291,-0.78351,-0.5681,0.59242,-0.93904,1.27355,-1.13182,0,1,0,0,0,0,0,0,1,0,0,0,1,0,0,0
-0.89688,0.49732,-0.0027,-0.07923,-0.0171,-0.64958,-0.94022,0.6596,-0.34763,-1.39282,1.06425,1.27355,0.62273,0,0,0,1,0,0,0,0,0,1,0,1,0,0,0,0
1.42139,0.00462,1.29101,1.6733,1.57958,-0.64958,1.06291,0.6596,1.13524,1.11541,1.06425,1.27355,0.56007,0,0,0,1,0,0,0,1,0,0,0,1,0,0,0,0
0.26225,-0.98079,-1.08078,-0.07923,-1.08155,-0.64958,1.06291,-0.78351,-0.56416,0.62038,-0.93904,1.27355,-0.63052,0,1,0,0,0,0,0,0,1,0,0,0,0,0,0,1
-0.89688,1.48273,1.07539,-1.24758,0.83447,1.53849,1.06291,-0.78351,-0.61272,0.27545,-0.93904,1.27355,-0.30938,0,1,0,0,0,0,0,0,1,0,0,0,0,0,0,1
1.42139,1.48273,0.42854,-1.24758,0.19579,1.53849,1.06291,0.6596,0.7783,0.51178,1.06425,-0.78471,0.69323,0,0,0,1,0,0,0,0,0,1,0,0,0,0,0,1
-1.47644,0.00462,0.64416,-0.6634,0.51513,-0.64958,1.06291,-0.15215,0.04211,0.59335,1.06425,1.27355,-0.92034,0,0,0,0,0,1,0,1,0,0,0,0,0,0,1,0
1.42139,1.48273,0.21292,-0.07923,0.19579,1.53849,-0.94022,0.6596,0.11954,-0.60274,1.06425,1.27355,0.09793,0,0,0,1,0,0,0,0,0,0,1,1,0,0,0,0
-0.89688,-0.98079,-1.2964,0.50495,-1.188,-0.64958,-0.94022,-0.51293,-0.77019,-1.46554,-0.93904,-0.78471,1.35118,0,0,1,0,0,0,1,0,0,0,0,0,0,0,0,1
1.42139,-0.98079,-1.2964,1.6733,-0.97511,-0.64958,-0.94022,-0.15215,0.22321,1.12939,1.06425,1.27355,-1.35114,0,0,0,0,0,1,0,1,0,0,0,0,1,0,0,0
0.26225,-1.47349,0.21292,1.6733,0.51513,-0.64958,-0.94022,-1.05409,-0.92504,-1.10429,-0.93904,1.27355,-0.05089,0,0,0,0,1,0,0,0,0,0,1,0,0,1,0,0
0.26225,0.00462,-1.51202,-0.6634,-1.61378,-0.64958,-0.94022,-0.78351,-0.7505,-0.70342,-0.93904,-0.78471,-0.76368,0,1,0,0,0,0,1,0,0,0,0,0,1,0,0,0
-0.31731,1.48273,-0.86517,-1.24758,-1.08155,1.53849,1.06291,-1.05409,-0.77281,1.59925,-0.93904,-0.78471,-0.23105,0,0,0,0,1,0,1,0,0,0,0,0,0,1,0,0
-0.89688,-0.48808,-0.64955,-1.24758,-0.86866,-0.64958,-0.94022,0.6596,-0.45393,-1.57275,-0.93904,-0.78471,0.45824,0,0,0,1,0,0,0,0,0,0,1,0,0,0,0,1
0.26225,1.48273,-1.08078,0.50495,-0.97511,1.53849,1.06291,-0.78351,-0.54841,0.73225,-0.93904,-0.78471,-0.20755,0,1,0,0,0,0,1,0,0,0,0,0,0,0,1,0
0.26225,0.99002,-1.51202,1.6733,-1.188,1.53849,-0.94022,-1.05409,-0.92504,-1.10429,-0.93904,-0.78471,-0.86551,0,0,0,0,1,0,1,0,0,0,0,1,0,0,0,0
-0.89688,0.00462,-1.08078,-0.6634,-1.188,-0.64958,1.06291,-1.05409,-0.84761,0.27079,-0.93904,-0.78471,0.27809,0,0,0,0,1,0,0,0,0,1,0,0,0,1,0,0
-1.47644,0.99002,0.85978,-0.6634,0.72802,1.53849,-0.94022,-0.78351,-0.6534,-0.01355,-0.93904,1.27355,-0.56786,0,1,0,0,0,0,0,0,1,0,0,0,0,0,1,0
0.84182,-1.47349,0.42854,-1.24758,0.19579,-0.64958,1.06291,-0.15215,0.0303,0.55839,1.06425,1.27355,-0.90467,0,0,0,0,0,1,0,1,0,0,0,0,1,0,0,0
0.84182,0.00462,1.07539,-0.6634,0.94091,-0.64958,1.06291,0.6596,0.31113,-0.27878,1.06425,1.27355,0.66189,0,0,0,1,0,0,0,0,0,1,0,0,0,1,0,0
0.84182,0.00462,-0.86517,-1.24758,-1.08155,-0.64958,1.06291,-0.15215,-0.00119,0.46516,1.06425,-0.78471,-1.12399,0,0,0,0,0,1,0,0,0,1,0,0,0,0,1,0
-0.31731,0.99002,1.50663,1.6733,1.79248,1.53849,-0.94022,-0.51293,-0.54841,-0.48061,-0.93904,-0.78471,1.68799,0,0,1,0,0,0,0,0,0,1,0,0,0,1,0,0
1.42139,0.99002,-1.2964,-0.07923,-1.29444,1.53849,-0.94022,0.6596,-0.15604,-1.06886,1.06425,-0.78471,0.62273,0,0,0,1,0,0,0,0,0,0,1,0,0,0,0,1
1.42139,0.99002,1.50663,1.6733,1.79248,1.53849,-0.94022,-1.05409,-0.96178,-1.75687,-0.93904,-0.78471,-0.65402,0,0,0,0,1,0,0,0,0,0,1,0,0,0,0,1
0.84182,0.49732,0.85978,-1.24758,0.62158,-0.64958,-0.94022,-1.05409,-0.94341,-1.43058,-0.93904,1.27355,-0.72452,0,0,0,0,1,0,0,0,0,0,1,0,0,1,0,0
1.42139,-0.98079,-1.51202,0.50495,-1.40089,-0.64958,-0.94022,-0.78351,-0.51167,0.99329,-0.93904,1.27355,-1.33548,0,1,0,0,0,0,0,0,1,0,0,0,0,0,1,0
-1.47644,0.00462,0.21292,0.50495,0.30224,-0.64958,-0.94022,-0.51293,-0.53267,-0.41069,-0.93904,-0.78471,0.95954,0,0,1,0,0,0,0,0,0,0,1,1,0,0,0,0
-0.31731,0.00462,0.64416,-1.24758,0.40868,-0.64958,1.06291,-1.05409,-0.82662,0.64369,-0.93904,1.27355,-0.05089,0,0,0,0,1,0,1,0,0,0,0,0,0,0,0,1
-0.89688,-1.47349,-0.64955,-0.07923,-0.65577,-0.64958,-0.94022,0.6596,-0.29383,-1.30193,1.06425,-0.78471,0.6384,0,0,0,1,0,0,0,0,0,1,0,0,0,1,0,0
-1.47644,0.99002,0.64416,-0.6634,0.51513,1.53849,1.06291,-1.05409,-0.79906,1.13312,-0.93904,1.27355,-0.56786,0,0,0,0,1,0,0,0,0,1,0,0,0,1,0,0
-0.31731,1.48273,-0.86517,1.6733,-0.54933,1.53849,1.06291,1.92233,3.08922,1.65099,1.06425,1.27355,0.38774,1,0,0,0,0,0,0,1,0,0,0,0,1,0,0,0
1.42139,0.99002,-0.86517,1.6733,-0.54933,1.53849,1.06291,-0.78351,-0.46574,1.31957,-0.93904,-0.78471,-0.44254,0,1,0,0,0,0,1,0,0,0,0,0,0,0,1,0
-0.89688,-0.48808,-1.2964,-0.6634,-1.40089,-0.64958,-0.94022,-0.51293,-0.49986,-0.26526,-0.93904,-0.78471,0.99087,0,0,1,0,0,0,1,0,0,0,0,1,0,0,0,0
-1.47644,-1.47349,-0.64955,1.6733,-0.33643,-0.64958,-0.94022,-0.51293,-0.6114,-0.76029,-0.93904,-0.78471,1.62533,0,0,1,0,0,0,0,0,0,0,1,0,0,1,0,0
-1.47644,0.00462,-0.64955,0.50495,-0.54933,-0.64958,-0.94022,0.6596,0.17728,-0.50485,1.06425,-0.78471,0.59923,0,0,0,1,0,0,0,0,0,1,0,0,0,1,0,0
1.42139,0.00462,-0.64955,1.6733,-0.33643,-0.64958,-0.94022,0.6596,1.8255,2.28306,1.06425,1.27355,0.32508,0,0,0,1,0,0,0,1,0,0,0,1,0,0,0,0
0.26225,-0.48808,0.85978,0.50495,0.94091,-0.64958,-0.94022,-1.05409,-0.93554,-1.29074,-0.93904,-0.78471,-0.63052,0,0,0,0,1,0,0,0,0,0,1,0,0,1,0,0
0.26225,0.49732,1.29101,0.50495,1.36669,-0.64958,1.06291,0.6596,0.61689,0.23862,1.06425,-0.78471,0.63056,0,0,0,1,0,0,0,0,0,0,1,0,0,0,0,1
0.84182,0.99002,-1.08078,1.6733,-0.76222,1.53849,1.06291,0.6596,1.30715,1.40627,1.06425,1.27355,0.02743,0,0,0,1,0,0,0,1,0,0,0,0,0,0,0,1
0.84182,1.48273,0.42854,1.6733,0.72802,1.53849,1.06291,1.92233,2.13913,0.68704,1.06425,-0.78471,0.88121,1,0,0,0,0,0,1,0,0,0,0,0,1,0,0,0
-1.47644,0.99002,-1.51202,-0.6634,-1.61378,1.53849,-0.94022,-0.51293,-0.59697,-0.69643,-0.93904,-0.78471,1.41385,0,0,1,0,0,0,1,0,0,0,0,1,0,0,0,0
1.42139,0.49732,-1.51202,0.50495,-1.40089,-0.64958,-0.94022,-0.51293,-0.71114,-1.20311,-0.93904,-0.78471,1.86815,0,0,1,0,0,0,0,0,0,1,0,0,0,0,0,1
-1.47644,0.00462,0.21292,-0.07923,0.19579,-0.64958,-0.94022,-1.05409,-0.89485,-0.56824,-0.93904,-0.78471,-0.42687,0,0,0,0,1,0,1,0,0,0,0,0,0,1,0,0
0.84182,-0.98079,1.50663,1.6733,1.79248,-0.64958,-0.94022,1.92233,0.0513,-1.43198,1.06425,-0.78471,0.58357,1,0,0,0,0,0,1,0,0,0,0,0,1,0,0,0
1.42139,-0.98079,-0.86517,0.50495,-0.76222,-0.64958,1.06291,-0.78351,-0.6324,0.13561,-0.93904,-0.78471,-0.42687,0,1,0,0,0,0,0,0,1,0,0,0,0,0,1,0
0.84182,-1.47349,-1.2964,0.50495,-1.188,-0.64958,-0.94022,-0.51293,-0.72032,-1.24413,-0.93904,1.27355,1.86032,0,0,1,0,0,0,1,0,0,0,0,1,0,0,0,0
1.42139,0.99002,-1.51202,-1.24758,-1.72023,1.53849,-0.94022,-0.78351,-0.87648,-1.59839,-0.93904,-0.78471,-0.65402,0,1,0,0,0,0,1,0,0,0,0,0,1,0,0,0
0.26225,-1.47349,0.85978,0.50495,0.94091,-0.64958,-0.94022,-0.15215,-0.5038,-1.02272,-0.93904,-0.78471,-1.84461,0,0,0,0,0,1,0,0,0,1,0,1,0,0,0,0
0.84182,-0.48808,1.29101,0.50495,1.36669,-0.64958,1.06291,0.6596,0.87147,0.66933,1.06425,1.27355,1.0457,0,0,0,1,0,0,0,1,0,0,0,1,0,0,0,0
1.42139,1.48273,1.50663,0.50495,1.57958,1.53849,-0.94022,-1.05409,-0.90929,-0.82461,-0.93904,1.27355,-0.47387,0,0,0,0,1,0,1,0,0,0,0,1,0,0,0,0
-0.31731,-0.98079,0.64416,0.50495,0.72802,-0.64958,1.06291,0.6596,0.98958,0.86883,1.06425,1.27355,0.19976,0,0,0,1,0,0,0,0,0,1,0,1,0,0,0,0
0.26225,0.99002,0.42854,0.50495,0.51513,1.53849,1.06291,-1.05409,-0.78725,1.34288,-0.93904,-0.78471,-0.72452,0,0,0,0,1,0,0,0,0,1,0,0,0,1,0,0
0.26225,0.49732,-0.86517,-0.6634,-0.97511,-0.64958,1.06291,-0.78351,-0.70064,-0.34916,-0.93904,-0.78471,-0.16055,0,1,0,0,0,0,1,0,0,0,0,0,0,0,0,1
1.42139,0.99002,-0.64955,-0.07923,-0.65577,1.53849,-0.94022,-1.05409,-0.8673,-0.07881,-0.93904,1.27355,-0.77151,0,0,0,0,1,0,0,0,0,0,1,0,0,0,0,1
-0.31731,-0.98079,-1.2964,-0.07923,-1.29444,-0.64958,-0.94022,-0.15215,-0.21641,-0.17203,1.06425,-0.78471,-1.0065,0,0,0,0,0,1,0,0,0,1,0,0,0,0,1,0
0.26225,0.00462,0.21292,-1.24758,-0.0171,-0.64958,-0.94022,-0.15215,-0.23215,-0.21865,1.06425,-0.78471,-1.44514,0,0,0,0,0,1,1,0,0,0,0,0,0,0,1,0
-0.89688,-0.98079,0.42854,-0.6634,0.30224,-0.64958,1.06291,-1.05409,-0.88698,-0.4284,-0.93904,-0.78471,-0.4347,0,0,0,0,1,0,0,0,0,1,0,1,0,0,0,0
-0.89688,1.48273,-0.0027,-0.07923,-0.0171,1.53849,-0.94022,-0.15215,-0.48411,-0.96445,-0.93904,1.27355,-1.95427,0,0,0,0,0,1,1,0,0,0,0,0,0,0,1,0
-0.89688,0.00462,0.42854,-0.6634,0.30224,-0.64958,1.06291,-1.05409,-0.79512,1.20304,-0.93904,1.27355,0.18409,0,0,0,0,1,0,0,0,0,1,0,0,0,1,0,0
-0.31731,0.99002,0.21292,-0.07923,0.19579,1.53849,-0.94022,-0.51293,-0.51167,-0.31747,-0.93904,-0.78471,1.15536,0,0,1,0,0,0,0,0,0,0,1,1,0,0,0,0
1.42139,-1.47349,-0.86517,0.50495,-0.76222,-0.64958,1.06291,1.92233,3.32412,1.88965,1.06425,1.27355,0.31725,1,0,0,0,0,0,0,1,0,0,0,0,0,0,1,0
-0.31731,-1.47349,-1.51202,-0.07923,-1.50733,-0.64958,-0.94022,-0.15215,0.10773,0.78726,1.06425,1.27355,-1.77412,0,0,0,0,0,1,0,1,0,0,0,0,0,0,1,0
-0.31731,1.48273,1.29101,0.50495,1.36669,1.53849,1.06291,0.6596,1.55254,1.82113,1.06425,1.27355,0.30942,0,0,0,1,0,0,0,1,0,0,0,0,0,0,0,1
0.84182,-0.98079,0.85978,-1.24758,0.62158,-0.64958,-0.94022,-0.51293,-0.59566,-0.69037,-0.93904,-0.78471,1.05354,0,0,1,0,0,0,1,0,0,0,0,0,0,0,0,1
1.42139,-1.47349,0.42854,-1.24758,0.19579,-0.64958,1.06291,0.6596,1.48693,1.71019,1.06425,1.27355,0.41124,0,0,0,1,0,0,0,1,0,0,0,1,0,0,0,0
1.42139,0.00462,0.21292,0.50495,0.30224,-0.64958,-0.94022,-0.15215,-0.30171,-0.42468,1.06425,-0.78471,-1.62529,0,0,0,0,0,1,1,0,0,0,0,0,1,0,0,0
0.26225,0.00462,-1.2964,0.50495,-1.188,-0.64958,-0.94022,-1.05409,-0.95522,-1.64034,-0.93904,-0.78471,-0.46603,0,0,0,0,1,0,1,0,0,0,0,0,0,0,0,1
-0.89688,-0.98079,0.64416,0.50495,0.72802,-0.64958,1.06291,0.6596,0.69563,0.37194,1.06425,-0.78471,1.07703,0,0,0,1,0,0,0,0,0,0,1,1,0,0,0,0
-0.31731,1.48273,-1.51202,-0.6634,-1.61378,1.53849,-0.94022,1.92233,-0.21509,-1.70233,1.06425,-0.78471,-0.21538,1,0,0,0,0,0,0,0,0,1,0,1,0,0,0,0
0.84182,-0.48808,0.64416,-0.6634,0.51513,-0.64958,1.06291,-0.51293,-0.34239,0.43393,1.06425,1.27355,1.17886,0,0,1,0,0,0,0,0,0,1,0,0,0,0,0,1
0.84182,0.99002,0.42854,1.6733,0.72802,1.53849,1.06291,-0.51293,-0.09305,1.54099,1.06425,1.27355,1.73499,0,0,1,0,0,0,1,0,0,0,0,1,0,0,0,0
0.84182,0.49732,0.64416,-0.6634,0.51513,-0.64958,1.06291,-0.15215,0.03293,0.56585,1.06425,1.27355,-1.13966,0,0,0,0,0,1,1,0,0,0,0,1,0,0,0,0
0.84182,0.99002,-1.2964,-0.6634,-1.40089,1.53849,-0.94022,-0.78351,-0.84368,-1.36532,-0.93904,-0.78471,-1.10833,0,1,0,0,0,0,1,0,0,0,0,0,1,0,0,0
-0.89688,-0.98079,-1.08078,-1.24758,-1.29444,-0.64958,1.06291,-0.78351,-0.5366,0.81616,-0.93904,1.27355,-0.95167,0,1,0,0,0,0,0,0,1,0,0,0,0,0,1,0
0.26225,-0.98079,-1.51202,-0.6634,-1.61378,-0.64958,-0.94022,-0.15215,-0.30827,-0.44379,1.06425,1.27355,-1.12399,0,0,0,0,0,1,0,0,0,1,0,1,0,0,0,0
-0.31731,0.99002,1.29101,0.50495,1.36669,1.53849,1.06291,-0.15215,0.49616,1.93719,1.06425,-0.78471,-2.01693,0,0,0,0,0,1,0,0,0,1,0,0,0,0,1,0
-0.89688,-1.47349,-0.64955,0.50495,-0.54933,-0.64958,-0.94022,0.6596,0.14184,-0.56498,1.06425,1.27355,0.74805,0,0,0,1,0,0,0,0,0,1,0,1,0,0,0,0
0.84182,0.49732,-0.0027,1.6733,0.30224,-0.64958,-0.94022,-0.51293,-0.49592,-0.24755,-0.93904,1.27355,1.12403,0,0,1,0,0,0,1,0,0,0,0,0,0,1,0,0
1.42139,0.00462,-0.64955,1.6733,-0.33643,-0.64958,-0.94022,-0.51293,-0.83449,-1.75128,-0.93904,1.27355,1.34335,0,0,1,0,0,0,0,0,0,0,1,1,0,0,0,0
-0.89688,0.99002,1.29101,-0.07923,1.26025,1.53849,1.06291,-1.05409,-0.80824,0.96998,-0.93904,1.27355,-0.13705,0,0,0,0,1,0,1,0,0,0,0,0,0,0,0,1
-0.31731,0.00462,0.21292,-1.24758,-0.0171,-0.64958,-0.94022,0.6596,-0.4723,-1.60351,-0.93904,-0.78471,0.47391,0,0,0,1,0,0,0,0,0,1,0,0,0,1,0,0
0.84182,-0.98079,0.64416,-0.6634,0.51513,-0.64958,1.06291,-0.51293,-0.28333,0.6959,1.06425,-0.78471,0.91254,0,0,1,0,0,0,0,0,0,1,0,0,0,0,0,1
0.84182,0.99002,-1.08078,-0.6634,-1.188,1.53849,1.06291,0.6596,0.96596,0.82921,1.06425,1.27355,0.76372,0,0,0,1,0,0,0,1,0,0,0,1,0,0,0,0
-0.31731,0.99002,-1.08078,-0.07923,-1.08155,1.53849,1.06291,0.6596,0.88066,0.68471,1.06425,1.27355,1.17886,0,0,0,1,0,0,0,1,0,0,0,1,0,0,0,0
0.84182,-0.98079,-1.51202,1.6733,-1.188,-0.64958,-0.94022,-0.51293,-0.54316,-0.4573,-0.93904,-0.78471,1.12403,0,0,1,0,0,0,0,0,0,0,1,0,0,1,0,0
0.84182,0.00462,-1.51202,-0.07923,-1.50733,-0.64958,-0.94022,-1.05409,-0.94866,-1.5238,-0.93904,-0.78471,-0.59919,0,0,0,0,1,0,1,0,0,0,0,0,0,1,0,0
-0.31731,1.48273,-1.08078,-0.6634,-1.188,1.53849,1.06291,-0.15215,0.18909,1.02824,1.06425,-0.78471,-1.89161,0,0,0,0,0,1,1,0,0,0,0,0,0,0,1,0
-1.47644,0.00462,1.50663,-0.6634,1.36669,-0.64958,-0.94022,-0.51293,-0.67177,-1.02878,-0.93904,1.27355,0.91254,0,0,1,0,0,0,1,0,0,0,0,1,0,0,0,0
-0.31731,-1.47349,0.64416,-0.07923,0.62158,-0.64958,1.06291,0.6596,0.09592,-0.64282,1.06425,-0.78471,0.29375,0,0,0,1,0,0,0,0,0,0,1,0,0,0,0,1
1.42139,0.99002,0.21292,-0.07923,0.19579,1.53849,-0.94022,1.92233,0.85572,-0.61532,1.06425,-0.78471,0.84988,1,0,0,0,0,0,0,0,0,1,0,0,0,0,1,0
-1.47644,0.00462,-1.51202,-0.6634,-1.61378,-0.64958,-0.94022,-1.05409,-0.96703,-1.85009,-0.93904,-0.78471,-0.77151,0,0,0,0,1,0,1,0,0,0,0,0,0,1,0,0
0.26225,1.48273,-0.0027,0.50495,0.08935,1.53849,-0.94022,0.6596,0.13135,-0.58269,1.06425,-0.78471,0.1136,0,0,0,1,0,0,0,0,0,1,0,1,0,0,0,0
-1.47644,0.49732,-1.2964,-0.6634,-1.40089,-0.64958,-0.94022,-0.78351,-0.7715,-0.85258,-0.93904,-0.78471,-0.15272,0,1,0,0,0,0,1,0,0,0,0,0,1,0,0,0
-0.31731,0.00462,-0.64955,0.50495,-0.54933,-0.64958,-0.94022,1.92233,3.12465,1.68735,1.06425,1.27355,-0.30938,1,0,0,0,0,0,0,1,0,0,0,0,0,0,1,0
-0.31731,0.99002,0.42854,-0.07923,0.40868,1.53849,1.06291,-0.15215,0.15366,0.92337,1.06425,1.27355,-1.15532,0,0,0,0,0,1,1,0,0,0,0,0,0,0,1,0
0.26225,-1.47349,1.07539,-0.07923,1.04736,-0.64958,1.06291,-0.78351,-0.56022,0.64835,-0.93904,1.27355,-0.85768,0,1,0,0,0,0,0,0,1,0,0,0,1,0,0,0
0.26225,0.99002,-1.08078,0.50495,-0.97511,1.53849,1.06291,-0.51293,-0.14686,1.30186,1.06425,-0.78471,1.42168,0,0,1,0,0,0,0,0,0,0,1,0,0,0,0,1
1.42139,1.48273,1.07539,0.50495,1.1538,1.53849,1.06291,0.6596,0.94496,0.79332,1.06425,1.27355,0.07443,0,0,0,1,0,0,0,1,0,0,0,0,0,0,0,1
-0.89688,0.00462,0.64416,-0.6634,0.51513,-0.64958,1.06291,1.92233,1.98822,0.53368,1.06425,-0.78471,0.16059,1,0,0,0,0,0,1,0,0,0,0,0,0,0,1,0
-0.31731,-1.47349,-1.08078,-0.6634,-1.188,-0.64958,1.06291,1.92233,1.2271,-0.23869,1.06425,-0.78471,0.02743,1,0,0,0,0,0,0,0,0,1,0,0,0,0,1,0
-1.47644,-1.47349,-0.86517,0.50495,-0.76222,-0.64958,1.06291,-0.51293,-0.28727,0.67865,1.06425,-0.78471,1.75066,0,0,1,0,0,0,1,0,0,0,0,0,0,0,0,1
-1.47644,1.48273,0.85978,-0.6634,0.72802,1.53849,-0.94022,0.6596,0.8741,0.67352,1.06425,1.27355,0.26242,0,0,0,1,0,0,0,1,0,0,0,1,0,0,0,0
-0.89688,-1.47349,0.21292,1.6733,0.51513,-0.64958,-0.94022,-1.05409,-0.89617,-0.59155,-0.93904,1.27355,-0.84201,0,0,0,0,1,0,1,0,0,0,0,0,0,0,0,1
-0.31731,1.48273,0.42854,0.50495,0.51513,1.53849,1.06291,-1.05409,-0.76625,1.71578,-0.93904,1.27355,0.0196,0,0,0,0,1,0,0,0,0,1,0,0,0,1,0,0
0.84182,0.00462,0.21292,-0.07923,0.19579,-0.64958,-0.94022,-0.78351,-0.75969,-0.76868,-0.93904,-0.78471,-0.48953,0,1,0,0,0,0,1,0,0,0,0,0,0,0,1,0
1.42139,0.00462,-0.86517,0.50495,-0.76222,-0.64958,1.06291,1.92233,2.52494,1.07859,1.06425,1.27355,0.38774,1,0,0,0,0,0,0,1,0,0,0,0,0,0,1,0
-1.47644,-0.98079,0.85978,-1.24758,0.62158,-0.64958,-0.94022,0.6596,0.14841,-0.55379,1.06425,-0.78471,0.03527,0,0,0,1,0,0,0,0,0,1,0,1,0,0,0,0
1.42139,-0.48808,0.21292,-0.07923,0.19579,-0.64958,-0.94022,1.92233,0.96989,-0.49972,1.06425,-0.78471,0.39558,1,0,0,0,0,0,0,0,0,1,0,1,0,0,0,0
-0.31731,0.00462,-0.86517,0.50495,-0.76222,-0.64958,1.06291,0.6596,0.81504,0.57377,1.06425,1.27355,0.99871,0,0,0,1,0,0,0,0,0,1,0,0,0,1,0,0
0.84182,0.00462,0.64416,-1.24758,0.40868,-0.64958,1.06291,-0.51293,-0.36863,0.3174,-0.93904,-0.78471,1.70366,0,0,1,0,0,0,1,0,0,0,0,0,0,0,0,1
1.42139,0.49732,-0.86517,-1.24758,-1.08155,-0.64958,1.06291,-0.15215,-0.11667,0.12302,1.06425,-0.78471,-1.14749,0,0,0,0,0,1,0,0,0,1,0,0,0,0,1,0
-0.31731,0.99002,-0.0027,-1.24758,-0.22999,1.53849,-0.94022,-0.51293,-0.77019,-1.46554,-0.93904,1.27355,1.55484,0,0,1,0,0,0,1,0,0,0,0,1,0,0,0,0
1.42139,-0.98079,1.50663,1.6733,1.79248,-0.64958,-0.94022,0.6596,-0.04844,-0.88661,1.06425,1.27355,0.71672,0,0,0,1,0,0,0,0,0,1,0,0,0,0,0,1
-0.89688,-0.98079,1.07539,-1.24758,0.83447,-0.64958,1.06291,-0.51293,-0.6009,-0.71367,-0.93904,1.27355,1.51567,0,0,1,0,0,0,0,0,0,1,0,0,0,1,0,0
1.42139,1.48273,0.21292,-0.07923,0.19579,1.53849,-0.94022,-0.15215,-0.29777,-0.41302,1.06425,-0.78471,-1.14749,0,0,0,0,0,1,0,0,0,1,0,0,1,0,0,0
0.26225,-0.48808,0.42854,0.50495,0.51513,-0.64958,1.06291,1.92233,1.59847,0.13841,1.06425,1.27355,-0.10572,1,0,0,0,0,0,1,0,0,0,0,1,0,0,0,0
-1.47644,0.00462,-1.08078,1.6733,-0.76222,-0.64958,1.06291,-0.51293,-0.37126,0.30575,-0.93904,-0.78471,1.89165,0,0,1,0,0,0,0,0,0,1,0,0,0,1,0,0
-1.47644,0.00462,-1.51202,1.6733,-1.188,-0.64958,-0.94022,-0.15215,-0.5261,-1.08891,-0.93904,-0.78471,-2.06393,0,0,0,0,0,1,1,0,0,0,0,0,1,0,0,0
-0.89688,0.00462,1.50663,-1.24758,1.26025,-0.64958,-0.94022,-0.78351,-0.57466,0.5458,-0.93904,1.27355,-1.18665,0,1,0,0,0,0,0,0,1,0,0,0,0,0,1,0
1.42139,-0.98079,0.42854,-0.07923,0.40868,-0.64958,1.06291,0.6596,0.20483,-0.45824,1.06425,-0.78471,0.84205,0,0,0,1,0,0,0,0,0,0,1,0,0,0,0,1
0.26225,0.49732,-1.08078,-0.6634,-1.188,-0.64958,1.06291,-0.51293,-0.3332,0.47495,1.06425,-0.78471,1.65666,0,0,1,0,0,0,0,0,0,1,0,0,0,0,0,1
-1.47644,-0.48808,-0.86517,0.50495,-0.76222,-0.64958,1.06291,1.92233,2.3071,0.85764,1.06425,-0.78471,0.15276,1,0,0,0,0,0,0,0,0,1,0,1,0,0,0,0
-1.47644,-0.98079,-1.08078,-0.6634,-1.188,-0.64958,1.06291,-0.15215,0.54996,2.09661,1.06425,1.27355,-1.60963,0,0,0,0,0,1,0,1,0,0,0,1,0,0,0,0
0.84182,1.48273,-1.51202,1.6733,-1.188,1.53849,-0.94022,-0.78351,-0.56416,0.62038,-0.93904,1.27355,-1.31981,0,1,0,0,0,0,0,0,1,0,0,0,0,0,1,0
-0.31731,-1.47349,0.64416,1.6733,0.94091,-0.64958,1.06291,-1.05409,-0.86205,0.01442,-0.93904,-0.78471,-0.30154,0,0,0,0,1,0,0,0,0,1,0,1,0,0,0,0
-1.47644,0.99002,0.42854,-0.07923,0.40868,1.53849,1.06291,-1.05409,-0.80824,0.96998,-0.93904,-0.78471,0.27809,0,0,0,0,1,0,0,0,0,1,0,0,0,0,0,1
-0.89688,0.00462,0.85978,1.6733,1.1538,-0.64958,-0.94022,-0.51293,-0.57728,-0.60926,-0.93904,1.27355,1.39818,0,0,1,0,0,0,0,0,0,0,1,1,0,0,0,0
0.84182,0.00462,-1.51202,-0.6634,-1.61378,-0.64958,-0.94022,-0.78351,-0.57991,0.50851,-0.93904,1.27355,-0.84984,0,1,0,0,0,0,0,0,1,0,0,0,0,0,1,0
-1.47644,1.48273,-1.08078,-1.24758,-1.29444,1.53849,1.06291,-0.78351,-0.45524,1.39415,-0.93904,1.27355,-0.82634,0,1,0,0,0,0,0,0,1,0,0,0,0,0,0,1
0.84182,0.99002,0.21292,-0.07923,0.19579,1.53849,-0.94022,-0.51293,-0.66258,-0.98776,-0.93904,-0.78471,1.73499,0,0,1,0,0,0,0,0,0,1,0,0,0,1,0,0
-0.89688,-0.48808,0.85978,1.6733,1.1538,-0.64958,-0.94022,-1.05409,-0.88173,-0.33518,-0.93904,-0.78471,0.02743,0,0,0,0,1,0,0,0,0,1,0,0,0,1,0,0
-0.89688,-0.98079,1.07539,-0.07923,1.04736,-0.64958,1.06291,-0.78351,-0.53792,0.80683,-0.93904,1.27355,-0.64619,0,1,0,0,0,0,0,0,1,0,0,0,1,0,0,0
0.84182,0.00462,1.29101,-0.6634,1.1538,-0.64958,1.06291,-0.78351,-0.5261,0.89074,-0.93904,1.27355,-0.13705,0,1,0,0,0,0,0,0,1,0,0,0,0,0,1,0
-1.47644,0.99002,-0.86517,-0.6634,-0.97511,1.53849,1.06291,-0.51293,-0.40538,0.15426,-0.93904,-0.78471,1.15536,0,0,1,0,0,0,0,0,0,0,1,0,0,1,0,0
0.84182,0.49732,1.07539,-1.24758,0.83447,-0.64958,1.06291,-0.51293,-0.54054,-0.44612,-0.93904,1.27355,1.53134,0,0,1,0,0,0,0,0,0,1,0,1,0,0,0,0
0.26225,0.99002,-0.86517,-0.07923,-0.86866,1.53849,1.06291,-0.51293,-0.14817,1.29627,1.06425,1.27355,1.91515,0,0,1,0,0,0,0,0,0,1,0,0,0,1,0,0
-0.31731,-0.48808,-1.2964,0.50495,-1.188,-0.64958,-0.94022,0.6596,1.39376,1.55264,1.06425,1.27355,1.13186,0,0,0,1,0,0,0,1,0,0,0,0,0,1,0,0
-0.89688,0.99002,1.29101,-0.6634,1.1538,1.53849,1.06291,0.6596,1.2481,1.30606,1.06425,-0.78471,0.29375,0,0,0,1,0,0,0,0,0,1,0,1,0,0,0,0
-0.31731,0.99002,1.50663,-1.24758,1.26025,1.53849,-0.94022,0.6596,0.14053,-0.56731,1.06425,1.27355,0.62273,0,0,0,1,0,0,0,0,0,1,0,1,0,0,0,0
-0.89688,0.49732,0.42854,0.50495,0.51513,-0.64958,1.06291,-0.51293,-0.32139,0.52716,1.06425,1.27355,1.75849,0,0,1,0,0,0,1,0,0,0,0,1,0,0,0,0
-0.89688,-1.47349,-1.2964,-1.24758,-1.50733,-0.64958,-0.94022,-0.15215,-0.46705,-0.91411,-0.93904,1.27355,-1.76628,0,0,0,0,0,1,0,0,0,1,0,1,0,0,0,0
0.84182,0.49732,1.29101,-0.07923,1.26025,-0.64958,1.06291,-0.51293,-0.51298,-0.32353,-0.93904,1.27355,0.94388,0,0,1,0,0,0,0,0,0,0,1,0,0,1,0,0
0.84182,1.48273,-0.64955,-0.6634,-0.76222,1.53849,-0.94022,0.6596,-0.43162,-1.53499,-0.93904,-0.78471,0.47391,0,0,0,1,0,0,0,0,0,1,0,1,0,0,0,0
1.42139,-1.47349,0.64416,0.50495,0.72802,-0.64958,1.06291,-0.15215,0.17728,0.99329,1.06425,-0.78471,-1.90727,0,0,0,0,0,1,0,1,0,0,0,0,0,0,1,0
1.42139,-0.98079,-0.86517,-0.07923,-0.86866,-0.64958,1.06291,-0.78351,-0.49855,1.08651,-0.93904,1.27355,-0.80285,0,1,0,0,0,0,0,0,1,0,0,0,1,0,0,0
-0.31731,0.99002,1.07539,1.6733,1.36669,1.53849,1.06291,-1.05409,-0.78069,1.45941,-0.93904,-0.78471,-0.70102,0,0,0,0,1,0,0,0,0,0,1,0,0,1,0,0
-1.47644,0.49732,1.50663,-0.07923,1.47314,-0.64958,-0.94022,1.92233,3.08004,1.64167,1.06425,1.27355,0.33291,1,0,0,0,0,0,0,1,0,0,0,0,0,0,1,0
-0.89688,0.99002,0.64416,-0.6634,0.51513,1.53849,1.06291,-0.51293,-0.30039,0.62038,1.06425,-0.78471,1.49217,0,0,1,0,0,0,0,0,0,1,0,0,0,1,0,0
1.42139,0.49732,-0.86517,-0.07923,-0.86866,-0.64958,1.06291,-0.78351,-0.62846,0.16358,-0.93904,-0.78471,-0.77935,0,1,0,0,0,0,1,0,0,0,0,0,1,0,0,0
1.42139,-0.48808,0.85978,-1.24758,0.62158,-0.64958,-0.94022,1.92233,0.47648,-1.00034,1.06425,-0.78471,0.14493,1,0,0,0,0,0,0,0,0,1,0,1,0,0,0,0
1.42139,-0.98079,1.50663,-0.07923,1.47314,-0.64958,-0.94022,1.92233,0.02768,-1.45575,1.06425,-0.78471,0.13709,1,0,0,0,0,0,0,0,0,1,0,0,0,0,1,0
-0.31731,-1.47349,-0.64955,0.50495,-0.54933,-0.64958,-0.94022,-1.05409,-0.90404,-0.73139,-0.93904,-0.78471,0.26242,0,0,0,0,1,0,0,0,0,0,1,0,0,1,0,0
0.84182,0.49732,1.50663,0.50495,1.57958,-0.64958,-0.94022,-1.05409,-0.93029,-1.19752,-0.93904,-0.78471,-0.68535,0,0,0,0,1,0,0,0,0,1,0,0,0,1,0,0
0.26225,0.49732,0.85978,-0.6634,0.72802,-0.64958,-0.94022,1.92233,0.33606,-1.14298,1.06425,-0.78471,0.43474,1,0,0,0,0,0,1,0,0,0,0,0,0,0,1,0
0.26225,0.49732,0.42854,-0.6634,0.30224,-0.64958,1.06291,1.92233,2.92519,1.48458,1.06425,1.27355,0.90471,1,0,0,0,0,0,0,1,0,0,0,0,1,0,0,0
0.26225,-0.48808,0.85978,1.6733,1.1538,-0.64958,-0.94022,-0.51293,-0.68883,-1.10429,-0.93904,1.27355,1.12403,0,0,1,0,0,0,0,0,0,1,0,1,0,0,0,0
-0.31731,0.49732,0.64416,-1.24758,0.40868,-0.64958,1.06291,0.6596,1.28353,1.36619,1.06425,1.27355,0.08226,0,0,0,1,0,0,0,1,0,0,0,0,0,0,0,1
0.84182,0.49732,-1.51202,-0.6634,-1.61378,-0.64958,-0.94022,-0.78351,-0.68227,-0.21865,-0.93904,-0.78471,-1.23365,0,1,0,0,0,0,1,0,0,0,0,0,1,0,0,0
-0.89688,-0.48808,-1.08078,-0.6634,-1.188,-0.64958,1.06291,1.92233,2.90157,1.46081,1.06425,1.27355,-0.03523,1,0,0,0,0,0,0,1,0,0,0,0,1,0,0,0
1.42139,0.49732,-1.51202,0.50495,-1.40089,-0.64958,-0.94022,-0.78351,-0.72951,-0.55426,-0.93904,1.27355,-0.72452,0,1,0,0,0,0,1,0,0,0,0,0,1,0,0,0
-1.47644,0.99002,-1.08078,0.50495,-0.97511,1.53849,1.06291,0.6596,1.35308,1.48365,1.06425,1.27355,0.55223,0,0,0,1,0,0,0,1,0,0,0,1,0,0,0,0
-1.47644,0.99002,1.07539,-0.07923,1.04736,1.53849,1.06291,0.6596,1.69427,2.06072,1.06425,1.27355,0.01177,0,0,0,1,0,0,0,1,0,0,0,0,0,0,0,1
1.42139,0.99002,-1.08078,0.50495,-0.97511,1.53849,1.06291,-0.51293,-0.18622,1.12753,1.06425,-0.78471,1.38251,0,0,1,0,0,0,1,0,0,0,0,0,0,0,0,1
0.26225,-1.47349,-0.64955,1.6733,-0.33643,-0.64958,-0.94022,0.6596,-0.35945,-1.41287,-0.93904,-0.78471,0.12143,0,0,0,1,0,0,0,0,0,0,1,1,0,0,0,0
0.26225,0.99002,-1.2964,-1.24758,-1.50733,1.53849,-0.94022,-0.78351,-0.77675,-0.88987,-0.93904,-0.78471,-0.18405,0,1,0,0,0,0,1,0,0,0,0,0,0,0,1,0
0.26225,0.49732,-0.0027,0.50495,0.08935,-0.64958,-0.94022,-0.15215,-0.26365,-0.31187,1.06425,-0.78471,-1.13182,0,0,0,0,0,1,1,0,0,0,0,0,1,0,0,0
-0.31731,1.48273,-0.0027,-1.24758,-0.22999,1.53849,-0.94022,-1.05409,-0.92635,-1.1276,-0.93904,-0.78471,-0.69319,0,0,0,0,1,0,0,0,0,0,1,0,0,1,0,0
-0.31731,1.48273,1.50663,0.50495,1.57958,1.53849,-0.94022,-0.78351,-0.6009,0.35935,-0.93904,1.27355,-0.78718,0,1,0,0,0,0,0,0,1,0,0,0,1,0,0,0
-0.89688,0.49732,0.21292,0.50495,0.30224,-0.64958,-0.94022,0.6596,1.30321,1.39928,1.06425,1.27355,0.16059,0,0,0,1,0,0,0,1,0,0,0,0,0,0,0,1
1.42139,0.00462,-0.0027,-1.24758,-0.22999,-0.64958,-0.94022,-0.51293,-0.77413,-1.48279,-0.93904,-0.78471,1.641,0,0,1,0,0,0,0,0,0,1,0,0,0,1,0,0
-1.47644,1.48273,0.42854,-1.24758,0.19579,1.53849,1.06291,-0.15215,0.25339,1.21842,1.06425,1.27355,-1.68012,0,0,0,0,0,1,1,0,0,0,0,1,0,0,0,0
-0.89688,-0.98079,-1.08078,1.6733,-0.76222,-0.64958,1.06291,-0.15215,0.34525,1.49064,1.06425,1.27355,-1.31981,0,0,0,0,0,1,0,1,0,0,0,1,0,0,0,0
-0.89688,0.99002,1.07539,-1.24758,0.83447,1.53849,1.06291,-0.15215,0.17072,0.97371,1.06425,-0.78471,-0.97517,0,0,0,0,0,1,1,0,0,0,0,1,0,0,0,0
-0.31731,1.48273,0.64416,1.6733,0.94091,1.53849,1.06291,-1.05409,-0.83449,0.50385,-0.93904,-0.78471,-0.05089,0,0,0,0,1,0,1,0,0,0,0,1,0,0,0,0
0.26225,1.48273,-0.64955,-1.24758,-0.86866,1.53849,-0.94022,-0.78351,-0.51429,0.97464,-0.93904,1.27355,-1.13966,0,1,0,0,0,0,0,0,1,0,0,0,0,0,1,0
0.26225,0.49732,1.07539,-1.24758,0.83447,-0.64958,1.06291,-1.05409,-0.84761,0.27079,-0.93904,-0.78471,0.05877,0,0,0,0,1,0,0,0,0,0,1,0,0,0,0,1
0.84182,0.49732,0.42854,-1.24758,0.19579,-0.64958,1.06291,-0.51293,-0.30302,0.60873,1.06425,-0.78471,0.85771,0,0,1,0,0,0,0,0,0,0,1,0,0,1,0,0
-0.89688,0.49732,1.29101,0.50495,1.36669,-0.64958,1.06291,-0.51293,-0.36076,0.35236,-0.93904,-0.78471,1.82115,0,0,1,0,0,0,1,0,0,0,0,0,0,1,0,0
-0.31731,0.00462,-1.08078,0.50495,-0.97511,-0.64958,1.06291,-0.15215,-0.08912,0.2046,1.06425,1.27355,-2.0561,0,0,0,0,0,1,0,0,0,1,0,0,1,0,0,0
0.26225,0.99002,-0.0027,-0.6634,-0.12354,1.53849,-0.94022,0.6596,0.17334,-0.51184,1.06425,-0.78471,0.05093,0,0,0,1,0,0,0,0,0,1,0,0,0,1,0,0
-0.31731,1.48273,-1.08078,0.50495,-0.97511,1.53849,1.06291,-0.51293,-0.32664,0.50385,1.06425,-0.78471,0.90471,0,0,1,0,0,0,0,0,0,1,0,1,0,0,0,0
1.42139,0.49732,-0.0027,-0.07923,-0.0171,-0.64958,-0.94022,-0.78351,-0.5038,1.04922,-0.93904,1.27355,-0.936,0,1,0,0,0,0,0,0,1,0,0,0,1,0,0,0
0.84182,-0.48808,-1.2964,1.6733,-0.97511,-0.64958,-0.94022,-1.05409,-0.94603,-1.47719,-0.93904,-0.78471,0.30158,0,0,0,0,1,0,1,0,0,0,0,0,0,0,0,1
1.42139,-0.98079,0.21292,-0.6634,0.08935,-0.64958,-0.94022,-1.05409,-0.93947,-1.36066,-0.93904,1.27355,-0.34071,0,0,0,0,1,0,0,0,0,0,1,1,0,0,0,0
0.26225,-1.47349,-1.2964,-0.6634,-1.40089,-0.64958,-0.94022,0.6596,0.19959,-0.46709,1.06425,-0.78471,0.15276,0,0,0,1,0,0,0,0,0,1,0,0,0,0,0,1
0.84182,0.00462,-1.2964,-0.07923,-1.29444,-0.64958,-0.94022,-1.05409,-0.93816,-1.33735,-0.93904,-0.78471,0.27025,0,0,0,0,1,0,0,0,0,0,1,0,0,0,0,1
-1.47644,0.00462,-1.2964,-0.07923,-1.29444,-0.64958,-0.94022,0.6596,0.76649,0.49173,1.06425,1.27355,0.35641,0,0,0,1,0,0,0,1,0,0,0,0,0,0,0,1
-1.47644,1.48273,-1.2964,0.50495,-1.188,1.53849,-0.94022,-0.51293,-0.53792,-0.434,-0.93904,-0.78471,1.03787,0,0,1,0,0,0,1,0,0,0,0,0,0,1,0,0
-0.31731,-1.47349,-0.64955,-1.24758,-0.86866,-0.64958,-0.94022,-0.78351,-0.68358,-0.22797,-0.93904,1.27355,-1.07699,0,1,0,0,0,0,1,0,0,0,0,0,0,0,0,1
1.42139,1.48273,0.42854,-0.6634,0.30224,1.53849,1.06291,-0.78351,-0.67702,-0.18136,-0.93904,-0.78471,-0.17622,0,1,0,0,0,0,0,0,1,0,0,0,0,0,0,1
-0.89688,0.00462,-1.2964,-1.24758,-1.50733,-0.64958,-0.94022,0.6596,-0.57466,-1.77691,-0.93904,-0.78471,0.0901,0,0,0,1,0,0,0,0,0,0,1,0,0,1,0,0
0.84182,-0.48808,0.64416,1.6733,0.94091,-0.64958,1.06291,-1.05409,-0.82793,0.62038,-0.93904,-0.78471,-0.11356,0,0,0,0,1,0,0,0,0,0,1,1,0,0,0,0
0.84182,1.48273,0.21292,-0.07923,0.19579,1.53849,-0.94022,-0.78351,-0.90142,-1.77551,-0.93904,1.27355,-0.27805,0,1,0,0,0,0,1,0,0,0,0,0,0,0,1,0
-0.31731,0.99002,1.50663,-0.07923,1.47314,1.53849,-0.94022,-0.78351,-0.91323,-1.85942,-0.93904,1.27355,-0.96733,0,1,0,0,0,0,1,0,0,0,0,0,1,0,0,0
0.84182,-0.48808,-1.2964,1.6733,-0.97511,-0.64958,-0.94022,-0.78351,-0.61009,0.29409,-0.93904,1.27355,-0.77151,0,1,0,0,0,0,0,0,1,0,0,0,0,0,1,0
-0.89688,0.00462,1.50663,-0.07923,1.47314,-0.64958,-0.94022,0.6596,0.15759,-0.53841,1.06425,-0.78471,0.95954,0,0,0,1,0,0,0,0,0,0,1,0,0,1,0,0
-0.31731,0.49732,-0.64955,-0.07923,-0.65577,-0.64958,-0.94022,-0.51293,-0.57072,-0.5799,-0.93904,-0.78471,1.22586,0,0,1,0,0,0,0,0,0,0,1,1,0,0,0,0
-0.89688,0.00462,-1.2964,1.6733,-0.97511,-0.64958,-0.94022,-0.51293,-0.59434,-0.68477,-0.93904,1.27355,1.72716,0,0,1,0,0,0,1,0,0,0,0,0,0,1,0,0
-0.89688,0.99002,-1.51202,-1.24758,-1.72023,1.53849,-0.94022,-1.05409,-0.95784,-1.68695,-0.93904,1.27355,-0.82634,0,0,0,0,1,0,0,0,0,0,1,0,0,0,0,1
1.42139,-0.48808,-0.0027,-1.24758,-0.22999,-0.64958,-0.94022,-0.51293,-0.54579,-0.46942,-0.93904,-0.78471,1.68016,0,0,1,0,0,0,0,0,0,1,0,0,0,1,0,0
1.42139,-1.47349,-0.0027,-0.07923,-0.0171,-0.64958,-0.94022,1.92233,0.75862,-0.71414,1.06425,-0.78471,0.47391,1,0,0,0,0,0,1,0,0,0,0,0,0,0,1,0
0.26225,1.48273,1.29101,1.6733,1.57958,1.53849,1.06291,-0.51293,-0.26234,0.78912,1.06425,-0.78471,1.99347,0,0,1,0,0,0,0,0,0,0,1,0,0,1,0,0
0.26225,0.00462,0.64416,-0.6634,0.51513,-0.64958,1.06291,-1.05409,-0.85286,0.17756,-0.93904,-0.78471,-0.87334,0,0,0,0,1,0,1,0,0,0,0,1,0,0,0,0
0.26225,0.00462,-1.2964,-0.07923,-1.29444,-0.64958,-0.94022,1.92233,3.36611,1.93207,1.06425,1.27355,-0.13705,1,0,0,0,0,0,0,1,0,0,0,0,1,0,0,0
1.42139,0.00462,1.50663,-0.07923,1.47314,-0.64958,-0.94022,-0.15215,-0.32533,-0.49459,1.06425,-0.78471,-1.46864,0,0,0,0,0,1,1,0,0,0,0,1,0,0,0,0
-0.31731,-1.47349,0.42854,-0.6634,0.30224,-0.64958,1.06291,-0.78351,-0.6009,0.35935,-0.93904,1.27355,-0.55219,0,1,0,0,0,0,0,0,1,0,0,0,0,0,0,1
0.84182,1.48273,1.29101,0.50495,1.36669,1.53849,1.06291,-0.15215,0.14184,0.88841,1.06425,1.27355,-2.04827,0,0,0,0,0,1,0,1,0,0,0,0,1,0,0,0
1.42139,-1.47349,-1.51202,1.6733,-1.188,-0.64958,-0.94022,-0.78351,-0.77544,-0.88055,-0.93904,-0.78471,-0.84984,0,1,0,0,0,0,1,0,0,0,0,0,0,0,0,1
0.26225,0.49732,1.29101,1.6733,1.57958,-0.64958,1.06291,0.6596,0.17465,-0.50951,1.06425,-0.78471,1.1162,0,0,0,1,0,0,0,0,0,1,0,0,0,0,0,1
0.26225,1.48273,0.85978,0.50495,0.94091,1.53849,-0.94022,-0.78351,-0.52348,0.90938,-0.93904,1.27355,-0.70885,0,1,0,0,0,0,0,0,1,0,0,0,0,0,1,0
0.84182,1.48273,-1.2964,-1.24758,-1.50733,1.53849,-0.94022,-0.51293,-0.67308,-1.03437,-0.93904,-0.78471,1.0692,0,0,1,0,0,0,1,0,0,0,0,0,0,1,0,0
-1.47644,-1.47349,0.42854,1.6733,0.72802,-0.64958,1.06291,-0.51293,-0.40538,0.15426,-0.93904,1.27355,0.79505,0,0,1,0,0,0,1,0,0,0,0,0,0,1,0,0
-1.47644,0.00462,0.42854,0.50495,0.51513,-0.64958,1.06291,1.92233,1.00139,-0.46756,1.06425,1.27355,0.88121,1,0,0,0,0,0,1,0,0,0,0,0,0,0,1,0
-0.31731,-0.48808,-1.51202,-0.6634,-1.61378,-0.64958,-0.94022,-1.05409,-0.90404,-0.73139,-0.93904,-0.78471,-0.94384,0,0,0,0,1,0,0,0,0,1,0,0,0,0,0,1
1.42139,1.48273,-0.0027,-1.24758,-0.22999,1.53849,-0.94022,-0.51293,-0.52086,-0.35849,-0.93904,-0.78471,1.62533,0,0,1,0,0,0,0,0,0,1,0,1,0,0,0,0
-1.47644,-0.48808,1.07539,1.6733,1.36669,-0.64958,1.06291,-1.05409,-0.82006,0.76022,-0.93904,-0.78471,0.19976,0,0,0,0,1,0,0,0,0,0,1,0,0,1,0,0
0.26225,0.99002,0.85978,1.6733,1.1538,1.53849,-0.94022,-0.78351,-0.71507,-0.45171,-0.93904,-0.78471,-0.39554,0,1,0,0,0,0,1,0,0,0,0,0,0,0,0,1
0.26225,0.00462,0.64416,1.6733,0.94091,-0.64958,1.06291,-0.51293,-0.53529,-0.42281,-0.93904,-0.78471,1.79765,0,0,1,0,0,0,0,0,0,1,0,0,0,0,0,1
1.42139,-0.48808,-1.2964,-0.07923,-1.29444,-0.64958,-0.94022,-0.78351,-0.66914,-0.12542,-0.93904,-0.78471,-0.89684,0,1,0,0,0,0,1,0,0,0,0,0,1,0,0,0
-0.31731,1.48273,-1.08078,0.50495,-0.97511,1.53849,1.06291,0.6596,1.39901,1.56149,1.06425,-0.78471,0.79505,0,0,0,1,0,0,0,0,0,1,0,0,0,0,0,1
-1.47644,-0.98079,-1.08078,-0.6634,-1.188,-0.64958,1.06291,1.92233,2.16407,0.71221,1.06425,-0.78471,-0.23888,1,0,0,0,0,0,1,0,0,0,0,1,0,0,0,0
0.26225,0.49732,0.42854,-0.6634,0.30224,-0.64958,1.06291,-1.05409,-0.84368,0.34071,-0.93904,1.27355,-0.54436,0,0,0,0,1,0,1,0,0,0,0,0,0,0,0,1
0.84182,-0.48808,-0.86517,0.50495,-0.76222,-0.64958,1.06291,-0.51293,-0.56941,-0.57384,-0.93904,-0.78471,1.43734,0,0,1,0,0,0,0,0,0,1,0,0,0,1,0,0
0.84182,0.99002,-0.0027,1.6733,0.30224,1.53849,-0.94022,-0.15215,-0.71376,-1.64407,-0.93904,-0.78471,-1.90727,0,0,0,0,0,1,1,0,0,0,0,0,1,0,0,0
-1.47644,0.99002,0.64416,-1.24758,0.40868,1.53849,1.06291,-0.15215,0.24945,1.20677,1.06425,-0.78471,-1.56263,0,0,0,0,0,1,0,1,0,0,0,0,1,0,0,0
0.84182,-1.47349,0.42854,1.6733,0.72802,-0.64958,1.06291,-1.05409,-0.84893,0.24748,-0.93904,-0.78471,-0.08223,0,0,0,0,1,0,1,0,0,0,0,0,0,1,0,0
1.42139,0.49732,1.50663,0.50495,1.57958,-0.64958,-0.94022,-0.51293,-0.50773,-0.30022,-0.93904,-0.78471,1.60183,0,0,1,0,0,0,0,0,0,0,1,0,0,1,0,0
0.84182,-1.47349,1.50663,-0.6634,1.36669,-0.64958,-0.94022,-0.51293,-0.52086,-0.35849,-0.93904,1.27355,1.98564,0,0,1,0,0,0,0,0,0,0,1,0,0,1,0,0
0.84182,0.00462,-1.51202,1.6733,-1.188,-0.64958,-0.94022,-0.78351,-0.4933,1.1238,-0.93904,1.27355,-1.0065,0,1,0,0,0,0,0,0,1,0,0,0,0,0,0,1
0.26225,0.00462,0.42854,1.6733,0.72802,-0.64958,1.06291,-0.51293,-0.57466,-0.59714,-0.93904,-0.78471,1.89165,0,0,1,0,0,0,0,0,0,1,0,0,0,1,0,0
-1.47644,0.49732,-1.51202,-1.24758,-1.72023,-0.64958,-0.94022,-1.05409,-0.88698,-0.4284,-0.93904,-0.78471,-0.27021,0,0,0,0,1,0,0,0,0,1,0,0,0,1,0,0
0.26225,0.49732,0.21292,-0.07923,0.19579,-0.64958,-0.94022,-0.15215,-0.34501,-0.55286,1.06425,-0.78471,-1.85244,0,0,0,0,0,1,1,0,0,0,0,0,1,0,0,0
1.42139,-0.98079,-0.0027,0.50495,0.08935,-0.64958,-0.94022,-1.05409,-0.88567,-0.4051,-0.93904,-0.78471,0.23892,0,0,0,0,1,0,1,0,0,0,0,0,0,1,0,0
0.84182,-0.98079,-0.86517,-0.07923,-0.86866,-0.64958,1.06291,0.6596,0.86753,0.66233,1.06425,-0.78471,0.71672,0,0,0,1,0,0,0,0,0,0,1,1,0,0,0,0
1.42139,-1.47349,-0.0027,-0.6634,-0.12354,-0.64958,-0.94022,-0.78351,-0.70851,-0.4051,-0.93904,-0.78471,-0.68535,0,1,0,0,0,0,1,0,0,0,0,0,0,0,0,1
1.42139,-1.47349,0.42854,-0.6634,0.30224,-0.64958,1.06291,-0.78351,-0.44343,1.47806,-0.93904,-0.78471,-0.29371,0,1,0,0,0,0,0,0,1,0,0,0,1,0,0,0
-0.89688,1.48273,0.21292,-1.24758,-0.0171,1.53849,-0.94022,-0.78351,-0.6009,0.35935,-0.93904,-0.78471,-0.5052,0,1,0,0,0,0,0,0,1,0,0,0,1,0,0,0
0.84182,0.49732,-1.2964,-0.07923,-1.29444,-0.64958,-0.94022,0.6596,-0.10618,-0.9845,1.06425,-0.78471,0.83422,0,0,0,1,0,0,0,0,0,1,0,1,0,0,0,0
0.84182,0.49732,-0.0027,-0.07923,-0.0171,-0.64958,-0.94022,-0.78351,-0.78987,-0.9831,-0.93904,-0.78471,-1.07699,0,1,0,0,0,0,1,0,0,0,0,0,0,0,0,1
-0.31731,0.00462,-0.86517,-1.24758,-1.08155,-0.64958,1.06291,1.92233,1.93311,0.47775,1.06425,-0.78471,0.23892,1,0,0,0,0,0,0,0,0,1,0,0,0,0,1,0
-0.31731,-1.47349,-0.0027,1.6733,0.30224,-0.64958,-0.94022,0.6596,1.53417,1.79036,1.06425,1.27355,0.13709,0,0,0,1,0,0,0,1,0,0,0,1,0,0,0,0
-0.89688,-0.98079,1.07539,0.50495,1.1538,-0.64958,1.06291,-0.78351,-0.54448,0.76022,-0.93904,-0.78471,-1.33548,0,1,0,0,0,0,1,0,0,0,0,0,0,0,1,0
0.26225,0.99002,1.50663,1.6733,1.79248,1.53849,-0.94022,0.6596,1.36226,1.4995,1.06425,-0.78471,0.42691,0,0,0,1,0,0,0,1,0,0,0,1,0,0,0,0
-1.47644,0.49732,0.85978,-0.6634,0.72802,-0.64958,-0.94022,-0.15215,-0.19016,-0.09419,1.06425,-0.78471,-1.02216,0,0,0,0,0,1,0,0,0,1,0,0,1,0,0,0
0.84182,1.48273,1.07539,0.50495,1.1538,1.53849,1.06291,-0.15215,-0.00513,0.45351,1.06425,1.27355,-2.02477,0,0,0,0,0,1,1,0,0,0,0,0,0,0,1,0
-1.47644,0.49732,1.29101,0.50495,1.36669,-0.64958,1.06291,-0.78351,-0.51429,0.97464,-0.93904,-0.78471,-0.22322,0,1,0,0,0,0,1,0,0,0,0,0,1,0,0,0
-1.47644,-0.48808,-1.2964,-0.07923,-1.29444,-0.64958,-0.94022,0.6596,-0.03925,-0.87123,1.06425,-0.78471,0.22326,0,0,0,1,0,0,0,0,0,1,0,0,0,1,0,0
-0.89688,0.49732,1.07539,-0.6634,0.94091,-0.64958,1.06291,1.92233,1.99216,0.53788,1.06425,1.27355,0.74805,1,0,0,0,0,0,0,1,0,0,0,0,0,0,1,0
-0.31731,-0.48808,1.50663,-1.24758,1.26025,-0.64958,-0.94022,-0.51293,-0.66652,-1.00547,-0.93904,-0.78471,1.6175,0,0,1,0,0,0,0,0,0,0,1,0,0,0,0,1
1.42139,-0.48808,-0.64955,-0.6634,-0.76222,-0.64958,-0.94022,-0.51293,-0.7072,-1.18586,-0.93904,1.27355,1.79765,0,0,1,0,0,0,0,0,0,1,0,0,0,1,0,0
-1.47644,1.48273,-0.0027,-0.6634,-0.12354,1.53849,-0.94022,-0.51293,-0.57991,-0.62045,-0.93904,-0.78471,1.39818,0,0,1,0,0,0,0,0,0,1,0,1,0,0,0,0
1.42139,-0.98079,1.07539,-0.6634,0.94091,-0.64958,1.06291,0.6596,0.72712,0.42508,1.06425,-0.78471,1.10836,0,0,0,1,0,0,0,0,0,1,0,1,0,0,0,0
1.42139,0.99002,-0.0027,-1.24758,-0.22999,1.53849,-0.94022,-1.05409,-0.89879,-0.63816,-0.93904,-0.78471,-0.66969,0,0,0,0,1,0,0,0,0,0,1,0,0,1,0,0
0.84182,0.99002,1.50663,-1.24758,1.26025,1.53849,-0.94022,-1.05409,-0.9421,-1.40727,-0.93904,-0.78471,-0.81068,0,0,0,0,1,0,1,0,0,0,0,1,0,0,0,0
0.84182,-0.98079,1.29101,-1.24758,1.04736,-0.64958,1.06291,-0.51293,-0.26627,0.77187,1.06425,-0.78471,1.03787,0,0,1,0,0,0,1,0,0,0,0,0,0,0,0,1
0.26225,0.49732,0.42854,0.50495,0.51513,-0.64958,1.06291,0.6596,0.4686,-0.01215,1.06425,-0.78471,1.03004,0,0,0,1,0,0,0,0,0,0,1,1,0,0,0,0
0.84182,0.00462,-1.51202,0.50495,-1.40089,-0.64958,-0.94022,-0.78351,-0.62977,0.15426,-0.93904,1.27355,-0.83418,0,1,0,0,0,0,0,0,1,0,0,0,0,0,0,1
-1.47644,0.99002,1.29101,-0.07923,1.26025,1.53849,1.06291,-1.05409,-0.79381,1.22635,-0.93904,-0.78471,0.13709,0,0,0,0,1,0,0,0,0,1,0,1,0,0,0,0
-1.47644,0.49732,-1.08078,0.50495,-0.97511,-0.64958,1.06291,1.92233,2.18506,0.73365,1.06425,-0.78471,0.15276,1,0,0,0,0,0,1,0,0,0,0,0,0,0,1,0
0.26225,0.00462,-1.08078,-1.24758,-1.29444,-0.64958,1.06291,1.92233,2.36747,0.9187,1.06425,-0.78471,0.56007,1,0,0,0,0,0,0,1,0,0,0,0,1,0,0,0
-0.89688,0.99002,0.64416,-1.24758,0.40868,1.53849,1.06291,-0.51293,-0.30302,0.60873,1.06425,-0.78471,1.20236,0,0,1,0,0,0,0,0,0,1,0,0,0,1,0,0
-0.89688,0.49732,-0.64955,-0.07923,-0.65577,-0.64958,-0.94022,-0.78351,-0.66521,-0.09745,-0.93904,1.27355,-0.39554,0,1,0,0,0,0,0,0,1,0,0,0,0,0,1,0
0.26225,-0.98079,1.29101,0.50495,1.36669,-0.64958,1.06291,1.92233,3.16665,1.72977,1.06425,-0.78471,0.92038,1,0,0,0,0,0,0,1,0,0,0,1,0,0,0,0
1.42139,0.99002,-1.51202,0.50495,-1.40089,1.53849,-0.94022,-0.15215,-0.25971,-0.30022,1.06425,-0.78471,-2.11093,0,0,0,0,0,1,1,0,0,0,0,0,0,0,1,0
0.84182,0.00462,-0.64955,1.6733,-0.33643,-0.64958,-0.94022,-0.15215,0.16809,0.96625,1.06425,1.27355,-1.75062,0,0,0,0,0,1,0,1,0,0,0,1,0,0,0,0
-1.47644,0.99002,0.64416,-1.24758,0.40868,1.53849,1.06291,-1.05409,-0.77413,1.57594,-0.93904,-0.78471,0.22326,0,0,0,0,1,0,0,0,0,1,0,1,0,0,0,0
0.84182,-1.47349,-0.86517,-0.07923,-0.86866,-0.64958,1.06291,-0.78351,-0.48936,1.15177,-0.93904,-0.78471,-0.4817,0,1,0,0,0,0,1,0,0,0,0,0,0,0,1,0
-0.31731,-0.98079,1.07539,-0.07923,1.04736,-0.64958,1.06291,-0.15215,-0.08912,0.2046,1.06425,-0.78471,-1.93861,0,0,0,0,0,1,1,0,0,0,0,1,0,0,0,0
-0.89688,1.48273,1.29101,1.6733,1.57958,1.53849,1.06291,1.92233,2.82414,1.38204,1.06425,-0.78471,-0.14489,1,0,0,0,0,0,1,0,0,0,0,0,0,0,1,0
-1.47644,0.99002,-1.08078,-0.07923,-1.08155,1.53849,1.06291,-0.51293,-0.11142,1.45941,1.06425,-0.78471,1.35902,0,0,1,0,0,0,1,0,0,0,0,0,0,1,0,0
-0.31731,-1.47349,1.29101,1.6733,1.57958,-0.64958,1.06291,0.6596,0.43186,-0.07415,1.06425,-0.78471,0.81855,0,0,0,1,0,0,0,0,0,1,0,0,0,0,0,1
-1.47644,1.48273,-1.08078,-0.07923,-1.08155,1.53849,1.06291,1.92233,2.15488,0.70289,1.06425,-0.78471,-0.23888,1,0,0,0,0,0,0,0,0,1,0,1,0,0,0,0
-0.31731,0.49732,-0.64955,0.50495,-0.54933,-0.64958,-0.94022,-0.15215,0.2337,1.16016,1.06425,1.27355,-1.56263,0,0,0,0,0,1,0,1,0,0,0,0,0,0,1,0
0.84182,0.49732,0.21292,-0.07923,0.19579,-0.64958,-0.94022,-0.15215,-0.27152,-0.33518,1.06425,-0.78471,-1.49213,0,0,0,0,0,1,0,0,0,1,0,0,0,0,1,0
-0.89688,-0.48808,0.64416,0.50495,0.72802,-0.64958,1.06291,-1.05409,-0.87911,-0.28857,-0.93904,1.27355,-0.20755,0,0,0,0,1,0,0,0,0,0,1,0,0,1,0,0
1.42139,0.00462,-1.2964,0.50495,-1.188,-0.64958,-0.94022,-1.05409,-0.93029,-1.19752,-0.93904,1.27355,0.01177,0,0,0,0,1,0,1,0,0,0,0,1,0,0,0,0
1.42139,0.00462,0.42854,-1.24758,0.19579,-0.64958,1.06291,-0.15215,-0.08387,0.22045,1.06425,-0.78471,-1.4373,0,0,0,0,0,1,1,0,0,0,0,1,0,0,0,0
0.26225,0.99002,-0.64955,-1.24758,-0.86866,1.53849,-0.94022,-1.05409,-0.94341,-1.43058,-0.93904,-0.78471,-0.82634,0,0,0,0,1,0,0,0,0,1,0,0,0,0,0,1
-0.89688,0.00462,-0.0027,1.6733,0.30224,-0.64958,-0.94022,-1.05409,-0.95916,-1.71026,-0.93904,-0.78471,-0.33288,0,0,0,0,1,0,0,0,0,0,1,1,0,0,0,0
-0.31731,0.49732,-0.0027,1.6733,0.30224,-0.64958,-0.94022,0.6596,1.6759,2.02995,1.06425,1.27355,0.73239,0,0,0,1,0,0,0,1,0,0,0,0,0,0,0,1
-0.89688,-0.98079,0.64416,0.50495,0.72802,-0.64958,1.06291,-1.05409,-0.83187,0.55046,-0.93904,-0.78471,-0.33288,0,0,0,0,1,0,1,0,0,0,0,0,0,1,0,0
-1.47644,1.48273,0.85978,1.6733,1.1538,1.53849,-0.94022,-0.15215,-0.68095,-1.54711,-0.93904,1.27355,-0.92034,0,0,0,0,0,1,0,0,0,1,0,0,0,0,1,0
-1.47644,0.00462,1.50663,-0.6634,1.36669,-0.64958,-0.94022,-1.05409,-0.90404,-0.73139,-0.93904,-0.78471,0.14493,0,0,0,0,1,0,0,0,0,0,1,0,0,0,0,1
1.42139,0.99002,1.50663,1.6733,1.79248,1.53849,-0.94022,-0.51293,-0.63109,-0.84792,-0.93904,-0.78471,1.75066,0,0,1,0,0,0,1,0,0,0,0,0,0,1,0,0
0.84182,0.49732,-0.86517,-0.07923,-0.86866,-0.64958,1.06291,-0.78351,-0.58778,0.45258,-0.93904,1.27355,-0.78718,0,1,0,0,0,0,1,0,0,0,0,0,0,0,1,0
-1.47644,0.99002,-1.08078,-0.6634,-1.188,1.53849,1.06291,0.6596,1.13393,1.11308,1.06425,-0.78471,1.03787,0,0,0,1,0,0,0,0,0,1,0,0,0,0,0,1
0.84182,1.48273,1.07539,-0.6634,0.94091,1.53849,1.06291,0.6596,0.84785,0.62924,1.06425,-0.78471,0.51307,0,0,0,1,0,0,0,0,0,0,1,1,0,0,0,0
0.84182,-1.47349,-1.2964,-0.07923,-1.29444,-0.64958,-0.94022,-0.78351,-0.90798,-1.82213,-0.93904,-0.78471,-0.46603,0,1,0,0,0,0,1,0,0,0,0,0,0,0,1,0
1.42139,-1.47349,0.64416,-1.24758,0.40868,-0.64958,1.06291,-0.15215,0.13003,0.85345,1.06425,1.27355,-1.15532,0,0,0,0,0,1,0,0,0,1,0,0,0,0,1,0
0.84182,-0.48808,-0.64955,-0.6634,-0.76222,-0.64958,-0.94022,0.6596,-0.58253,-1.78996,-0.93904,-0.78471,0.45824,0,0,0,1,0,0,0,0,0,0,1,0,0,0,0,1
-0.31731,-1.47349,0.85978,-0.07923,0.83447,-0.64958,-0.94022,-0.51293,-0.78725,-1.54152,-0.93904,-0.78471,0.84205,0,0,1,0,0,0,1,0,0,0,0,0,0,0,0,1
-1.47644,1.48273,-1.51202,-0.6634,-1.61378,1.53849,-0.94022,1.92233,0.41217,-1.0656,1.06425,-0.78471,-0.15272,1,0,0,0,0,0,0,0,0,1,0,0,0,0,1,0
-0.31731,-0.98079,0.21292,-0.6634,0.08935,-0.64958,-0.94022,-0.15215,-0.75969,-1.78018,-0.93904,1.27355,-1.76628,0,0,0,0,0,1,1,0,0,0,0,1,0,0,0,0
-1.47644,1.48273,0.21292,0.50495,0.30224,1.53849,-0.94022,-0.51293,-0.46705,-0.11983,-0.93904,-0.78471,0.98304,0,0,1,0,0,0,0,0,0,1,0,0,0,0,0,1
-0.89688,0.49732,-0.86517,-0.07923,-0.86866,-0.64958,1.06291,1.92233,3.32806,1.89338,1.06425,1.27355,-0.07439,1,0,0,0,0,0,0,1,0,0,0,1,0,0,0,0
1.42139,0.49732,1.29101,0.50495,1.36669,-0.64958,1.06291,1.92233,1.50661,0.04518,1.06425,-0.78471,0.64623,1,0,0,0,0,0,1,0,0,0,0,0,1,0,0,0
-0.89688,-0.48808,1.07539,-1.24758,0.83447,-0.64958,1.06291,-1.05409,-0.84761,0.27079,-0.93904,1.27355,-0.13705,0,0,0,0,1,0,1,0,0,0,0,0,0,1,0,0
0.26225,-1.47349,-1.08078,1.6733,-0.76222,-0.64958,1.06291,-0.15215,-0.38569,-0.67312,-0.93904,-0.78471,-1.13182,0,0,0,0,0,1,0,0,0,1,0,0,0,0,1,0
0.84182,-0.98079,-1.2964,-0.07923,-1.29444,-0.64958,-0.94022,-0.51293,-0.78856,-1.54711,-0.93904,-0.78471,1.06137,0,0,1,0,0,0,0,0,0,0,1,0,0,1,0,0
1.42139,0.99002,-1.08078,-0.6634,-1.188,1.53849,1.06291,-0.51293,-0.08124,1.59366,1.06425,-0.78471,1.81332,0,0,1,0,0,0,1,0,0,0,0,0,0,1,0,0
-0.31731,-1.47349,0.21292,-0.07923,0.19579,-0.64958,-0.94022,-0.15215,0.26782,1.26131,1.06425,1.27355,-0.91251,0,0,0,0,0,1,0,1,0,0,0,1,0,0,0,0
0.84182,-0.48808,1.50663,-1.24758,1.26025,-0.64958,-0.94022,1.92233,0.16022,-1.32151,1.06425,-0.78471,-0.28588,1,0,0,0,0,0,1,0,0,0,0,1,0,0,0,0
-0.31731,-1.47349,0.21292,1.6733,0.51513,-0.64958,-0.94022,-0.78351,-0.5576,0.667,-0.93904,1.27355,-0.5052,0,1,0,0,0,0,0,0,1,0,0,0,0,0,1,0
0.84182,0.00462,-0.64955,0.50495,-0.54933,-0.64958,-0.94022,-0.15215,-0.29383,-0.40137,1.06425,1.27355,-1.18665,0,0,0,0,0,1,1,0,0,0,0,0,0,0,1,0
-0.31731,-0.98079,1.07539,-0.07923,1.04736,-0.64958,1.06291,-0.78351,-0.63371,0.12629,-0.93904,-0.78471,-0.24671,0,1,0,0,0,0,1,0,0,0,0,0,0,0,1,0
1.42139,0.00462,-0.0027,1.6733,0.30224,-0.64958,-0.94022,0.6596,1.64572,1.97868,1.06425,1.27355,0.31725,0,0,0,1,0,0,0,1,0,0,0,1,0,0,0,0
-1.47644,0.49732,-1.08078,-0.6634,-1.188,-0.64958,1.06291,1.92233,2.45146,1.00401,1.06425,-0.78471,0.66973,1,0,0,0,0,0,0,1,0,0,0,0,1,0,0,0
0.84182,0.00462,1.29101,0.50495,1.36669,-0.64958,1.06291,1.92233,1.38982,-0.07368,1.06425,-0.78471,0.66973,1,0,0,0,0,0,0,0,0,1,0,1,0,0,0,0
0.26225,0.99002,-0.64955,-0.6634,-0.76222,1.53849,-0.94022,-1.05409,-0.8673,-0.07881,-0.93904,-0.78471,0.24675,0,0,0,0,1,0,0,0,0,0,1,0,0,0,0,1
-0.89688,-1.47349,1.07539,0.50495,1.1538,-0.64958,1.06291,-1.05409,-0.89879,-0.63816,-0.93904,-0.78471,-0.70102,0,0,0,0,1,0,1,0,0,0,0,1,0,0,0,0
0.84182,-1.47349,0.85978,1.6733,1.1538,-0.64958,-0.94022,0.6596,1.0027,0.8912,1.06425,1.27355,0.1136,0,0,0,1,0,0,0,1,0,0,0,0,0,1,0,0
-0.89688,0.99002,-0.64955,-0.07923,-0.65577,1.53849,-0.94022,1.92233,2.37797,0.92943,1.06425,1.27355,-0.21538,1,0,0,0,0,0,0,1,0,0,0,0,1,0,0,0
0.26225,-0.48808,-1.08078,1.6733,-0.76222,-0.64958,1.06291,1.92233,0.9489,-0.52116,1.06425,-0.78471,-0.05873,1,0,0,0,0,0,1,0,0,0,0,0,1,0,0,0
-0.31731,0.00462,1.50663,-1.24758,1.26025,-0.64958,-0.94022,-1.05409,-0.94735,-1.5005,-0.93904,-0.78471,-0.4582,0,0,0,0,1,0,0,0,0,0,1,1,0,0,0,0
0.84182,0.49732,-1.08078,-1.24758,-1.29444,-0.64958,1.06291,0.6596,0.85048,0.6339,1.06425,1.27355,0.79505,0,0,0,1,0,0,0,0,0,1,0,0,0,1,0,0
0.26225,-0.48808,-1.51202,-1.24758,-1.72023,-0.64958,-0.94022,-0.78351,-0.79643,-1.02971,-0.93904,-0.78471,-0.99083,0,1,0,0,0,0,1,0,0,0,0,0,0,0,0,1
0.84182,-1.47349,-1.51202,-0.6634,-1.61378,-0.64958,-0.94022,-0.51293,-0.73738,-1.32011,-0.93904,1.27355,1.90731,0,0,1,0,0,0,0,0,0,0,1,0,0,1,0,0
-0.89688,1.48273,0.85978,0.50495,0.94091,1.53849,-0.94022,-1.05409,-0.91454,-0.91784,-0.93904,-0.78471,-0.31721,0,0,0,0,1,0,1,0,0,0,0,0,0,1,0,0
1.42139,-0.98079,0.64416,-1.24758,0.40868,-0.64958,1.06291,-1.05409,-0.83974,0.41063,-0.93904,-0.78471,-0.30154,0,0,0,0,1,0,1,0,0,0,0,0,0,1,0,0
0.26225,0.00462,1.50663,-1.24758,1.26025,-0.64958,-0.94022,0.6596,0.13791,-0.57151,1.06425,-0.78471,0.62273,0,0,0,1,0,0,0,0,0,0,1,0,0,0,0,1
0.84182,0.49732,1.29101,1.6733,1.57958,-0.64958,1.06291,-1.05409,-0.86598,-0.0555,-0.93904,-0.78471,-0.10572,0,0,0,0,1,0,1,0,0,0,0,0,0,1,0,0
-0.31731,-0.98079,-0.86517,-1.24758,-1.08155,-0.64958,1.06291,0.6596,0.25864,-0.36734,1.06425,1.27355,0.23109,0,0,0,1,0,0,0,0,0,1,0,0,0,1,0,0
1.42139,1.48273,1.50663,-0.6634,1.36669,1.53849,-0.94022,-0.15215,-0.6324,-1.40354,-0.93904,-0.78471,-1.19449,0,0,0,0,0,1,0,0,0,1,0,0,0,0,1,0
-0.89688,0.49732,0.21292,-1.24758,-0.0171,-0.64958,-0.94022,1.92233,1.20873,-0.25734,1.06425,-0.78471,0.62273,1,0,0,0,0,0,0,0,0,1,0,1,0,0,0,0
1.42139,0.00462,0.21292,0.50495,0.30224,-0.64958,-0.94022,-0.51293,-0.5576,-0.52163,-0.93904,-0.78471,0.97521,0,0,1,0,0,0,0,0,0,0,1,0,0,1,0,0
-1.47644,-0.48808,1.29101,-0.6634,1.1538,-0.64958,1.06291,0.6596,0.80192,0.5514,1.06425,-0.78471,1.18669,0,0,0,1,0,0,0,0,0,1,0,1,0,0,0,0
0.84182,0.49732,1.29101,0.50495,1.36669,-0.64958,1.06291,-1.05409,-0.88304,-0.35849,-0.93904,-0.78471,-0.80285,0,0,0,0,1,0,0,0,0,0,1,0,0,1,0,0
0.26225,-1.47349,0.42854,-1.24758,0.19579,-0.64958,1.06291,-0.78351,-0.52873,0.87209,-0.93904,-0.78471,-1.17882,0,1,0,0,0,0,0,0,1,0,0,0,0,0,1,0
-0.89688,1.48273,1.50663,-1.24758,1.26025,1.53849,-0.94022,-0.15215,0.30063,1.35826,1.06425,1.27355,-1.07699,0,0,0,0,0,1,0,1,0,0,0,1,0,0,0,0
0.26225,-0.48808,1.50663,-0.07923,1.47314,-0.64958,-0.94022,-0.51293,-0.75444,-1.39562,-0.93904,-0.78471,1.62533,0,0,1,0,0,0,0,0,0,1,0,0,0,1,0,0
0.26225,-0.48808,1.07539,-0.6634,0.94091,-0.64958,1.06291,-0.78351,-0.70589,-0.38645,-0.93904,1.27355,-1.10833,0,1,0,0,0,0,1,0,0,0,0,0,0,0,1,0
1.42139,1.48273,0.21292,1.6733,0.51513,1.53849,-0.94022,-0.51293,-0.74526,-1.35507,-0.93904,-0.78471,1.32768,0,0,1,0,0,0,1,0,0,0,0,1,0,0,0,0
-0.89688,0.00462,0.64416,-0.07923,0.62158,-0.64958,1.06291,-0.51293,-0.33451,0.46889,1.06425,-0.78471,1.62533,0,0,1,0,0,0,0,0,0,1,0,1,0,0,0,0
0.84182,-0.98079,1.29101,1.6733,1.57958,-0.64958,1.06291,-0.15215,-0.36994,-0.62651,-0.93904,1.27355,-2.04043,0,0,0,0,0,1,0,0,0,1,0,0,0,0,1,0
0.84182,-0.98079,1.29101,-1.24758,1.04736,-0.64958,1.06291,-1.05409,-0.85811,0.08434,-0.93904,-0.78471,-0.01173,0,0,0,0,1,0,0,0,0,1,0,1,0,0,0,0
0.84182,0.00462,-1.08078,-0.07923,-1.08155,-0.64958,1.06291,1.92233,1.83468,0.378,1.06425,-0.78471,0.65406,1,0,0,0,0,0,0,0,0,1,0,1,0,0,0,0
-1.47644,0.99002,1.29101,-0.6634,1.1538,1.53849,1.06291,1.92233,3.08266,1.64447,1.06425,1.27355,0.57573,1,0,0,0,0,0,0,0,0,1,0,1,0,0,0,0
-0.31731,0.00462,-1.51202,1.6733,-1.188,-0.64958,-0.94022,1.92233,0.57227,-0.90339,1.06425,1.27355,0.85771,1,0,0,0,0,0,0,0,0,1,0,0,1,0,0,0
0.26225,1.48273,-1.2964,-1.24758,-1.50733,1.53849,-0.94022,1.92233,0.44104,-1.03624,1.06425,-0.78471,0.77155,1,0,0,0,0,0,1,0,0,0,0,0,1,0,0,0
0.84182,0.49732,1.29101,-1.24758,1.04736,-0.64958,1.06291,-0.78351,-0.5576,0.667,-0.93904,-0.78471,-0.19188,0,1,0,0,0,0,1,0,0,0,0,0,0,0,0,1
-0.31731,1.48273,1.29101,-0.6634,1.1538,1.53849,1.06291,-0.51293,-0.25315,0.83014,1.06425,-0.78471,1.35118,0,0,1,0,0,0,0,0,0,1,0,1,0,0,0,0
-0.31731,0.00462,-0.86517,-0.6634,-0.97511,-0.64958,1.06291,-0.51293,-0.24659,0.85904,1.06425,-0.78471,1.60967,0,0,1,0,0,0,0,0,0,1,0,0,0,1,0,0
-0.31731,0.00462,-1.08078,-0.6634,-1.188,-0.64958,1.06291,-0.15215,0.48435,1.90223,1.06425,1.27355,-1.51563,0,0,0,0,0,1,0,1,0,0,0,1,0,0,0,0
1.42139,0.99002,1.29101,-0.07923,1.26025,1.53849,1.06291,-0.78351,-0.38963,1.86028,-0.93904,-0.78471,-0.88901,0,1,0,0,0,0,1,0,0,0,0,0,0,0,1,0
-1.47644,-0.98079,-0.86517,-1.24758,-1.08155,-0.64958,1.06291,1.92233,2.55513,1.10935,1.06425,1.27355,-0.11356,1,0,0,0,0,0,0,1,0,0,0,1,0,0,0,0
-1.47644,0.00462,0.21292,0.50495,0.30224,-0.64958,-0.94022,-0.51293,-0.72032,-1.24413,-0.93904,-0.78471,1.76632,0,0,1,0,0,0,0,0,0,0,1,0,0,1,0,0
1.42139,-0.98079,-0.64955,-0.6634,-0.76222,-0.64958,-0.94022,0.6596,-0.33714,-1.37511,1.06425,-0.78471,-0.01173,0,0,0,1,0,0,0,0,0,0,1,0,0,0,0,1
1.42139,-0.48808,-1.2964,-0.07923,-1.29444,-0.64958,-0.94022,0.6596,-0.22166,-1.1798,1.06425,-0.78471,0.95171,0,0,0,1,0,0,0,0,0,0,1,1,0,0,0,0
0.26225,-0.48808,-0.0027,0.50495,0.08935,-0.64958,-0.94022,-0.78351,-0.49723,1.09583,-0.93904,-0.78471,-1.15532,0,1,0,0,0,0,0,0,1,0,0,0,0,0,0,1
-0.89688,-1.47349,0.64416,1.6733,0.94091,-0.64958,1.06291,0.6596,0.24551,-0.38972,1.06425,-0.78471,1.21802,0,0,0,1,0,0,0,0,0,0,1,0,0,1,0,0
0.84182,1.48273,-0.86517,1.6733,-0.54933,1.53849,1.06291,1.92233,3.08791,1.65006,1.06425,-0.78471,0.30158,1,0,0,0,0,0,0,0,0,1,0,0,1,0,0,0
-0.31731,-0.48808,1.07539,-0.07923,1.04736,-0.64958,1.06291,-0.15215,0.4043,1.66544,1.06425,1.27355,-1.49213,0,0,0,0,0,1,0,1,0,0,0,1,0,0,0,0
1.42139,1.48273,-1.2964,-1.24758,-1.50733,1.53849,-0.94022,-0.15215,-0.51561,-1.05768,-0.93904,-0.78471,-2.04827,0,0,0,0,0,1,0,0,0,1,0,0,0,0,1,0
-0.89688,-0.48808,1.07539,0.50495,1.1538,-0.64958,1.06291,-0.51293,-0.41456,0.11324,-0.93904,1.27355,0.94388,0,0,1,0,0,0,0,0,0,0,1,1,0,0,0,0
-0.89688,-1.47349,-1.51202,-0.07923,-1.50733,-0.64958,-0.94022,0.6596,1.03551,0.94667,1.06425,1.27355,0.10576,0,0,0,1,0,0,0,1,0,0,0,0,0,1,0,0
0.84182,0.49732,-1.08078,-0.6634,-1.188,-0.64958,1.06291,-1.05409,-0.83318,0.52716,-0.93904,-0.78471,0.28592,0,0,0,0,1,0,0,0,0,1,0,0,0,1,0,0
0.84182,0.49732,0.64416,1.6733,0.94091,-0.64958,1.06291,-0.78351,-0.4618,1.34754,-0.93904,1.27355,-0.79501,0,1,0,0,0,0,0,0,1,0,0,0,0,0,0,1
1.42139,0.00462,0.64416,-0.6634,0.51513,-0.64958,1.06291,0.6596,0.41874,-0.09652,1.06425,-0.78471,0.90471,0,0,0,1,0,0,0,0,0,1,0,0,0,0,0,1
0.26225,-0.48808,0.85978,1.6733,1.1538,-0.64958,-0.94022,0.6596,0.64707,0.28943,1.06425,1.27355,0.77939,0,0,0,1,0,0,0,1,0,0,0,0,0,1,0,0
1.42139,-1.47349,-1.08078,0.50495,-0.97511,-0.64958,1.06291,0.6596,0.42136,-0.09233,1.06425,1.27355,0.20759,0,0,0,1,0,0,0,0,0,0,1,1,0,0,0,0
-0.31731,-1.47349,0.64416,0.50495,0.72802,-0.64958,1.06291,-0.15215,0.23895,1.17601,1.06425,1.27355,-1.0535,0,0,0,0,0,1,0,0,0,1,0,0,1,0,0,0
1.42139,1.48273,0.85978,-0.6634,0.72802,1.53849,-0.94022,-0.51293,-0.48674,-0.20699,-0.93904,-0.78471,1.24936,0,0,1,0,0,0,1,0,0,0,0,1,0,0,0,0
1.42139,-1.47349,0.21292,0.50495,0.30224,-0.64958,-0.94022,-0.78351,-0.89354,-1.71958,-0.93904,-0.78471,-0.34854,0,1,0,0,0,0,1,0,0,0,0,0,1,0,0,0
1.42139,0.00462,0.42854,-0.07923,0.40868,-0.64958,1.06291,1.92233,1.89899,0.44325,1.06425,-0.78471,0.19192,1,0,0,0,0,0,1,0,0,0,0,0,0,0,1,0
0.26225,0.99002,-0.64955,-0.07923,-0.65577,1.53849,-0.94022,-1.05409,-0.8778,-0.26526,-0.93904,-0.78471,-0.38771,0,0,0,0,1,0,1,0,0,0,0,0,0,0,0,1
-0.89688,1.48273,0.21292,0.50495,0.30224,1.53849,-0.94022,1.92233,3.5787,2.14788,1.06425,-0.78471,0.38774,1,0,0,0,0,0,0,1,0,0,0,0,1,0,0,0
0.26225,-1.47349,1.29101,-0.07923,1.26025,-0.64958,1.06291,0.6596,0.90559,0.72713,1.06425,1.27355,1.07703,0,0,0,1,0,0,0,1,0,0,0,0,0,1,0,0
-0.89688,0.49732,0.42854,-1.24758,0.19579,-0.64958,1.06291,-0.51293,-0.24921,0.84785,1.06425,-0.78471,1.01437,0,0,1,0,0,0,0,0,0,1,0,0,0,0,0,1
-0.89688,-1.47349,0.64416,-0.07923,0.62158,-0.64958,1.06291,0.6596,0.93446,0.7756,1.06425,1.27355,0.59923,0,0,0,1,0,0,0,1,0,0,0,0,0,0,0,1
-0.89688,0.00462,1.07539,-0.6634,0.94091,-0.64958,1.06291,1.92233,2.32285,0.87349,1.06425,-0.78471,0.92038,1,0,0,0,0,0,0,0,0,1,0,0,0,0,1,0
-1.47644,0.99002,1.50663,1.6733,1.79248,1.53849,-0.94022,-1.05409,-0.91848,-0.98776,-0.93904,-0.78471,0.08226,0,0,0,0,1,0,0,0,0,1,0,0,0,1,0,0
-0.31731,-0.98079,1.07539,-1.24758,0.83447,-0.64958,1.06291,-1.05409,-0.81874,0.78353,-0.93904,-0.78471,-0.03523,0,0,0,0,1,0,0,0,0,0,1,0,0,1,0,0
-0.31731,-0.98079,0.64416,-1.24758,0.40868,-0.64958,1.06291,-1.05409,-0.82137,0.73691,-0.93904,-0.78471,0.24675,0,0,0,0,1,0,0,0,0,0,1,1,0,0,0,0
1.42139,0.00462,1.29101,-0.6634,1.1538,-0.64958,1.06291,-0.51293,-0.45393,-0.0611,-0.93904,-0.78471,1.62533,0,0,1,0,0,0,0,0,0,0,1,0,0,0,0,1
0.84182,0.49732,0.21292,1.6733,0.51513,-0.64958,-0.94022,-0.78351,-0.82006,-1.19752,-0.93904,-0.78471,-0.80285,0,1,0,0,0,0,1,0,0,0,0,0,0,0,1,0
0.84182,-0.98079,-1.2964,0.50495,-1.188,-0.64958,-0.94022,1.92233,2.96587,1.52607,1.06425,1.27355,0.39558,1,0,0,0,0,0,0,1,0,0,0,0,0,0,1,0
-0.31731,-0.98079,0.42854,0.50495,0.51513,-0.64958,1.06291,0.6596,1.66802,2.01644,1.06425,1.27355,0.81072,0,0,0,1,0,0,0,1,0,0,0,1,0,0,0,0
1.42139,0.99002,0.42854,0.50495,0.51513,1.53849,1.06291,-0.51293,-0.09043,1.55264,1.06425,1.27355,1.34335,0,0,1,0,0,0,0,0,0,0,1,0,0,0,0,1
0.26225,1.48273,-0.86517,-0.07923,-0.86866,1.53849,1.06291,-0.51293,-0.41062,0.13095,-0.93904,1.27355,1.71149,0,0,1,0,0,0,0,0,0,0,1,0,0,1,0,0
-0.31731,-0.98079,-0.0027,-1.24758,-0.22999,-0.64958,-0.94022,-0.15215,-0.17966,-0.06343,1.06425,1.27355,-0.89684,0,0,0,0,0,1,1,0,0,0,0,1,0,0,0,0
-0.31731,-0.48808,1.29101,-1.24758,1.04736,-0.64958,1.06291,0.6596,0.87935,0.68238,1.06425,1.27355,1.0692,0,0,0,1,0,0,0,0,0,0,1,0,0,0,0,1
-1.47644,0.49732,-1.08078,-0.07923,-1.08155,-0.64958,1.06291,0.6596,1.62472,1.94325,1.06425,-0.78471,0.77155,0,0,0,1,0,0,0,1,0,0,0,0,0,0,0,1
-1.47644,-0.98079,1.07539,0.50495,1.1538,-0.64958,1.06291,1.92233,2.86614,1.42492,1.06425,-0.78471,-0.05873,1,0,0,0,0,0,0,1,0,0,0,0,1,0,0,0
-0.31731,-1.47349,-1.2964,-0.07923,-1.29444,-0.64958,-0.94022,-0.51293,-0.71901,-1.23853,-0.93904,-0.78471,1.83682,0,0,1,0,0,0,1,0,0,0,0,0,0,0,0,1
-1.47644,1.48273,1.29101,0.50495,1.36669,1.53849,1.06291,-0.78351,-0.49067,1.14245,-0.93904,-0.78471,-0.59919,0,1,0,0,0,0,1,0,0,0,0,0,1,0,0,0
-1.47644,0.00462,-0.64955,1.6733,-0.33643,-0.64958,-0.94022,-1.05409,-0.9316,-1.22082,-0.93904,1.27355,-0.82634,0,0,0,0,1,0,0,0,0,1,0,0,0,0,0,1
0.84182,-0.98079,1.29101,-1.24758,1.04736,-0.64958,1.06291,-0.51293,-0.44474,-0.02054,-0.93904,-0.78471,1.08487,0,0,1,0,0,0,1,0,0,0,0,0,0,1,0,0
0.26225,1.48273,1.07539,0.50495,1.1538,1.53849,1.06291,-1.05409,-0.84236,0.36401,-0.93904,-0.78471,-0.54436,0,0,0,0,1,0,1,0,0,0,0,1,0,0,0,0
0.84182,0.99002,1.50663,-0.6634,1.36669,1.53849,-0.94022,0.6596,-0.20328,-1.14857,1.06425,-0.78471,0.98304,0,0,0,1,0,0,0,0,0,0,1,0,0,1,0,0
0.26225,-1.47349,-1.2964,-1.24758,-1.50733,-0.64958,-0.94022,1.92233,-0.26627,-1.75407,1.06425,1.27355,-0.0274,1,0,0,0,0,0,0,0,0,1,0,1,0,0,0,0
-1.47644,0.00462,0.64416,0.50495,0.72802,-0.64958,1.06291,1.92233,2.45014,1.00261,1.06425,-0.78471,0.57573,1,0,0,0,0,0,0,0,0,1,0,0,1,0,0,0
-0.89688,-0.98079,-1.51202,-1.24758,-1.72023,-0.64958,-0.94022,-0.15215,-0.68358,-1.55504,-0.93904,-0.78471,-2.0326,0,0,0,0,0,1,0,0,0,1,0,0,1,0,0,0
0.84182,-0.98079,-1.08078,0.50495,-0.97511,-0.64958,1.06291,-0.78351,-0.69145,-0.28391,-0.93904,-0.78471,-0.48953,0,1,0,0,0,0,1,0,0,0,0,0,0,0,0,1
-1.47644,0.99002,-0.0027,-0.6634,-0.12354,1.53849,-0.94022,-0.78351,-0.8778,-1.60771,-0.93904,-0.78471,-0.51303,0,1,0,0,0,0,1,0,0,0,0,0,0,0,0,1
0.26225,0.49732,0.85978,0.50495,0.94091,-0.64958,-0.94022,-0.51293,-0.60484,-0.73139,-0.93904,-0.78471,1.03004,0,0,1,0,0,0,0,0,0,0,1,0,0,0,0,1
0.84182,0.49732,-1.08078,-1.24758,-1.29444,-0.64958,1.06291,-0.78351,-0.62059,0.21951,-0.93904,-0.78471,-0.74802,0,1,0,0,0,0,0,0,1,0,0,0,1,0,0,0
0.84182,0.00462,-0.86517,-0.6634,-0.97511,-0.64958,1.06291,-0.78351,-0.66389,-0.08813,-0.93904,1.27355,-0.36421,0,1,0,0,0,0,0,0,1,0,0,0,1,0,0,0
0.26225,0.00462,-1.51202,1.6733,-1.188,-0.64958,-0.94022,-0.51293,-0.52742,-0.38739,-0.93904,-0.78471,0.99871,0,0,1,0,0,0,1,0,0,0,0,1,0,0,0,0
-1.47644,1.48273,-1.08078,1.6733,-0.76222,1.53849,1.06291,-0.15215,-0.02481,0.39524,1.06425,-0.78471,-1.24932,0,0,0,0,0,1,1,0,0,0,0,1,0,0,0,0
-0.31731,0.99002,-1.08078,0.50495,-0.97511,1.53849,1.06291,-0.51293,-0.32795,0.49826,1.06425,1.27355,1.16319,0,0,1,0,0,0,1,0,0,0,0,0,0,1,0,0
0.26225,-0.98079,-1.51202,0.50495,-1.40089,-0.64958,-0.94022,-0.15215,-0.73476,-1.70653,-0.93904,-0.78471,-1.99344,0,0,0,0,0,1,0,0,0,1,0,0,0,0,1,0
1.42139,0.49732,0.85978,-1.24758,0.62158,-0.64958,-0.94022,-0.15215,-0.35551,-0.58363,-0.93904,-0.78471,-2.0561,0,0,0,0,0,1,0,0,0,1,0,0,1,0,0,0
-0.31731,1.48273,-0.86517,-0.07923,-0.86866,1.53849,1.06291,1.92233,2.31104,0.86137,1.06425,-0.78471,0.05877,1,0,0,0,0,0,0,0,0,1,0,0,0,0,1,0
0.26225,1.48273,0.21292,1.6733,0.51513,1.53849,-0.94022,-1.05409,-0.9001,-0.66147,-0.93904,-0.78471,-0.08223,0,0,0,0,1,0,0,0,0,1,0,0,0,1,0,0
-0.89688,-0.48808,1.07539,-0.07923,1.04736,-0.64958,1.06291,1.92233,0.98564,-0.48387,1.06425,-0.78471,0.83422,1,0,0,0,0,0,0,0,0,1,0,0,1,0,0,0
-1.47644,-0.48808,-1.2964,-0.07923,-1.29444,-0.64958,-0.94022,1.92233,1.90161,0.44605,1.06425,1.27355,0.20759,1,0,0,0,0,0,0,1,0,0,0,0,1,0,0,0
-0.89688,1.48273,1.50663,-0.6634,1.36669,1.53849,-0.94022,-0.78351,-0.88436,-1.65432,-0.93904,-0.78471,-1.29631,0,1,0,0,0,0,1,0,0,0,0,0,1,0,0,0
0.26225,-0.98079,1.29101,1.6733,1.57958,-0.64958,1.06291,1.92233,0.99351,-0.47548,1.06425,-0.78471,0.37208,1,0,0,0,0,0,0,0,0,1,0,0,0,0,1,0
-0.89688,-0.98079,-0.64955,0.50495,-0.54933,-0.64958,-0.94022,-0.51293,-0.60878,-0.7491,-0.93904,-0.78471,1.87598,0,0,1,0,0,0,0,0,0,1,0,0,0,1,0,0
0.26225,0.00462,1.29101,-1.24758,1.04736,-0.64958,1.06291,-0.15215,-0.18229,-0.07088,1.06425,-0.78471,-2.0326,0,0,0,0,0,1,1,0,0,0,0,1,0,0,0,0
-0.31731,-1.47349,-0.86517,1.6733,-0.54933,-0.64958,1.06291,0.6596,1.26647,1.33729,1.06425,-0.78471,1.17103,0,0,0,1,0,0,0,1,0,0,0,1,0,0,0,0
1.42139,-0.98079,1.29101,-1.24758,1.04736,-0.64958,1.06291,0.6596,0.54734,0.12116,1.06425,1.27355,0.99871,0,0,0,1,0,0,0,0,0,1,0,1,0,0,0,0
-1.47644,0.99002,0.42854,0.50495,0.51513,1.53849,1.06291,-0.15215,0.31244,1.39322,1.06425,-0.78471,-1.15532,0,0,0,0,0,1,1,0,0,0,0,1,0,0,0,0
-1.47644,-0.98079,-1.2964,-0.6634,-1.40089,-0.64958,-0.94022,1.92233,-0.11011,-1.59559,1.06425,-0.78471,-0.16839,1,0,0,0,0,0,0,0,0,1,0,0,0,0,1,0
-0.89688,1.48273,-0.0027,0.50495,0.08935,1.53849,-0.94022,-0.51293,-0.61665,-0.78359,-0.93904,-0.78471,1.50001,0,0,1,0,0,0,0,0,0,1,0,0,0,0,0,1
1.42139,-0.98079,-0.64955,-1.24758,-0.86866,-0.64958,-0.94022,-0.78351,-0.66521,-0.09745,-0.93904,-0.78471,-1.30415,0,1,0,0,0,0,0,0,1,0,0,0,0,0,0,1
-0.31731,0.99002,-1.2964,0.50495,-1.188,1.53849,-0.94022,-0.78351,-0.80693,-1.10429,-0.93904,-0.78471,-1.31981,0,1,0,0,0,0,1,0,0,0,0,0,0,0,1,0
0.26225,0.99002,0.42854,-0.07923,0.40868,1.53849,1.06291,-1.05409,-0.82268,0.71361,-0.93904,-0.78471,-0.91251,0,0,0,0,1,0,0,0,0,1,0,1,0,0,0,0
1.42139,1.48273,1.50663,-0.07923,1.47314,1.53849,-0.94022,1.92233,-0.06156,-1.54665,1.06425,1.27355,-0.10572,1,0,0,0,0,0,0,0,0,1,0,1,0,0,0,0
-0.31731,-1.47349,-0.86517,1.6733,-0.54933,-0.64958,1.06291,-0.78351,-0.4933,1.1238,-0.93904,1.27355,-0.24671,0,1,0,0,0,0,0,0,1,0,0,0,1,0,0,0
-1.47644,0.99002,0.42854,-0.07923,0.40868,1.53849,1.06291,-0.78351,-0.58516,0.47122,-0.93904,1.27355,-0.87334,0,1,0,0,0,0,0,0,1,0,0,0,1,0,0,0
0.26225,0.99002,1.07539,-0.07923,1.04736,1.53849,1.06291,1.92233,2.10239,0.64975,1.06425,1.27355,-0.19188,1,0,0,0,0,0,1,0,0,0,0,0,1,0,0,0
0.26225,-0.98079,0.21292,-1.24758,-0.0171,-0.64958,-0.94022,-0.51293,-0.61534,-0.778,-0.93904,-0.78471,1.69583,0,0,1,0,0,0,0,0,0,1,0,0,0,0,0,1
-1.47644,-0.98079,-1.08078,1.6733,-0.76222,-0.64958,1.06291,-0.51293,-0.45918,-0.0844,-0.93904,-0.78471,1.91515,0,0,1,0,0,0,0,0,0,0,1,0,0,1,0,0
0.26225,0.00462,-1.2964,-0.6634,-1.40089,-0.64958,-0.94022,1.92233,-0.17835,-1.66504,1.06425,-0.78471,0.70106,1,0,0,0,0,0,0,0,0,1,0,0,1,0,0,0
-1.47644,1.48273,-1.51202,-0.07923,-1.50733,1.53849,-0.94022,0.6596,1.45281,1.65239,1.06425,1.27355,0.12926,0,0,0,1,0,0,0,1,0,0,0,1,0,0,0,0
-0.31731,-0.98079,-0.0027,1.6733,0.30224,-0.64958,-0.94022,1.92233,2.99605,1.55683,1.06425,1.27355,0.76372,1,0,0,0,0,0,0,1,0,0,0,1,0,0,0,0
0.84182,-1.47349,-1.08078,-0.6634,-1.188,-0.64958,1.06291,-1.05409,-0.84236,0.36401,-0.93904,-0.78471,0.13709,0,0,0,0,1,0,0,0,0,0,1,1,0,0,0,0
0.84182,-1.47349,-0.64955,-1.24758,-0.86866,-0.64958,-0.94022,-0.78351,-0.7925,-1.00174,-0.93904,-0.78471,-0.39554,0,1,0,0,0,0,1,0,0,0,0,0,0,0,0,1
1.42139,-0.48808,0.85978,1.6733,1.1538,-0.64958,-0.94022,1.92233,3.60626,2.17585,1.06425,1.27355,0.02743,1,0,0,0,0,0,0,1,0,0,0,1,0,0,0,0
-0.89688,1.48273,-1.2964,-0.07923,-1.29444,1.53849,-0.94022,-0.15215,0.40168,1.65752,1.06425,1.27355,-1.64096,0,0,0,0,0,1,0,1,0,0,0,1,0,0,0,0
-0.89688,0.00462,0.42854,-1.24758,0.19579,-0.64958,1.06291,-0.78351,-0.53004,0.86277,-0.93904,1.27355,-0.24671,0,1,0,0,0,0,0,0,1,0,0,0,1,0,0,0
-0.89688,-0.48808,-1.51202,1.6733,-1.188,-0.64958,-0.94022,-0.15215,0.14841,0.90798,1.06425,1.27355,-1.61746,0,0,0,0,0,1,0,1,0,0,0,0,0,0,1,0
-0.31731,-0.98079,0.21292,-1.24758,-0.0171,-0.64958,-0.94022,0.6596,-0.48542,-1.62589,-0.93904,-0.78471,0.44257,0,0,0,1,0,0,0,0,0,0,1,0,0,1,0,0
1.42139,-1.47349,-1.08078,0.50495,-0.97511,-0.64958,1.06291,1.92233,1.13786,-0.32912,1.06425,-0.78471,0.5914,1,0,0,0,0,0,0,0,0,1,0,0,1,0,0,0
1.42139,-0.98079,-0.0027,0.50495,0.08935,-0.64958,-0.94022,-0.51293,-0.761,-1.42499,-0.93904,-0.78471,1.64883,0,0,1,0,0,0,1,0,0,0,0,1,0,0,0,0
0.26225,-1.47349,1.07539,-0.07923,1.04736,-0.64958,1.06291,-0.15215,-0.28989,-0.38972,1.06425,-0.78471,-0.88117,0,0,0,0,0,1,1,0,0,0,0,1,0,0,0,0
0.84182,1.48273,-0.64955,-1.24758,-0.86866,1.53849,-0.94022,-0.15215,-0.29777,-0.41302,1.06425,-0.78471,-1.17099,0,0,0,0,0,1,1,0,0,0,0,0,0,0,1,0
0.84182,-0.98079,-1.08078,-0.6634,-1.188,-0.64958,1.06291,1.92233,0.94758,-0.5221,1.06425,-0.78471,0.38774,1,0,0,0,0,0,0,0,0,1,0,1,0,0,0,0
-0.89688,-0.48808,0.64416,-0.6634,0.51513,-0.64958,1.06291,-0.51293,-0.32401,0.5155,1.06425,1.27355,1.07703,0,0,1,0,0,0,1,0,0,0,0,0,0,0,0,1
0.84182,-1.47349,-1.2964,1.6733,-0.97511,-0.64958,-0.94022,0.6596,-0.51692,-1.67903,-0.93904,1.27355,1.06137,0,0,0,1,0,0,0,0,0,0,1,0,0,0,0,1
0.26225,0.00462,0.42854,-1.24758,0.19579,-0.64958,1.06291,-0.78351,-0.56547,0.61106,-0.93904,-0.78471,-0.16055,0,1,0,0,0,0,1,0,0,0,0,0,0,0,1,0
1.42139,0.00462,-0.86517,-0.6634,-0.97511,-0.64958,1.06291,0.6596,1.00008,0.88654,1.06425,-0.78471,1.12403,0,0,0,1,0,0,0,0,0,1,0,0,0,0,0,1
1.42139,-1.47349,-1.2964,-0.07923,-1.29444,-0.64958,-0.94022,-1.05409,-0.92635,-1.1276,-0.93904,-0.78471,-0.82634,0,0,0,0,1,0,1,0,0,0,0,0,0,0,0,1
-0.89688,-0.98079,1.29101,-1.24758,1.04736,-0.64958,1.06291,0.6596,0.86491,0.65814,1.06425,-0.78471,1.03787,0,0,0,1,0,0,0,0,0,1,0,0,0,0,0,1
-0.89688,0.00462,0.64416,1.6733,0.94091,-0.64958,1.06291,-0.51293,-0.20328,1.05155,1.06425,1.27355,1.6645,0,0,1,0,0,0,1,0,0,0,0,1,0,0,0,0
-1.47644,-1.47349,0.21292,-1.24758,-0.0171,-0.64958,-0.94022,-0.15215,0.30588,1.37411,1.06425,1.27355,-1.30415,0,0,0,0,0,1,0,1,0,0,0,0,0,0,1,0
0.26225,1.48273,-1.2964,-1.24758,-1.50733,1.53849,-0.94022,0.6596,-0.14161,-1.04416,1.06425,-0.78471,0.64623,0,0,0,1,0,0,0,0,0,0,1,0,0,1,0,0
1.42139,-0.48808,0.42854,1.6733,0.72802,-0.64958,1.06291,1.92233,1.95279,0.49779,1.06425,1.27355,0.05877,1,0,0,0,0,0,0,1,0,0,0,1,0,0,0,0
1.42139,0.49732,0.85978,1.6733,1.1538,-0.64958,-0.94022,-0.51293,-0.74001,-1.33176,-0.93904,-0.78471,1.05354,0,0,1,0,0,0,0,0,0,1,0,0,0,0,0,1
-0.89688,1.48273,-0.0027,-0.6634,-0.12354,1.53849,-0.94022,0.6596,1.09193,1.04223,1.06425,1.27355,-0.01173,0,0,0,1,0,0,0,1,0,0,0,0,0,0,0,1
0.26225,0.99002,1.07539,1.6733,1.36669,1.53849,1.06291,-1.05409,-0.83449,0.50385,-0.93904,1.27355,0.14493,0,0,0,0,1,0,0,0,0,0,1,0,0,1,0,0
1.42139,1.48273,0.21292,-1.24758,-0.0171,1.53849,-0.94022,-0.15215,-0.36207,-0.6032,-0.93904,1.27355,-0.99083,0,0,0,0,0,1,0,0,0,1,0,0,0,0,1,0
0.84182,-1.47349,-0.86517,1.6733,-0.54933,-0.64958,1.06291,0.6596,0.83079,0.60034,1.06425,1.27355,0.39558,0,0,0,1,0,0,0,1,0,0,0,0,0,1,0,0
1.42139,0.99002,0.42854,0.50495,0.51513,1.53849,1.06291,0.6596,0.82292,0.58729,1.06425,-0.78471,0.48957,0,0,0,1,0,0,0,1,0,0,0,0,0,0,0,1
0.26225,-0.98079,-1.2964,-0.6634,-1.40089,-0.64958,-0.94022,1.92233,1.09193,-0.37573,1.06425,1.27355,-0.16055,1,0,0,0,0,0,1,0,0,0,0,0,0,0,1,0
0.84182,-0.98079,-0.86517,1.6733,-0.54933,-0.64958,1.06291,-1.05409,-0.8673,-0.07881,-0.93904,-0.78471,-0.16055,0,0,0,0,1,0,0,0,0,0,1,0,0,1,0,0
0.26225,0.99002,-0.0027,-0.07923,-0.0171,1.53849,-0.94022,-0.51293,-0.82137,-1.69301,-0.93904,-0.78471,1.50001,0,0,1,0,0,0,1,0,0,0,0,1,0,0,0,0
-1.47644,0.99002,-1.51202,-0.07923,-1.50733,1.53849,-0.94022,0.6596,-0.43556,-1.54152,-0.93904,-0.78471,0.33291,0,0,0,1,0,0,0,0,0,1,0,0,0,0,0,1
0.84182,-0.98079,-0.64955,-1.24758,-0.86866,-0.64958,-0.94022,0.6596,0.29276,-0.30954,1.06425,-0.78471,1.15536,0,0,0,1,0,0,0,0,0,0,1,0,0,0,0,1
1.42139,0.00462,-0.0027,0.50495,0.08935,-0.64958,-0.94022,-0.51293,-0.84761,-1.80908,-0.93904,-0.78471,1.19453,0,0,1,0,0,0,1,0,0,0,0,0,0,0,0,1
0.26225,0.99002,-1.51202,-0.07923,-1.50733,1.53849,-0.94022,-0.15215,0.48829,1.91389,1.06425,1.27355,-1.80545,0,0,0,0,0,1,0,1,0,0,0,1,0,0,0,0
-1.47644,0.00462,-1.2964,1.6733,-0.97511,-0.64958,-0.94022,1.92233,-0.06025,-1.54525,1.06425,-0.78471,0.46607,1,0,0,0,0,0,1,0,0,0,0,0,0,0,1,0
0.84182,-0.48808,-1.08078,-0.6634,-1.188,-0.64958,1.06291,-1.05409,-0.82924,0.59708,-0.93904,-0.78471,0.17626,0,0,0,0,1,0,0,0,0,0,1,0,0,0,0,1
-1.47644,-0.48808,-1.2964,-1.24758,-1.50733,-0.64958,-0.94022,-0.78351,-0.65733,-0.04152,-0.93904,1.27355,-0.94384,0,1,0,0,0,0,0,0,1,0,0,0,1,0,0,0
-1.47644,0.00462,0.21292,1.6733,0.51513,-0.64958,-0.94022,1.92233,1.95804,0.50338,1.06425,1.27355,-0.17622,1,0,0,0,0,0,0,1,0,0,0,0,1,0,0,0
-0.31731,0.99002,0.85978,-1.24758,0.62158,1.53849,-0.94022,1.92233,1.17854,-0.2881,1.06425,-0.78471,-0.23105,1,0,0,0,0,0,1,0,0,0,0,0,1,0,0,0
-0.89688,-1.47349,-1.2964,1.6733,-0.97511,-0.64958,-0.94022,-0.15215,-0.44212,-0.84,-0.93904,-0.78471,-2.06393,0,0,0,0,0,1,1,0,0,0,0,0,1,0,0,0
-0.89688,-0.98079,1.29101,-0.6634,1.1538,-0.64958,1.06291,-0.15215,0.15628,0.93129,1.06425,1.27355,-1.30415,0,0,0,0,0,1,0,1,0,0,0,1,0,0,0,0
-1.47644,1.48273,1.07539,-0.07923,1.04736,1.53849,1.06291,-0.78351,-0.52742,0.88141,-0.93904,1.27355,-0.63052,0,1,0,0,0,0,0,0,1,0,0,0,0,0,0,1
1.42139,-0.98079,-1.51202,-1.24758,-1.72023,-0.64958,-0.94022,1.92233,2.20606,0.75509,1.06425,1.27355,-0.09789,1,0,0,0,0,0,0,1,0,0,0,0,1,0,0,0
-1.47644,1.48273,1.50663,1.6733,1.79248,1.53849,-0.94022,-0.51293,-0.63634,-0.87123,-0.93904,-0.78471,1.20236,0,0,1,0,0,0,0,0,0,1,0,0,0,1,0,0
-0.31731,0.99002,-1.2964,1.6733,-0.97511,1.53849,-0.94022,-0.51293,-0.5576,-0.52163,-0.93904,-0.78471,0.99087,0,0,1,0,0,0,0,0,0,0,1,0,0,0,0,1
-1.47644,0.99002,0.21292,-0.6634,0.08935,1.53849,-0.94022,-0.51293,-0.50773,-0.30022,-0.93904,1.27355,1.641,0,0,1,0,0,0,0,0,0,1,0,1,0,0,0,0
0.26225,-0.48808,-1.2964,-0.07923,-1.29444,-0.64958,-0.94022,-0.51293,-0.71507,-1.22082,-0.93904,1.27355,1.75849,0,0,1,0,0,0,1,0,0,0,0,0,0,0,0,1
0.26225,-0.48808,-0.86517,-0.6634,-0.97511,-0.64958,1.06291,1.92233,0.87016,-0.60087,1.06425,-0.78471,0.5444,1,0,0,0,0,0,0,0,0,1,0,0,0,0,1,0
0.26225,0.49732,-1.08078,-0.07923,-1.08155,-0.64958,1.06291,-0.15215,0.12085,0.82641,1.06425,-0.78471,-2.1031,0,0,0,0,0,1,1,0,0,0,0,0,0,0,1,0
-1.47644,0.49732,1.29101,-1.24758,1.04736,-0.64958,1.06291,-0.51293,-0.22953,0.93502,1.06425,-0.78471,0.86555,0,0,1,0,0,0,0,0,0,0,1,0,0,0,0,1
-1.47644,1.48273,-1.2964,0.50495,-1.188,1.53849,-0.94022,-0.78351,-0.81481,-1.16023,-0.93904,-0.78471,-0.30154,0,1,0,0,0,0,1,0,0,0,0,0,0,0,0,1
1.42139,-1.47349,-1.51202,1.6733,-1.188,-0.64958,-0.94022,-0.51293,-0.72426,-1.26184,-0.93904,1.27355,1.91515,0,0,1,0,0,0,0,0,0,1,0,0,0,0,0,1
0.84182,0.99002,0.85978,1.6733,1.1538,1.53849,-0.94022,1.92233,0.44629,-1.03111,1.06425,-0.78471,0.20759,1,0,0,0,0,0,0,0,0,1,0,0,0,0,1,0
1.42139,0.49732,1.50663,0.50495,1.57958,-0.64958,-0.94022,-1.05409,-0.9106,-0.84792,-0.93904,-0.78471,-0.31721,0,0,0,0,1,0,0,0,0,1,0,1,0,0,0,0
0.84182,-1.47349,-1.51202,-0.07923,-1.50733,-0.64958,-0.94022,1.92233,0.11954,-1.36252,1.06425,-0.78471,0.48174,1,0,0,0,0,0,0,0,0,1,0,0,1,0,0,0
-0.31731,0.49732,-1.08078,-0.07923,-1.08155,-0.64958,1.06291,-0.78351,-0.57203,0.56445,-0.93904,1.27355,-0.24671,0,1,0,0,0,0,1,0,0,0,0,0,0,0,0,1
-1.47644,-0.48808,-1.08078,-0.07923,-1.08155,-0.64958,1.06291,-0.51293,-0.37388,0.29409,-0.93904,-0.78471,1.63316,0,0,1,0,0,0,1,0,0,0,0,1,0,0,0,0
0.84182,-0.98079,1.07539,1.6733,1.36669,-0.64958,1.06291,1.92233,1.73233,0.27405,1.06425,1.27355,0.23109,1,0,0,0,0,0,1,0,0,0,0,0,0,0,1,0
0.26225,-0.98079,1.50663,-1.24758,1.26025,-0.64958,-0.94022,1.92233,2.62205,1.17694,1.06425,1.27355,0.34075,1,0,0,0,0,0,0,1,0,0,0,0,1,0,0,0
-0.89688,-0.48808,-0.64955,-1.24758,-0.86866,-0.64958,-0.94022,-0.78351,-0.58122,0.49919,-0.93904,1.27355,-0.09789,0,1,0,0,0,0,0,0,1,0,0,0,0,0,0,1
0.84182,-1.47349,1.07539,0.50495,1.1538,-0.64958,1.06291,-0.51293,-0.42243,0.07874,-0.93904,-0.78471,1.40601,0,0,1,0,0,0,0,0,0,1,0,0,0,0,0,1
1.42139,-1.47349,1.07539,0.50495,1.1538,-0.64958,1.06291,0.6596,0.14447,-0.56032,1.06425,1.27355,0.33291,0,0,0,1,0,0,0,0,0,1,0,0,0,1,0,0
-0.31731,-0.98079,-1.08078,-0.6634,-1.188,-0.64958,1.06291,0.6596,0.85179,0.63577,1.06425,-0.78471,0.39558,0,0,0,1,0,0,0,0,0,1,0,0,0,0,0,1
-1.47644,0.99002,-1.08078,0.50495,-0.97511,1.53849,1.06291,-0.15215,0.14184,0.88841,1.06425,-0.78471,-1.82111,0,0,0,0,0,1,0,0,0,1,0,0,0,0,1,0
-0.89688,0.00462,0.64416,1.6733,0.94091,-0.64958,1.06291,-0.78351,-0.60222,0.35003,-0.93904,1.27355,-1.10833,0,1,0,0,0,0,0,0,1,0,0,0,1,0,0,0
-0.89688,0.00462,0.21292,-0.6634,0.08935,-0.64958,-0.94022,-1.05409,-0.8778,-0.26526,-0.93904,-0.78471,0.20759,0,0,0,0,1,0,0,0,0,1,0,0,0,1,0,0
1.42139,-0.48808,-1.2964,1.6733,-0.97511,-0.64958,-0.94022,-0.15215,-0.63634,-1.4152,-0.93904,-0.78471,-0.96733,0,0,0,0,0,1,0,0,0,1,0,1,0,0,0,0
-0.31731,-0.98079,0.21292,0.50495,0.30224,-0.64958,-0.94022,-0.15215,0.31113,1.38949,1.06425,1.27355,-1.92294,0,0,0,0,0,1,0,1,0,0,0,0,0,0,1,0
0.84182,0.00462,1.29101,1.6733,1.57958,-0.64958,1.06291,-1.05409,-0.89223,-0.52163,-0.93904,-0.78471,-0.56003,0,0,0,0,1,0,0,0,0,0,1,0,0,0,0,1
1.42139,0.99002,-0.0027,-0.07923,-0.0171,1.53849,-0.94022,1.92233,-0.05631,-1.54105,1.06425,-0.78471,0.88905,1,0,0,0,0,0,1,0,0,0,0,1,0,0,0,0
0.26225,1.48273,-0.64955,-1.24758,-0.86866,1.53849,-0.94022,-0.15215,0.09329,0.74484,1.06425,1.27355,-1.30415,0,0,0,0,0,1,0,1,0,0,0,0,0,0,1,0
0.84182,0.00462,1.29101,0.50495,1.36669,-0.64958,1.06291,-0.51293,-0.51167,-0.31747,-0.93904,-0.78471,1.62533,0,0,1,0,0,0,0,0,0,0,1,0,0,0,0,1
1.42139,-0.98079,0.64416,-0.07923,0.62158,-0.64958,1.06291,0.6596,1.27565,1.35267,1.06425,1.27355,0.57573,0,0,0,1,0,0,0,1,0,0,0,0,0,0,0,1
-1.47644,1.48273,0.21292,-0.6634,0.08935,1.53849,-0.94022,-0.78351,-0.42768,1.58993,-0.93904,1.27355,-1.33548,0,1,0,0,0,0,0,0,1,0,0,0,1,0,0,0
-0.31731,-1.47349,0.21292,1.6733,0.51513,-0.64958,-0.94022,-0.78351,-0.8673,-1.53313,-0.93904,-0.78471,-1.24932,0,1,0,0,0,0,1,0,0,0,0,0,1,0,0,0
-0.89688,-0.98079,-0.86517,1.6733,-0.54933,-0.64958,1.06291,-1.05409,-0.82793,0.62038,-0.93904,-0.78471,-0.29371,0,0,0,0,1,0,1,0,0,0,0,0,0,1,0,0
0.84182,-1.47349,0.85978,-0.07923,0.83447,-0.64958,-0.94022,-1.05409,-0.90273,-0.70808,-0.93904,-0.78471,-0.09789,0,0,0,0,1,0,0,0,0,1,0,1,0,0,0,0
0.26225,-0.98079,0.42854,-1.24758,0.19579,-0.64958,1.06291,-0.78351,-0.6009,0.35935,-0.93904,1.27355,-0.37987,0,1,0,0,0,0,0,0,1,0,0,0,1,0,0,0
-0.31731,-0.98079,1.29101,-0.6634,1.1538,-0.64958,1.06291,0.6596,0.37018,-0.17856,1.06425,-0.78471,0.19976,0,0,0,1,0,0,0,0,0,1,0,0,0,0,0,1
-0.31731,-0.48808,-1.08078,0.50495,-0.97511,-0.64958,1.06291,-0.78351,-0.71376,-0.44239,-0.93904,-0.78471,-0.16839,0,1,0,0,0,0,1,0,0,0,0,0,0,0,0,1
1.42139,-0.48808,1.50663,-0.6634,1.36669,-0.64958,-0.94022,1.92233,0.3085,-1.17095,1.06425,-0.78471,0.70889,1,0,0,0,0,0,0,0,0,1,0,0,1,0,0,0
1.42139,-0.48808,0.42854,-0.6634,0.30224,-0.64958,1.06291,-0.51293,-0.26496,0.77793,1.06425,-0.78471,1.41385,0,0,1,0,0,0,0,0,0,0,1,0,0,1,0,0
0.84182,0.99002,1.50663,-0.6634,1.36669,1.53849,-0.94022,0.6596,0.34394,-0.22331,1.06425,1.27355,0.65406,0,0,0,1,0,0,0,0,0,1,0,0,0,1,0,0
0.84182,-1.47349,-0.0027,-0.07923,-0.0171,-0.64958,-0.94022,-0.78351,-0.63109,0.14493,-0.93904,1.27355,-0.65402,0,1,0,0,0,0,0,0,1,0,0,0,1,0,0,0
0.84182,1.48273,-1.2964,-0.6634,-1.40089,1.53849,-0.94022,1.92233,0.80192,-0.67032,1.06425,-0.78471,0.81072,1,0,0,0,0,0,0,0,0,1,0,0,1,0,0,0
0.84182,-0.48808,0.85978,-0.07923,0.83447,-0.64958,-0.94022,0.6596,-0.37257,-1.43524,-0.93904,-0.78471,0.44257,0,0,0,1,0,0,0,0,0,0,1,0,0,1,0,0
-1.47644,-0.98079,0.64416,1.6733,0.94091,-0.64958,1.06291,0.6596,0.27701,-0.33611,1.06425,-0.78471,0.15276,0,0,0,1,0,0,0,0,0,1,0,1,0,0,0,0
-0.89688,0.49732,0.42854,-1.24758,0.19579,-0.64958,1.06291,-0.78351,-0.64683,0.03306,-0.93904,1.27355,-0.23105,0,1,0,0,0,0,0,0,1,0,0,0,1,0,0,0
0.84182,0.99002,-0.64955,-0.07923,-0.65577,1.53849,-0.94022,0.6596,0.96202,0.82222,1.06425,1.27355,0.13709,0,0,0,1,0,0,0,1,0,0,0,0,0,1,0,0
0.84182,0.99002,0.85978,-0.6634,0.72802,1.53849,-0.94022,-0.15215,0.4253,1.72744,1.06425,1.27355,-1.21799,0,0,0,0,0,1,0,1,0,0,0,0,1,0,0,0
0.84182,1.48273,1.50663,-1.24758,1.26025,1.53849,-0.94022,-0.78351,-0.70064,-0.34916,-0.93904,-0.78471,-0.69319,0,1,0,0,0,0,1,0,0,0,0,0,1,0,0,0
-0.31731,-1.47349,-0.86517,1.6733,-0.54933,-0.64958,1.06291,1.92233,1.42132,-0.04152,1.06425,-0.78471,0.45824,1,0,0,0,0,0,1,0,0,0,0,0,0,0,1,0
-0.89688,-0.98079,-0.64955,-0.6634,-0.76222,-0.64958,-0.94022,-0.78351,-0.71376,-0.44239,-0.93904,-0.78471,-1.31198,0,1,0,0,0,0,1,0,0,0,0,0,1,0,0,0
-0.31731,-1.47349,-0.0027,0.50495,0.08935,-0.64958,-0.94022,-0.15215,0.01324,0.50758,1.06425,1.27355,-1.56263,0,0,0,0,0,1,0,1,0,0,0,0,0,0,1,0
-0.31731,-1.47349,-0.0027,-1.24758,-0.22999,-0.64958,-0.94022,-1.05409,-0.88436,-0.38179,-0.93904,-0.78471,-0.22322,0,0,0,0,1,0,1,0,0,0,0,0,0,1,0,0
0.84182,1.48273,0.42854,0.50495,0.51513,1.53849,1.06291,-0.78351,-0.48674,1.17041,-0.93904,-0.78471,-0.39554,0,1,0,0,0,0,0,0,1,0,0,0,1,0,0,0
-1.47644,0.00462,1.29101,-0.07923,1.26025,-0.64958,1.06291,-0.51293,-0.44737,-0.0322,-0.93904,-0.78471,1.20236,0,0,1,0,0,0,1,0,0,0,0,0,0,0,0,1
0.84182,0.49732,-1.08078,-1.24758,-1.29444,-0.64958,1.06291,-0.51293,-0.54579,-0.46942,-0.93904,-0.78471,0.88905,0,0,1,0,0,0,0,0,0,1,0,1,0,0,0,0
-0.89688,-0.48808,-1.08078,0.50495,-0.97511,-0.64958,1.06291,-1.05409,-0.85942,0.06103,-0.93904,1.27355,-0.18405,0,0,0,0,1,0,0,0,0,0,1,0,0,0,0,1
-1.47644,1.48273,-0.0027,1.6733,0.30224,1.53849,-0.94022,0.6596,0.27701,-0.33611,1.06425,-0.78471,0.21542,0,0,0,1,0,0,0,0,0,1,0,0,0,1,0,0
1.42139,-1.47349,-1.08078,-0.07923,-1.08155,-0.64958,1.06291,-1.05409,-0.87255,-0.17203,-0.93904,-0.78471,-0.74802,0,0,0,0,1,0,0,0,0,1,0,0,0,0,0,1
0.26225,-1.47349,0.42854,-0.6634,0.30224,-0.64958,1.06291,-0.78351,-0.64027,0.07967,-0.93904,1.27355,-0.86551,0,1,0,0,0,0,0,0,1,0,0,0,1,0,0,0
-1.47644,-1.47349,-0.0027,-1.24758,-0.22999,-0.64958,-0.94022,-0.51293,-0.48542,-0.20093,-0.93904,-0.78471,1.1397,0,0,1,0,0,0,0,0,0,0,1,1,0,0,0,0
-0.89688,1.48273,1.29101,-1.24758,1.04736,1.53849,1.06291,-1.05409,-0.83711,0.45724,-0.93904,-0.78471,-0.28588,0,0,0,0,1,0,1,0,0,0,0,1,0,0,0,0
0.26225,-1.47349,-1.2964,-0.07923,-1.29444,-0.64958,-0.94022,1.92233,0.9922,-0.47688,1.06425,1.27355,0.71672,1,0,0,0,0,0,1,0,0,0,0,0,0,0,1,0
0.26225,0.49732,0.64416,-0.6634,0.51513,-0.64958,1.06291,-1.05409,-0.88042,-0.31187,-0.93904,-0.78471,-0.48953,0,0,0,0,1,0,0,0,0,0,1,0,0,1,0,0
-0.31731,0.00462,1.07539,-1.24758,0.83447,-0.64958,1.06291,0.6596,0.38987,-0.14547,1.06425,-0.78471,0.5444,0,0,0,1,0,0,0,0,0,0,1,0,0,1,0,0
0.84182,0.99002,0.64416,-0.6634,0.51513,1.53849,1.06291,1.92233,2.90682,1.46594,1.06425,1.27355,-0.12139,1,0,0,0,0,0,0,1,0,0,0,0,1,0,0,0
-1.47644,-0.98079,0.85978,0.50495,0.94091,-0.64958,-0.94022,-0.15215,-0.34763,-0.56032,1.06425,-0.78471,-1.03,0,0,0,0,0,1,0,0,0,1,0,0,1,0,0,0
-0.31731,-1.47349,-1.08078,0.50495,-0.97511,-0.64958,1.06291,1.92233,2.43308,0.98536,1.06425,-0.78471,0.32508,1,0,0,0,0,0,0,1,0,0,0,0,0,0,1,0
1.42139,0.00462,0.85978,-1.24758,0.62158,-0.64958,-0.94022,-0.51293,-0.60484,-0.73139,-0.93904,1.27355,1.73499,0,0,1,0,0,0,0,0,0,1,0,0,0,1,0,0
-0.89688,-1.47349,0.21292,-0.6634,0.08935,-0.64958,-0.94022,-0.51293,-0.77019,-1.46554,-0.93904,-0.78471,0.89688,0,0,1,0,0,0,0,0,0,1,0,0,0,0,0,1
0.26225,0.00462,-0.86517,0.50495,-0.76222,-0.64958,1.06291,0.6596,1.42,1.59692,1.06425,1.27355,0.31725,0,0,0,1,0,0,0,1,0,0,0,0,0,0,0,1
1.42139,-1.47349,0.85978,-0.07923,0.83447,-0.64958,-0.94022,0.6596,0.319,-0.26526,1.06425,-0.78471,0.74805,0,0,0,1,0,0,0,0,0,1,0,1,0,0,0,0
-0.31731,0.00462,0.64416,-0.6634,0.51513,-0.64958,1.06291,1.92233,1.82025,0.36355,1.06425,-0.78471,0.39558,1,0,0,0,0,0,1,0,0,0,0,0,1,0,0,0
0.84182,1.48273,-0.64955,-0.6634,-0.76222,1.53849,-0.94022,-0.15215,-0.54973,-1.15883,-0.93904,-0.78471,-1.06133,0,0,0,0,0,1,1,0,0,0,0,0,1,0,0,0
1.42139,0.00462,-1.51202,1.6733,-1.188,-0.64958,-0.94022,-0.15215,0.18515,1.01659,1.06425,-0.78471,-1.44514,0,0,0,0,0,1,0,1,0,0,0,1,0,0,0,0
1.42139,0.49732,1.07539,-0.07923,1.04736,-0.64958,1.06291,1.92233,2.17063,0.71874,1.06425,1.27355,0.65406,1,0,0,0,0,0,0,1,0,0,0,0,1,0,0,0
0.26225,-1.47349,0.64416,-0.6634,0.51513,-0.64958,1.06291,1.92233,1.88455,0.4288,1.06425,1.27355,-0.19188,1,0,0,0,0,0,0,0,0,1,0,0,0,0,1,0
0.26225,-0.98079,0.64416,0.50495,0.72802,-0.64958,1.06291,-0.78351,-0.62321,0.20087,-0.93904,-0.78471,-1.17099,0,1,0,0,0,0,1,0,0,0,0,0,1,0,0,0
1.42139,-1.47349,-1.2964,-1.24758,-1.50733,-0.64958,-0.94022,0.6596,1.16411,1.16435,1.06425,1.27355,0.57573,0,0,0,1,0,0,0,1,0,0,0,0,0,1,0,0
-0.31731,-0.98079,0.85978,-1.24758,0.62158,-0.64958,-0.94022,-1.05409,-0.96047,-1.73356,-0.93904,-0.78471,-0.60702,0,0,0,0,1,0,0,0,0,0,1,0,0,1,0,0
-0.31731,0.99002,1.50663,1.6733,1.79248,1.53849,-0.94022,-0.78351,-0.62715,0.1729,-0.93904,1.27355,-0.88117,0,1,0,0,0,0,0,0,1,0,0,0,0,0,0,1
-0.31731,1.48273,1.07539,-0.07923,1.04736,1.53849,1.06291,-0.78351,-0.48936,1.15177,-0.93904,-0.78471,-0.99867,0,1,0,0,0,0,1,0,0,0,0,0,1,0,0,0
-0.31731,0.49732,-1.2964,0.50495,-1.188,-0.64958,-0.94022,-1.05409,-0.93422,-1.26743,-0.93904,-0.78471,-0.936,0,0,0,0,1,0,0,0,0,1,0,1,0,0,0,0
-0.89688,0.99002,-1.51202,0.50495,-1.40089,1.53849,-0.94022,-0.78351,-0.78594,-0.95513,-0.93904,-0.78471,-1.28848,0,1,0,0,0,0,1,0,0,0,0,0,0,0,1,0
-1.47644,0.49732,1.50663,0.50495,1.57958,-0.64958,-0.94022,-1.05409,-0.88304,-0.35849,-0.93904,-0.78471,-0.92034,0,0,0,0,1,0,0,0,0,1,0,1,0,0,0,0
0.26225,1.48273,0.21292,-0.6634,0.08935,1.53849,-0.94022,-1.05409,-0.93422,-1.26743,-0.93904,-0.78471,-0.81068,0,0,0,0,1,0,0,0,0,1,0,1,0,0,0,0
0.84182,-1.47349,1.50663,-0.07923,1.47314,-0.64958,-0.94022,-0.15215,-0.63371,-1.40727,-0.93904,1.27355,-2.0326,0,0,0,0,0,1,0,0,0,1,0,0,0,0,1,0
-0.89688,0.00462,0.42854,0.50495,0.51513,-0.64958,1.06291,0.6596,1.00664,0.89773,1.06425,-0.78471,0.93604,0,0,0,1,0,0,0,0,0,1,0,0,0,0,0,1
1.42139,0.99002,-0.0027,-0.6634,-0.12354,1.53849,-0.94022,-0.78351,-0.60747,0.31274,-0.93904,1.27355,-1.15532,0,1,0,0,0,0,0,0,1,0,0,0,1,0,0,0
-0.89688,0.99002,0.85978,-1.24758,0.62158,1.53849,-0.94022,-0.78351,-0.63371,0.12629,-0.93904,1.27355,-0.94384,0,1,0,0,0,0,0,0,1,0,0,0,0,0,1,0
0.84182,0.99002,0.21292,-0.6634,0.08935,1.53849,-0.94022,-0.15215,-0.64027,-1.42685,-0.93904,1.27355,-1.80545,0,0,0,0,0,1,1,0,0,0,0,1,0,0,0,0
1.42139,0.00462,1.29101,-1.24758,1.04736,-0.64958,1.06291,-0.15215,0.02505,0.54254,1.06425,-0.78471,-1.83678,0,0,0,0,0,1,1,0,0,0,0,1,0,0,0,0
1.42139,-0.48808,-0.86517,-0.07923,-0.86866,-0.64958,1.06291,-0.51293,-0.3437,0.42834,1.06425,-0.78471,1.03787,0,0,1,0,0,0,1,0,0,0,0,0,0,0,0,1
0.84182,0.99002,-1.08078,-0.07923,-1.08155,1.53849,1.06291,1.92233,2.6168,1.17181,1.06425,-0.78471,0.77939,1,0,0,0,0,0,1,0,0,0,0,1,0,0,0,0
0.26225,-1.47349,1.50663,-0.6634,1.36669,-0.64958,-0.94022,0.6596,1.57092,1.85236,1.06425,1.27355,-0.01173,0,0,0,1,0,0,0,1,0,0,0,0,0,1,0,0
0.26225,-1.47349,-1.2964,1.6733,-0.97511,-0.64958,-0.94022,-1.05409,-0.95128,-1.57042,-0.93904,1.27355,0.0901,0,0,0,0,1,0,0,0,0,1,0,1,0,0,0,0
-0.31731,-1.47349,1.50663,0.50495,1.57958,-0.64958,-0.94022,-0.15215,-0.75313,-1.7606,-0.93904,-0.78471,-1.19449,0,0,0,0,0,1,1,0,0,0,0,0,1,0,0,0
-0.89688,0.00462,-0.0027,0.50495,0.08935,-0.64958,-0.94022,-0.78351,-0.72688,-0.53561,-0.93904,-0.78471,-0.55219,0,1,0,0,0,0,1,0,0,0,0,0,0,0,1,0
-0.31731,-0.98079,-1.08078,-0.07923,-1.08155,-0.64958,1.06291,-0.15215,-0.25578,-0.28857,1.06425,-0.78471,-1.54696,0,0,0,0,0,1,0,0,0,1,0,1,0,0,0,0
0.84182,1.48273,0.64416,0.50495,0.72802,1.53849,1.06291,0.6596,1.12343,1.09537,1.06425,-0.78471,0.33291,0,0,0,1,0,0,0,0,0,0,1,0,0,0,0,1
-0.31731,0.99002,1.07539,1.6733,1.36669,1.53849,1.06291,0.6596,0.72056,0.41389,1.06425,1.27355,0.38774,0,0,0,1,0,0,0,1,0,0,0,0,0,1,0,0
-1.47644,-0.98079,1.29101,-0.07923,1.26025,-0.64958,1.06291,-1.05409,-0.86467,-0.0322,-0.93904,-0.78471,-0.09006,0,0,0,0,1,0,0,0,0,1,0,0,0,1,0,0
-0.89688,0.49732,1.50663,1.6733,1.79248,-0.64958,-0.94022,-0.78351,-0.84368,-1.36532,-0.93904,-0.78471,-0.41904,0,1,0,0,0,0,1,0,0,0,0,0,0,0,1,0
-0.89688,-0.98079,-0.64955,-0.6634,-0.76222,-0.64958,-0.94022,-1.05409,-0.89354,-0.54494,-0.93904,-0.78471,-0.44254,0,0,0,0,1,0,1,0,0,0,0,0,0,1,0,0
1.42139,-0.98079,0.64416,-1.24758,0.40868,-0.64958,1.06291,0.6596,0.84129,0.61805,1.06425,-0.78471,0.21542,0,0,0,1,0,0,0,0,0,1,0,0,0,1,0,0
-0.89688,-1.47349,1.29101,-0.6634,1.1538,-0.64958,1.06291,-0.51293,-0.18229,1.14478,1.06425,-0.78471,1.49217,0,0,1,0,0,0,0,0,0,0,1,0,0,0,0,1
-0.89688,-0.48808,-0.86517,-0.07923,-0.86866,-0.64958,1.06291,1.92233,1.84125,0.38452,1.06425,-0.78471,0.16059,1,0,0,0,0,0,1,0,0,0,0,1,0,0,0,0
-1.47644,-1.47349,-1.51202,1.6733,-1.188,-0.64958,-0.94022,-1.05409,-0.96047,-1.73356,-0.93904,-0.78471,0.22326,0,0,0,0,1,0,0,0,0,0,1,0,0,0,0,1
0.84182,1.48273,1.07539,-0.6634,0.94091,1.53849,1.06291,-0.51293,-0.29121,0.6614,1.06425,-0.78471,1.17886,0,0,1,0,0,0,1,0,0,0,0,0,0,0,0,1
1.42139,0.99002,0.21292,1.6733,0.51513,1.53849,-0.94022,0.6596,-0.09568,-0.96678,1.06425,-0.78471,0.37991,0,0,0,1,0,0,0,0,0,0,1,0,0,0,0,1
-0.31731,1.48273,1.50663,-0.6634,1.36669,1.53849,-0.94022,-0.78351,-0.70457,-0.37713,-0.93904,-0.78471,-0.84984,0,1,0,0,0,0,1,0,0,0,0,0,0,0,0,1
-0.31731,0.00462,0.85978,0.50495,0.94091,-0.64958,-0.94022,-0.78351,-0.7177,-0.47036,-0.93904,1.27355,-1.08483,0,1,0,0,0,0,1,0,0,0,0,0,1,0,0,0
0.84182,-1.47349,-1.2964,1.6733,-0.97511,-0.64958,-0.94022,1.92233,-0.04581,-1.53033,1.06425,-0.78471,0.77939,1,0,0,0,0,0,1,0,0,0,0,0,0,0,1,0
-0.31731,0.49732,-0.64955,-1.24758,-0.86866,-0.64958,-0.94022,-0.78351,-0.6862,-0.24661,-0.93904,1.27355,-0.88117,0,1,0,0,0,0,0,0,1,0,0,0,0,0,1,0
0.84182,-1.47349,0.21292,1.6733,0.51513,-0.64958,-0.94022,-0.78351,-0.4723,1.27296,-0.93904,1.27355,-0.27805,0,1,0,0,0,0,0,0,1,0,0,0,0,0,1,0
-0.89688,1.48273,1.07539,1.6733,1.36669,1.53849,1.06291,-1.05409,-0.83318,0.52716,-0.93904,-0.78471,0.09793,0,0,0,0,1,0,0,0,0,0,1,0,0,1,0,0
-1.47644,-0.48808,-1.2964,0.50495,-1.188,-0.64958,-0.94022,-0.51293,-0.66521,-0.99941,-0.93904,-0.78471,1.25719,0,0,1,0,0,0,0,0,0,1,0,0,0,0,0,1
-0.89688,0.99002,-0.86517,-1.24758,-1.08155,1.53849,1.06291,1.92233,2.55381,1.10795,1.06425,-0.78471,0.30942,1,0,0,0,0,0,1,0,0,0,0,1,0,0,0,0
0.84182,0.99002,0.42854,-0.6634,0.30224,1.53849,1.06291,-0.78351,-0.49592,1.10516,-0.93904,-0.78471,-0.26238,0,1,0,0,0,0,1,0,0,0,0,0,0,0,0,1
-0.89688,0.00462,-1.2964,-0.6634,-1.40089,-0.64958,-0.94022,1.92233,1.02107,-0.44752,1.06425,-0.78471,0.71672,1,0,0,0,0,0,0,0,0,1,0,0,1,0,0,0
0.84182,0.99002,-0.0027,-1.24758,-0.22999,1.53849,-0.94022,0.6596,-0.39619,-1.47486,-0.93904,-0.78471,0.42691,0,0,0,1,0,0,0,0,0,0,1,0,0,1,0,0
0.26225,-0.98079,1.50663,1.6733,1.79248,-0.64958,-0.94022,1.92233,1.00664,-0.46243,1.06425,1.27355,-0.16055,1,0,0,0,0,0,0,0,0,1,0,1,0,0,0,0
0.26225,0.99002,0.85978,-0.07923,0.83447,1.53849,-0.94022,-0.78351,-0.8778,-1.60771,-0.93904,-0.78471,-0.30154,0,1,0,0,0,0,1,0,0,0,0,0,0,0,0,1
-0.31731,0.49732,-1.51202,0.50495,-1.40089,-0.64958,-0.94022,0.6596,0.35181,-0.20979,1.06425,-0.78471,0.86555,0,0,0,1,0,0,0,0,0,0,1,0,0,0,0,1
0.26225,0.99002,1.50663,-0.6634,1.36669,1.53849,-0.94022,1.92233,2.44752,0.99981,1.06425,1.27355,0.45824,1,0,0,0,0,0,0,1,0,0,0,0,0,0,1,0
0.84182,0.99002,0.64416,0.50495,0.72802,1.53849,1.06291,-1.05409,-0.79906,1.13312,-0.93904,1.27355,0.12926,0,0,0,0,1,0,0,0,0,1,0,0,0,1,0,0
-0.89688,1.48273,-1.51202,1.6733,-1.188,1.53849,-0.94022,0.6596,0.08542,-0.66054,1.06425,-0.78471,1.16319,0,0,0,1,0,0,0,0,0,0,1,0,0,0,0,1
-0.31731,-0.48808,0.64416,-0.07923,0.62158,-0.64958,1.06291,-1.05409,-0.85417,0.15426,-0.93904,-0.78471,-0.4582,0,0,0,0,1,0,0,0,0,1,0,0,0,0,0,1
-0.31731,-0.98079,0.21292,0.50495,0.30224,-0.64958,-0.94022,1.92233,0.20615,-1.27489,1.06425,-0.78471,0.12926,1,0,0,0,0,0,0,0,0,1,0,1,0,0,0,0
0.84182,1.48273,-1.2964,-0.07923,-1.29444,1.53849,-0.94022,1.92233,0.82029,-0.65168,1.06425,-0.78471,0.92038,1,0,0,0,0,0,1,0,0,0,0,1,0,0,0,0
-1.47644,-0.48808,-0.86517,1.6733,-0.54933,-0.64958,1.06291,1.92233,0.90559,-0.56498,1.06425,-0.78471,0.44257,1,0,0,0,0,0,0,0,0,1,0,0,1,0,0,0
-1.47644,0.49732,-0.86517,-1.24758,-1.08155,-0.64958,1.06291,-0.15215,0.42792,1.73536,1.06425,1.27355,-1.65662,0,0,0,0,0,1,0,1,0,0,0,0,1,0,0,0
1.42139,-0.48808,-0.0027,-1.24758,-0.22999,-0.64958,-0.94022,-1.05409,-0.93816,-1.33735,-0.93904,-0.78471,-0.18405,0,0,0,0,1,0,1,0,0,0,0,0,0,1,0,0
-1.47644,0.49732,-1.08078,-0.6634,-1.188,-0.64958,1.06291,-0.78351,-0.56679,0.60174,-0.93904,-0.78471,-0.19188,0,1,0,0,0,0,1,0,0,0,0,0,1,0,0,0
0.26225,0.49732,1.29101,-1.24758,1.04736,-0.64958,1.06291,-0.51293,-0.54054,-0.44612,-0.93904,-0.78471,0.80288,0,0,1,0,0,0,0,0,0,0,1,0,0,0,0,1
1.42139,0.49732,-1.2964,1.6733,-0.97511,-0.64958,-0.94022,-0.51293,-0.84105,-1.78018,-0.93904,-0.78471,1.38251,0,0,1,0,0,0,1,0,0,0,0,1,0,0,0,0
1.42139,-1.47349,-0.64955,-1.24758,-0.86866,-0.64958,-0.94022,1.92233,2.10108,0.64835,1.06425,1.27355,-0.07439,1,0,0,0,0,0,0,1,0,0,0,0,0,0,1,0
-0.89688,0.49732,0.85978,-0.07923,0.83447,-0.64958,-0.94022,-0.78351,-0.70589,-0.38645,-0.93904,1.27355,-0.936,0,1,0,0,0,0,1,0,0,0,0,0,1,0,0,0
-1.47644,-0.48808,-0.86517,1.6733,-0.54933,-0.64958,1.06291,1.92233,2.53938,1.09304,1.06425,1.27355,-0.21538,1,0,0,0,0,0,0,1,0,0,0,0,0,0,1,0
0.84182,-1.47349,-1.2964,0.50495,-1.188,-0.64958,-0.94022,1.92233,2.92519,1.48458,1.06425,1.27355,0.38774,1,0,0,0,0,0,0,1,0,0,0,0,0,0,1,0
-0.89688,-1.47349,0.64416,-0.07923,0.62158,-0.64958,1.06291,0.6596,0.96989,0.83573,1.06425,-0.78471,0.30942,0,0,0,1,0,0,0,0,0,0,1,1,0,0,0,0
-0.31731,-1.47349,0.21292,-0.6634,0.08935,-0.64958,-0.94022,-0.15215,-0.49592,-0.99941,-0.93904,1.27355,-1.85244,0,0,0,0,0,1,1,0,0,0,0,1,0,0,0,0
-0.89688,0.00462,0.21292,-0.07923,0.19579,-0.64958,-0.94022,-1.05409,-0.89879,-0.63816,-0.93904,-0.78471,-0.21538,0,0,0,0,1,0,0,0,0,0,1,0,0,0,0,1
-0.31731,0.99002,-1.2964,-0.6634,-1.40089,1.53849,-0.94022,-0.15215,-0.43949,-0.83254,-0.93904,1.27355,-1.35114,0,0,0,0,0,1,1,0,0,0,0,0,0,0,1,0
0.26225,0.00462,1.29101,-0.07923,1.26025,-0.64958,1.06291,-0.78351,-0.51036,1.00261,-0.93904,-0.78471,-0.36421,0,1,0,0,0,0,0,0,1,0,0,0,1,0,0,0
-0.89688,-0.98079,1.50663,1.6733,1.79248,-0.64958,-0.94022,-0.78351,-0.70589,-0.38645,-0.93904,1.27355,-0.77935,0,1,0,0,0,0,1,0,0,0,0,0,1,0,0,0
-0.89688,0.49732,0.64416,0.50495,0.72802,-0.64958,1.06291,-1.05409,-0.87123,-0.14873,-0.93904,-0.78471,-0.20755,0,0,0,0,1,0,0,0,0,0,1,0,0,0,0,1
1.42139,-0.98079,1.29101,-0.6634,1.1538,-0.64958,1.06291,-1.05409,-0.7925,1.24966,-0.93904,-0.78471,-0.44254,0,0,0,0,1,0,0,0,0,0,1,1,0,0,0,0
-0.89688,-0.98079,0.64416,-0.07923,0.62158,-0.64958,1.06291,-0.78351,-0.6324,0.13561,-0.93904,-0.78471,-0.31721,0,1,0,0,0,0,1,0,0,0,0,0,0,0,0,1
0.26225,0.00462,-1.08078,-1.24758,-1.29444,-0.64958,1.06291,-0.78351,-0.63109,0.14493,-0.93904,-0.78471,-1.24932,0,1,0,0,0,0,1,0,0,0,0,0,0,0,1,0
0.84182,0.00462,1.29101,-0.07923,1.26025,-0.64958,1.06291,0.6596,0.2862,-0.32073,1.06425,-0.78471,0.60706,0,0,0,1,0,0,0,0,0,0,1,1,0,0,0,0
-0.89688,-0.98079,0.21292,-0.6634,0.08935,-0.64958,-0.94022,0.6596,-0.25446,-1.23527,1.06425,-0.78471,0.70106,0,0,0,1,0,0,0,0,0,1,0,0,0,0,0,1
0.26225,-1.47349,-1.2964,-0.07923,-1.29444,-0.64958,-0.94022,-0.78351,-0.72426,-0.51697,-0.93904,-0.78471,-0.60702,0,1,0,0,0,0,1,0,0,0,0,0,0,0,1,0
0.26225,1.48273,0.64416,-1.24758,0.40868,1.53849,1.06291,-0.51293,-0.29121,0.6614,1.06425,1.27355,1.641,0,0,1,0,0,0,1,0,0,0,0,1,0,0,0,0
1.42139,-1.47349,1.50663,1.6733,1.79248,-0.64958,-0.94022,0.6596,1.04076,0.95553,1.06425,1.27355,0.84988,0,0,0,1,0,0,0,1,0,0,0,0,0,1,0,0
0.26225,-1.47349,0.21292,-1.24758,-0.0171,-0.64958,-0.94022,1.92233,0.23633,-1.24413,1.06425,-0.78471,0.29375,1,0,0,0,0,0,1,0,0,0,0,0,0,0,1,0
-0.31731,-1.47349,0.42854,0.50495,0.51513,-0.64958,1.06291,-0.15215,-0.01169,0.43393,1.06425,1.27355,-1.09266,0,0,0,0,0,1,0,1,0,0,0,1,0,0,0,0
-0.31731,-1.47349,-1.08078,0.50495,-0.97511,-0.64958,1.06291,-1.05409,-0.81612,0.83014,-0.93904,-0.78471,-0.01956,0,0,0,0,1,0,0,0,0,0,1,1,0,0,0,0
1.42139,-0.48808,-1.51202,-0.6634,-1.61378,-0.64958,-0.94022,1.92233,0.8321,-0.63956,1.06425,-0.78471,0.30158,1,0,0,0,0,0,1,0,0,0,0,1,0,0,0,0
-0.89688,-1.47349,0.64416,0.50495,0.72802,-0.64958,1.06291,0.6596,0.83342,0.605,1.06425,-0.78471,0.12926,0,0,0,1,0,0,0,1,0,0,0,0,0,1,0,0
1.42139,0.00462,-0.64955,1.6733,-0.33643,-0.64958,-0.94022,-1.05409,-0.92766,-1.1509,-0.93904,-0.78471,-0.39554,0,0,0,0,1,0,0,0,0,1,0,0,0,0,0,1
0.26225,0.49732,-1.51202,1.6733,-1.188,-0.64958,-0.94022,-0.15215,-0.56154,-1.19379,-0.93904,-0.78471,-1.32765,0,0,0,0,0,1,0,0,0,1,0,0,1,0,0,0
-0.89688,-1.47349,1.50663,-1.24758,1.26025,-0.64958,-0.94022,1.92233,0.36493,-1.11361,1.06425,-0.78471,0.33291,1,0,0,0,0,0,0,0,0,1,0,1,0,0,0,0
1.42139,-1.47349,1.07539,1.6733,1.36669,-0.64958,1.06291,0.6596,1.33471,1.45289,1.06425,1.27355,0.48174,0,0,0,1,0,0,0,1,0,0,0,0,0,0,0,1
-0.89688,-0.48808,0.42854,-1.24758,0.19579,-0.64958,1.06291,1.92233,1.96985,0.51504,1.06425,-0.78471,-0.05873,1,0,0,0,0,0,1,0,0,0,0,1,0,0,0,0
0.26225,1.48273,-1.51202,0.50495,-1.40089,1.53849,-0.94022,-0.51293,-0.49199,-0.2303,-0.93904,-0.78471,1.17103,0,0,1,0,0,0,1,0,0,0,0,1,0,0,0,0
0.26225,0.99002,0.42854,-0.6634,0.30224,1.53849,1.06291,1.92233,1.80975,0.35283,1.06425,-0.78471,0.58357,1,0,0,0,0,0,0,0,0,1,0,0,0,0,1,0
-0.31731,-0.98079,0.64416,-1.24758,0.40868,-0.64958,1.06291,-0.78351,-0.60615,0.32206,-0.93904,-0.78471,-1.03783,0,1,0,0,0,0,1,0,0,0,0,0,0,0,0,1
-0.89688,-0.98079,1.29101,-1.24758,1.04736,-0.64958,1.06291,-1.05409,-0.81612,0.83014,-0.93904,-0.78471,0.0901,0,0,0,0,1,0,0,0,0,0,1,0,0,0,0,1
-1.47644,-0.98079,1.07539,0.50495,1.1538,-0.64958,1.06291,0.6596,0.81111,0.56724,1.06425,-0.78471,0.21542,0,0,0,1,0,0,0,0,0,1,0,0,0,1,0,0
0.84182,-0.48808,1.50663,0.50495,1.57958,-0.64958,-0.94022,-0.78351,-0.45262,1.4128,-0.93904,1.27355,-0.51303,0,1,0,0,0,0,0,0,1,0,0,0,1,0,0,0
0.84182,-1.47349,1.50663,0.50495,1.57958,-0.64958,-0.94022,-1.05409,-0.87648,-0.24195,-0.93904,-0.78471,-0.45037,0,0,0,0,1,0,1,0,0,0,0,0,0,0,0,1
0.84182,1.48273,1.29101,-1.24758,1.04736,1.53849,1.06291,1.92233,2.542,1.09583,1.06425,-0.78471,0.19192,1,0,0,0,0,0,0,1,0,0,0,0,1,0,0,0
0.26225,0.99002,-1.51202,0.50495,-1.40089,1.53849,-0.94022,-1.05409,-0.95653,-1.66364,-0.93904,-0.78471,-0.03523,0,0,0,0,1,0,0,0,0,0,1,0,0,0,0,1
1.42139,0.49732,-1.2964,1.6733,-0.97511,-0.64958,-0.94022,-0.15215,-0.49592,-0.99941,-0.93904,-0.78471,-1.49997,0,0,0,0,0,1,1,0,0,0,0,0,1,0,0,0
-1.47644,-0.98079,-0.64955,0.50495,-0.54933,-0.64958,-0.94022,0.6596,1.00926,0.90239,1.06425,1.27355,0.38774,0,0,0,1,0,0,0,1,0,0,0,0,0,0,0,1
-1.47644,-0.98079,1.07539,1.6733,1.36669,-0.64958,1.06291,-1.05409,-0.82137,0.73691,-0.93904,-0.78471,-0.74018,0,0,0,0,1,0,1,0,0,0,0,0,0,1,0,0
0.84182,1.48273,-0.86517,0.50495,-0.76222,1.53849,1.06291,-0.51293,-0.21509,0.99888,1.06425,-0.78471,1.46868,0,0,1,0,0,0,0,0,0,0,1,0,0,0,0,1
-0.89688,0.00462,1.07539,0.50495,1.1538,-0.64958,1.06291,0.6596,0.94627,0.79565,1.06425,-0.78471,0.02743,0,0,0,1,0,0,0,0,0,0,1,0,0,0,0,1
-0.31731,0.00462,-0.86517,-0.6634,-0.97511,-0.64958,1.06291,-0.51293,-0.37388,0.29409,-0.93904,-0.78471,1.67233,0,0,1,0,0,0,1,0,0,0,0,0,0,1,0,0
-1.47644,-0.98079,-1.08078,-0.6634,-1.188,-0.64958,1.06291,1.92233,1.49874,0.03726,1.06425,-0.78471,-0.01173,1,0,0,0,0,0,0,0,0,1,0,0,0,0,1,0
0.26225,1.48273,1.29101,-0.6634,1.1538,1.53849,1.06291,-1.05409,-0.82399,0.6903,-0.93904,-0.78471,-0.46603,0,0,0,0,1,0,1,0,0,0,0,0,0,1,0,0
-0.31731,0.00462,0.21292,1.6733,0.51513,-0.64958,-0.94022,0.6596,-0.42243,-1.51914,-0.93904,1.27355,1.08487,0,0,0,1,0,0,0,0,0,0,1,1,0,0,0,0
1.42139,1.48273,-1.08078,-1.24758,-1.29444,1.53849,1.06291,-0.15215,0.23239,1.15643,1.06425,1.27355,-1.34331,0,0,0,0,0,1,0,0,0,1,0,0,1,0,0,0
-1.47644,0.00462,0.64416,1.6733,0.94091,-0.64958,1.06291,-0.78351,-0.43687,1.52467,-0.93904,1.27355,-1.25715,0,1,0,0,0,0,0,0,1,0,0,0,1,0,0,0
0.84182,-0.48808,-0.86517,-0.07923,-0.86866,-0.64958,1.06291,-0.15215,-0.19935,-0.12169,1.06425,-0.78471,-1.5783,0,0,0,0,0,1,1,0,0,0,0,1,0,0,0,0
-0.31731,-0.98079,-0.86517,-1.24758,-1.08155,-0.64958,1.06291,1.92233,1.70346,0.24468,1.06425,-0.78471,0.60706,1,0,0,0,0,0,1,0,0,0,0,1,0,0,0,0
-0.89688,-1.47349,-0.0027,-0.07923,-0.0171,-0.64958,-0.94022,-0.15215,0.20615,1.07859,1.06425,1.27355,-1.82111,0,0,0,0,0,1,0,1,0,0,0,1,0,0,0,0
1.42139,-1.47349,0.85978,-1.24758,0.62158,-0.64958,-0.94022,-0.78351,-0.78725,-0.96445,-0.93904,1.27355,-0.67752,0,1,0,0,0,0,1,0,0,0,0,0,0,0,1,0
-0.89688,0.00462,0.42854,-1.24758,0.19579,-0.64958,1.06291,-0.15215,0.15497,0.92709,1.06425,1.27355,-1.4608,0,0,0,0,0,1,0,1,0,0,0,0,1,0,0,0
-0.89688,0.49732,-1.08078,-1.24758,-1.29444,-0.64958,1.06291,-0.78351,-0.52348,0.90938,-0.93904,1.27355,-0.81068,0,1,0,0,0,0,0,0,1,0,0,0,0,0,0,1
-0.31731,-0.48808,1.50663,1.6733,1.79248,-0.64958,-0.94022,-0.78351,-0.8778,-1.60771,-0.93904,-0.78471,-0.60702,0,1,0,0,0,0,1,0,0,0,0,0,0,0,0,1
-0.89688,-0.48808,-0.0027,-0.6634,-0.12354,-0.64958,-0.94022,0.6596,0.95808,0.81569,1.06425,1.27355,0.40341,0,0,0,1,0,0,0,1,0,0,0,1,0,0,0,0
0.84182,-0.98079,-1.08078,1.6733,-0.76222,-0.64958,1.06291,1.92233,1.98166,0.52716,1.06425,1.27355,0.60706,1,0,0,0,0,0,1,0,0,0,0,0,1,0,0,0
0.26225,-1.47349,-1.51202,1.6733,-1.188,-0.64958,-0.94022,-1.05409,-0.8673,-0.07881,-0.93904,-0.78471,-0.91251,0,0,0,0,1,0,1,0,0,0,0,0,0,1,0,0
0.84182,0.49732,-0.0027,-1.24758,-0.22999,-0.64958,-0.94022,1.92233,2.39634,0.94807,1.06425,1.27355,0.30942,1,0,0,0,0,0,0,1,0,0,0,0,1,0,0,0
-0.31731,0.49732,-0.0027,-1.24758,-0.22999,-0.64958,-0.94022,1.92233,2.45408,1.0068,1.06425,1.27355,0.20759,1,0,0,0,0,0,0,1,0,0,0,0,1,0,0,0
-0.31731,-0.48808,-0.86517,-0.6634,-0.97511,-0.64958,1.06291,1.92233,0.83735,-0.63397,1.06425,-0.78471,-0.0039,1,0,0,0,0,0,0,0,0,1,0,0,0,0,1,0
-0.31731,0.99002,0.42854,-0.07923,0.40868,1.53849,1.06291,0.6596,0.96596,0.82921,1.06425,-0.78471,0.57573,0,0,0,1,0,0,0,0,0,1,0,0,0,1,0,0
-1.47644,0.99002,0.85978,-1.24758,0.62158,1.53849,-0.94022,-0.78351,-0.429,1.58061,-0.93904,1.27355,-0.15272,0,1,0,0,0,0,0,0,1,0,0,0,0,0,0,1
1.42139,0.00462,-0.86517,0.50495,-0.76222,-0.64958,1.06291,-1.05409,-0.89092,-0.49832,-0.93904,1.27355,-0.34071,0,0,0,0,1,0,0,0,0,1,0,0,0,1,0,0
1.42139,0.49732,0.85978,-1.24758,0.62158,-0.64958,-0.94022,0.6596,-0.02875,-0.85351,1.06425,1.27355,1.08487,0,0,0,1,0,0,0,0,0,0,1,1,0,0,0,0
-1.47644,-0.48808,1.07539,-1.24758,0.83447,-0.64958,1.06291,0.6596,0.95546,0.8115,1.06425,-0.78471,0.37991,0,0,0,1,0,0,0,0,0,0,1,0,0,0,0,1
-0.89688,1.48273,0.85978,-0.07923,0.83447,1.53849,-0.94022,-0.78351,-0.61403,0.26613,-0.93904,1.27355,-1.01433,0,1,0,0,0,0,0,0,1,0,0,0,0,0,0,1
-1.47644,-0.98079,-0.0027,-0.07923,-0.0171,-0.64958,-0.94022,-0.15215,0.19302,1.0399,1.06425,1.27355,-1.70362,0,0,0,0,0,1,0,1,0,0,0,0,0,0,1,0
1.42139,0.99002,0.21292,0.50495,0.30224,1.53849,-0.94022,1.92233,1.24285,-0.22284,1.06425,-0.78471,0.26242,1,0,0,0,0,0,0,0,0,1,0,0,0,0,1,0
0.26225,0.49732,-1.08078,-1.24758,-1.29444,-0.64958,1.06291,-0.15215,0.07754,0.69823,1.06425,1.27355,-0.97517,0,0,0,0,0,1,0,0,0,1,0,0,0,0,1,0
-0.89688,1.48273,1.29101,0.50495,1.36669,1.53849,1.06291,-1.05409,-0.83055,0.57377,-0.93904,-0.78471,0.23109,0,0,0,0,1,0,0,0,0,0,1,1,0,0,0,0
-0.89688,0.49732,-0.0027,-0.07923,-0.0171,-0.64958,-0.94022,-0.51293,-0.83187,-1.73916,-0.93904,-0.78471,1.39818,0,0,1,0,0,0,1,0,0,0,0,0,0,0,0,1
-0.31731,1.48273,0.42854,1.6733,0.72802,1.53849,1.06291,-1.05409,-0.79906,1.13312,-0.93904,-0.78471,-0.29371,0,0,0,0,1,0,1,0,0,0,0,0,0,1,0,0
-1.47644,-0.98079,0.21292,-1.24758,-0.0171,-0.64958,-0.94022,-0.51293,-0.74919,-1.37231,-0.93904,-0.78471,1.88382,0,0,1,0,0,0,0,0,0,0,1,0,0,1,0,0
0.84182,0.49732,1.50663,1.6733,1.79248,-0.64958,-0.94022,0.6596,1.18248,1.19512,1.06425,1.27355,0.84988,0,0,0,1,0,0,0,1,0,0,0,0,0,1,0,0
-0.89688,-0.98079,1.29101,-0.6634,1.1538,-0.64958,1.06291,1.92233,2.43046,0.98256,1.06425,-0.78471,0.0196,1,0,0,0,0,0,1,0,0,0,0,0,0,0,1,0
0.84182,-1.47349,0.64416,-0.07923,0.62158,-0.64958,1.06291,-0.51293,-0.40144,0.17197,-0.93904,-0.78471,1.43734,0,0,1,0,0,0,0,0,0,1,0,0,0,1,0,0
0.26225,-0.98079,-0.64955,1.6733,-0.33643,-0.64958,-0.94022,-0.15215,-0.5576,-1.18213,-0.93904,-0.78471,-1.92294,0,0,0,0,0,1,0,0,0,1,0,0,0,0,1,0
-0.31731,0.00462,0.42854,-1.24758,0.19579,-0.64958,1.06291,-0.78351,-0.72688,-0.53561,-0.93904,-0.78471,-0.58353,0,1,0,0,0,0,1,0,0,0,0,0,0,0,0,1
-1.47644,-1.47349,-0.86517,-0.07923,-0.86866,-0.64958,1.06291,-1.05409,-0.8673,-0.07881,-0.93904,-0.78471,-0.80285,0,0,0,0,1,0,0,0,0,0,1,1,0,0,0,0
-0.31731,0.49732,-0.64955,-0.6634,-0.76222,-0.64958,-0.94022,0.6596,-0.24528,-1.21989,1.06425,1.27355,0.86555,0,0,0,1,0,0,0,0,0,1,0,0,0,1,0,0
-1.47644,0.00462,-1.08078,0.50495,-0.97511,-0.64958,1.06291,0.6596,1.15624,1.15084,1.06425,1.27355,0.66973,0,0,0,1,0,0,0,1,0,0,0,0,0,0,0,1
0.26225,-0.98079,-1.51202,1.6733,-1.188,-0.64958,-0.94022,-1.05409,-0.95522,-1.64034,-0.93904,-0.78471,-0.4817,0,0,0,0,1,0,1,0,0,0,0,0,0,0,0,1
1.42139,1.48273,1.07539,-0.6634,0.94091,1.53849,1.06291,0.6596,1.20348,1.23101,1.06425,-0.78471,0.98304,0,0,0,1,0,0,0,0,0,0,1,1,0,0,0,0
-0.31731,1.48273,1.50663,-0.6634,1.36669,1.53849,-0.94022,-0.78351,-0.86861,-1.54245,-0.93904,-0.78471,-0.76368,0,1,0,0,0,0,1,0,0,0,0,0,1,0,0,0
-1.47644,-0.98079,-1.2964,0.50495,-1.188,-0.64958,-0.94022,-1.05409,-0.92504,-1.10429,-0.93904,-0.78471,0.28592,0,0,0,0,1,0,0,0,0,0,1,1,0,0,0,0
-0.31731,-1.47349,-0.86517,-1.24758,-1.08155,-0.64958,1.06291,-1.05409,-0.82137,0.73691,-0.93904,1.27355,-0.05873,0,0,0,0,1,0,1,0,0,0,0,1,0,0,0,0
0.26225,0.00462,-1.51202,0.50495,-1.40089,-0.64958,-0.94022,-0.51293,-0.54054,-0.44612,-0.93904,-0.78471,1.93864,0,0,1,0,0,0,0,0,0,1,0,1,0,0,0,0
0.84182,0.99002,0.85978,-0.6634,0.72802,1.53849,-0.94022,-0.15215,-0.28071,-0.36221,1.06425,1.27355,-1.22582,0,0,0,0,0,1,0,0,0,1,0,0,1,0,0,0
-0.89688,0.49732,-1.51202,-1.24758,-1.72023,-0.64958,-0.94022,0.6596,0.23239,-0.41162,1.06425,-0.78471,0.47391,0,0,0,1,0,0,0,0,0,0,1,1,0,0,0,0
-1.47644,0.99002,-1.08078,0.50495,-0.97511,1.53849,1.06291,-0.15215,-0.03006,0.37939,1.06425,-0.78471,-2.09526,0,0,0,0,0,1,1,0,0,0,0,0,0,0,1,0
-0.89688,-0.48808,0.21292,-0.6634,0.08935,-0.64958,-0.94022,-0.78351,-0.85417,-1.4399,-0.93904,-0.78471,-0.15272,0,1,0,0,0,0,1,0,0,0,0,0,1,0,0,0
0.84182,-1.47349,1.29101,-0.6634,1.1538,-0.64958,1.06291,-1.05409,-0.86205,0.01442,-0.93904,-0.78471,-0.84201,0,0,0,0,1,0,1,0,0,0,0,0,0,1,0,0
0.26225,0.00462,-1.51202,1.6733,-1.188,-0.64958,-0.94022,-0.15215,-0.59172,-1.28282,-0.93904,-0.78471,-1.26498,0,0,0,0,0,1,1,0,0,0,0,0,1,0,0,0
-0.89688,0.49732,-1.51202,-0.07923,-1.50733,-0.64958,-0.94022,1.92233,1.41213,-0.05084,1.06425,-0.78471,0.84205,1,0,0,0,0,0,1,0,0,0,0,0,1,0,0,0
-0.89688,1.48273,0.85978,-0.6634,0.72802,1.53849,-0.94022,-0.15215,-0.39356,-0.69643,-0.93904,1.27355,-1.02216,0,0,0,0,0,1,0,0,0,1,0,1,0,0,0,0
-1.47644,-1.47349,-1.51202,-0.6634,-1.61378,-0.64958,-0.94022,-0.15215,-0.28727,-0.38179,1.06425,-0.78471,-1.11616,0,0,0,0,0,1,0,0,0,1,0,0,0,0,1,0
-1.47644,1.48273,0.85978,-1.24758,0.62158,1.53849,-0.94022,-0.15215,0.2547,1.22262,1.06425,1.27355,-1.83678,0,0,0,0,0,1,0,1,0,0,0,1,0,0,0,0
-0.89688,0.00462,1.07539,-0.07923,1.04736,-0.64958,1.06291,-0.51293,-0.26365,0.78353,1.06425,-0.78471,1.94648,0,0,1,0,0,0,1,0,0,0,0,0,0,1,0,0
1.42139,0.00462,-0.0027,0.50495,0.08935,-0.64958,-0.94022,-0.51293,-0.60615,-0.73745,-0.93904,-0.78471,0.93604,0,0,1,0,0,0,1,0,0,0,0,0,0,0,0,1
0.26225,0.99002,-1.2964,-1.24758,-1.50733,1.53849,-0.94022,0.6596,-0.50248,-1.65479,-0.93904,-0.78471,0.41124,0,0,0,1,0,0,0,0,0,0,1,0,0,1,0,0
0.84182,1.48273,-1.08078,-0.6634,-1.188,1.53849,1.06291,-0.51293,-0.21903,0.98163,1.06425,-0.78471,1.17103,0,0,1,0,0,0,1,0,0,0,0,1,0,0,0,0
0.84182,-0.48808,1.29101,-1.24758,1.04736,-0.64958,1.06291,-0.78351,-0.70982,-0.41442,-0.93904,-0.78471,-0.40337,0,1,0,0,0,0,1,0,0,0,0,0,0,0,0,1
1.42139,-0.98079,-1.08078,-1.24758,-1.29444,-0.64958,1.06291,-0.78351,-0.46705,1.31025,-0.93904,1.27355,-0.13705,0,1,0,0,0,0,0,0,1,0,0,0,0,0,1,0
0.84182,0.99002,1.29101,1.6733,1.57958,1.53849,1.06291,-1.05409,-0.80956,0.94667,-0.93904,-0.78471,-0.49737,0,0,0,0,1,0,1,0,0,0,0,0,0,0,0,1
-0.31731,0.99002,1.07539,1.6733,1.36669,1.53849,1.06291,0.6596,1.01057,0.90472,1.06425,-0.78471,0.16843,0,0,0,1,0,0,0,0,0,1,0,0,0,1,0,0
-1.47644,0.00462,-1.2964,-0.6634,-1.40089,-0.64958,-0.94022,-0.15215,0.04211,0.59335,1.06425,1.27355,-2.02477,0,0,0,0,0,1,0,1,0,0,0,0,1,0,0,0
-0.89688,0.00462,-1.08078,-0.6634,-1.188,-0.64958,1.06291,-0.78351,-0.63371,0.12629,-0.93904,1.27355,-0.23888,0,1,0,0,0,0,0,0,1,0,0,0,1,0,0,0
-0.31731,-0.48808,1.50663,-0.6634,1.36669,-0.64958,-0.94022,-1.05409,-0.90404,-0.73139,-0.93904,-0.78471,-0.84984,0,0,0,0,1,0,0,0,0,0,1,0,0,1,0,0
-0.89688,1.48273,1.07539,-1.24758,0.83447,1.53849,1.06291,1.92233,1.71789,0.2596,1.06425,1.27355,0.40341,1,0,0,0,0,0,1,0,0,0,0,1,0,0,0,0
0.84182,-1.47349,1.50663,0.50495,1.57958,-0.64958,-0.94022,1.92233,1.20742,-0.25873,1.06425,-0.78471,0.58357,1,0,0,0,0,0,1,0,0,0,0,1,0,0,0,0
-0.89688,0.49732,1.29101,-1.24758,1.04736,-0.64958,1.06291,-0.51293,-0.25315,0.83014,1.06425,-0.78471,1.50001,0,0,1,0,0,0,1,0,0,0,0,0,0,1,0,0
-1.47644,0.99002,0.42854,-1.24758,0.19579,1.53849,1.06291,-0.78351,-0.57466,0.5458,-0.93904,-0.78471,-0.99867,0,1,0,0,0,0,0,0,1,0,0,0,1,0,0,0
-1.47644,0.49732,-0.86517,-0.6634,-0.97511,-0.64958,1.06291,0.6596,1.46068,1.66591,1.06425,1.27355,0.33291,0,0,0,1,0,0,0,1,0,0,0,1,0,0,0,0
0.84182,-0.48808,1.29101,-0.6634,1.1538,-0.64958,1.06291,1.92233,2.57743,1.13172,1.06425,-0.78471,0.09793,1,0,0,0,0,0,0,1,0,0,0,0,0,0,1,0
-0.31731,0.00462,-0.86517,-0.6634,-0.97511,-0.64958,1.06291,-0.15215,0.17465,0.98536,1.06425,-0.78471,-1.10833,0,0,0,0,0,1,1,0,0,0,0,0,1,0,0,0
-0.31731,-0.48808,0.42854,0.50495,0.51513,-0.64958,1.06291,-1.05409,-0.90273,-0.70808,-0.93904,-0.78471,0.23892,0,0,0,0,1,0,0,0,0,1,0,0,0,1,0,0
0.84182,0.00462,-1.2964,0.50495,-1.188,-0.64958,-0.94022,-0.15215,-0.48542,-0.96818,-0.93904,-0.78471,-1.80545,0,0,0,0,0,1,1,0,0,0,0,0,1,0,0,0
1.42139,1.48273,1.29101,-1.24758,1.04736,1.53849,1.06291,-0.78351,-0.49723,1.09583,-0.93904,-0.78471,-0.19188,0,1,0,0,0,0,1,0,0,0,0,0,0,0,0,1
-0.89688,1.48273,-0.0027,-1.24758,-0.22999,1.53849,-0.94022,-0.15215,0.30326,1.36619,1.06425,1.27355,-0.936,0,0,0,0,0,1,0,1,0,0,0,0,1,0,0,0
-1.47644,-0.98079,1.29101,-1.24758,1.04736,-0.64958,1.06291,-1.05409,-0.79775,1.15643,-0.93904,-0.78471,-0.84201,0,0,0,0,1,0,1,0,0,0,0,1,0,0,0,0
-0.31731,-1.47349,0.42854,0.50495,0.51513,-0.64958,1.06291,-0.15215,-0.08387,0.22045,1.06425,-0.78471,-1.96994,0,0,0,0,0,1,1,0,0,0,0,0,1,0,0,0
-0.31731,-0.48808,-0.64955,0.50495,-0.54933,-0.64958,-0.94022,-1.05409,-0.91979,-1.01106,-0.93904,-0.78471,-0.47387,0,0,0,0,1,0,0,0,0,0,1,1,0,0,0,0
-0.89688,0.99002,0.85978,-0.6634,0.72802,1.53849,-0.94022,-0.51293,-0.83055,-1.73356,-0.93904,-0.78471,1.75849,0,0,1,0,0,0,0,0,0,0,1,0,0,1,0,0
-0.31731,1.48273,0.21292,-0.07923,0.19579,1.53849,-0.94022,-0.51293,-0.80431,-1.61703,-0.93904,-0.78471,1.03787,0,0,1,0,0,0,0,0,0,1,0,0,0,0,0,1
-0.89688,0.00462,-0.0027,-0.6634,-0.12354,-0.64958,-0.94022,-0.51293,-0.77019,-1.46554,-0.93904,1.27355,1.594,0,0,1,0,0,0,0,0,0,1,0,0,0,1,0,0
-0.89688,0.00462,0.21292,-0.6634,0.08935,-0.64958,-0.94022,-1.05409,-0.87386,-0.19534,-0.93904,-0.78471,0.0666,0,0,0,0,1,0,0,0,0,0,1,0,0,1,0,0
-1.47644,0.00462,0.64416,-0.6634,0.51513,-0.64958,1.06291,1.92233,2.03678,0.58309,1.06425,1.27355,0.33291,1,0,0,0,0,0,0,1,0,0,0,0,0,0,1,0
-0.89688,0.99002,-1.51202,-1.24758,-1.72023,1.53849,-0.94022,1.92233,2.63255,1.18766,1.06425,1.27355,0.27809,1,0,0,0,0,0,0,1,0,0,0,0,1,0,0,0
-0.31731,0.99002,1.29101,-0.6634,1.1538,1.53849,1.06291,-0.78351,-0.50117,1.06787,-0.93904,-0.78471,-0.92034,0,1,0,0,0,0,1,0,0,0,0,0,0,0,0,1
1.42139,1.48273,1.29101,-1.24758,1.04736,1.53849,1.06291,-0.51293,-0.32401,0.5155,1.06425,1.27355,0.83422,0,0,1,0,0,0,1,0,0,0,0,0,0,1,0,0
0.26225,-0.48808,-0.64955,-0.07923,-0.65577,-0.64958,-0.94022,0.6596,0.06836,-0.68944,1.06425,-0.78471,0.92821,0,0,0,1,0,0,0,0,0,0,1,0,0,1,0,0
0.26225,-1.47349,1.50663,-1.24758,1.26025,-0.64958,-0.94022,0.6596,1.17986,1.19092,1.06425,1.27355,0.12926,0,0,0,1,0,0,0,1,0,0,0,1,0,0,0,0
-0.31731,0.99002,-1.08078,1.6733,-0.76222,1.53849,1.06291,-0.78351,-0.48674,1.17041,-0.93904,-0.78471,-0.68535,0,1,0,0,0,0,1,0,0,0,0,0,0,0,0,1
-0.89688,1.48273,0.64416,-0.07923,0.62158,1.53849,1.06291,-0.78351,-0.42637,1.59925,-0.93904,-0.78471,-0.46603,0,1,0,0,0,0,1,0,0,0,0,0,0,0,0,1
-1.47644,1.48273,0.42854,0.50495,0.51513,1.53849,1.06291,1.92233,2.51313,1.06647,1.06425,-0.78471,0.0431,1,0,0,0,0,0,1,0,0,0,0,1,0,0,0,0
0.84182,1.48273,0.21292,1.6733,0.51513,1.53849,-0.94022,0.6596,0.71269,0.40084,1.06425,1.27355,0.99087,0,0,0,1,0,0,0,1,0,0,0,0,0,0,0,1
-1.47644,0.00462,0.85978,1.6733,1.1538,-0.64958,-0.94022,-0.15215,-0.66914,-1.51215,-0.93904,-0.78471,-1.9621,0,0,0,0,0,1,0,0,0,1,0,0,0,0,1,0
-0.89688,-0.48808,0.64416,0.50495,0.72802,-0.64958,1.06291,1.92233,1.72708,0.26892,1.06425,-0.78471,0.34075,1,0,0,0,0,0,1,0,0,0,0,1,0,0,0,0
1.42139,1.48273,0.42854,-0.6634,0.30224,1.53849,1.06291,0.6596,1.27434,1.35081,1.06425,1.27355,1.1397,0,0,0,1,0,0,0,1,0,0,0,0,0,1,0,0
-1.47644,-1.47349,1.07539,1.6733,1.36669,-0.64958,1.06291,1.92233,2.48033,1.03337,1.06425,1.27355,0.40341,1,0,0,0,0,0,0,1,0,0,0,1,0,0,0,0
0.26225,-1.47349,1.50663,-0.6634,1.36669,-0.64958,-0.94022,-1.05409,-0.88567,-0.4051,-0.93904,-0.78471,-0.0274,0,0,0,0,1,0,1,0,0,0,0,1,0,0,0,0
-0.31731,-1.47349,-0.64955,-1.24758,-0.86866,-0.64958,-0.94022,-0.78351,-0.86598,-1.5238,-0.93904,-0.78471,-0.27021,0,1,0,0,0,0,1,0,0,0,0,0,0,0,1,0
-0.31731,0.00462,-1.51202,0.50495,-1.40089,-0.64958,-0.94022,1.92233,2.08664,0.6339,1.06425,1.27355,0.16059,1,0,0,0,0,0,0,1,0,0,0,0,0,0,1,0
1.42139,-0.98079,-0.0027,1.6733,0.30224,-0.64958,-0.94022,0.6596,0.21533,-0.44052,1.06425,1.27355,1.00654,0,0,0,1,0,0,0,0,0,0,1,0,0,1,0,0
1.42139,-0.98079,0.64416,1.6733,0.94091,-0.64958,1.06291,-1.05409,-0.87123,-0.14873,-0.93904,-0.78471,-0.12922,0,0,0,0,1,0,0,0,0,0,1,1,0,0,0,0
-0.89688,-0.98079,-1.2964,1.6733,-0.97511,-0.64958,-0.94022,-0.51293,-0.72688,-1.27303,-0.93904,-0.78471,1.80549,0,0,1,0,0,0,0,0,0,0,1,0,0,1,0,0
0.26225,0.00462,-1.2964,-1.24758,-1.50733,-0.64958,-0.94022,-1.05409,-0.91323,-0.89453,-0.93904,-0.78471,-0.76368,0,0,0,0,1,0,0,0,0,0,1,1,0,0,0,0
-1.47644,0.99002,0.42854,-0.07923,0.40868,1.53849,1.06291,-0.15215,-0.00513,0.45351,1.06425,-0.78471,-1.03,0,0,0,0,0,1,0,0,0,1,0,0,1,0,0,0
-1.47644,0.49732,-1.08078,1.6733,-0.76222,-0.64958,1.06291,-1.05409,-0.85549,0.13095,-0.93904,-0.78471,-0.37204,0,0,0,0,1,0,0,0,0,0,1,0,0,1,0,0
-0.89688,0.99002,-0.0027,1.6733,0.30224,1.53849,-0.94022,-0.15215,-0.52479,-1.08471,-0.93904,1.27355,-1.03,0,0,0,0,0,1,1,0,0,0,0,0,0,0,1,0
0.26225,0.49732,-0.64955,1.6733,-0.33643,-0.64958,-0.94022,0.6596,-0.44212,-1.5527,-0.93904,-0.78471,0.33291,0,0,0,1,0,0,0,0,0,0,1,0,0,1,0,0
0.84182,0.99002,-1.08078,-1.24758,-1.29444,1.53849,1.06291,-1.05409,-0.75969,1.83232,-0.93904,-0.78471,-0.14489,0,0,0,0,1,0,0,0,0,0,1,0,0,1,0,0
0.84182,-1.47349,0.21292,-0.6634,0.08935,-0.64958,-0.94022,-0.51293,-0.55497,-0.50998,-0.93904,1.27355,1.39818,0,0,1,0,0,0,1,0,0,0,0,0,0,1,0,0
1.42139,-0.98079,1.29101,-1.24758,1.04736,-0.64958,1.06291,-0.51293,-0.38438,0.24748,-0.93904,1.27355,1.25719,0,0,1,0,0,0,0,0,0,0,1,1,0,0,0,0
-1.47644,0.00462,-1.51202,0.50495,-1.40089,-0.64958,-0.94022,0.6596,-0.04187,-0.87589,1.06425,-0.78471,0.95171,0,0,0,1,0,0,0,0,0,0,1,0,0,1,0,0
0.26225,-0.48808,-1.08078,0.50495,-0.97511,-0.64958,1.06291,-0.51293,-0.45262,-0.0555,-0.93904,-0.78471,0.95954,0,0,1,0,0,0,0,0,0,1,0,1,0,0,0,0
0.26225,-0.48808,-0.64955,-0.6634,-0.76222,-0.64958,-0.94022,1.92233,0.22452,-1.25625,1.06425,-0.78471,0.56007,1,0,0,0,0,0,0,0,0,1,0,0,0,0,1,0
1.42139,1.48273,1.07539,-1.24758,0.83447,1.53849,1.06291,0.6596,0.69825,0.37613,1.06425,-0.78471,0.09793,0,0,0,1,0,0,0,0,0,1,0,1,0,0,0,0
-1.47644,0.99002,-1.08078,-1.24758,-1.29444,1.53849,1.06291,1.92233,2.70079,1.25711,1.06425,-0.78471,0.00394,1,0,0,0,0,0,0,0,0,1,0,1,0,0,0,0
-0.31731,-1.47349,-1.51202,-0.6634,-1.61378,-0.64958,-0.94022,1.92233,-0.06156,-1.54665,1.06425,-0.78471,-0.0274,1,0,0,0,0,0,1,0,0,0,0,0,1,0,0,0
-1.47644,-1.47349,-0.86517,-0.07923,-0.86866,-0.64958,1.06291,-1.05409,-0.89879,-0.63816,-0.93904,-0.78471,-0.23888,0,0,0,0,1,0,0,0,0,1,0,0,0,1,0,0
-1.47644,-0.98079,1.07539,-1.24758,0.83447,-0.64958,1.06291,1.92233,2.1142,0.66187,1.06425,1.27355,0.46607,1,0,0,0,0,0,0,0,0,1,0,0,0,0,1,0
1.42139,-1.47349,-0.0027,-1.24758,-0.22999,-0.64958,-0.94022,-0.15215,-0.05368,0.30948,1.06425,1.27355,-0.92817,0,0,0,0,0,1,0,1,0,0,0,0,1,0,0,0
1.42139,0.49732,-1.2964,0.50495,-1.188,-0.64958,-0.94022,-0.78351,-0.46836,1.30093,-0.93904,1.27355,-0.55219,0,1,0,0,0,0,0,0,1,0,0,0,1,0,0,0
-1.47644,-0.98079,-1.2964,-1.24758,-1.50733,-0.64958,-0.94022,-0.78351,-0.5038,1.04922,-0.93904,1.27355,-1.31981,0,1,0,0,0,0,0,0,1,0,0,0,1,0,0,0
1.42139,0.00462,-0.86517,1.6733,-0.54933,-0.64958,1.06291,-1.05409,-0.85549,0.13095,-0.93904,1.27355,-0.47387,0,0,0,0,1,0,0,0,0,0,1,1,0,0,0,0
-0.31731,-1.47349,0.42854,-0.07923,0.40868,-0.64958,1.06291,1.92233,3.16927,1.73256,1.06425,-0.78471,-0.30938,1,0,0,0,0,0,0,1,0,0,0,0,1,0,0,0
-1.47644,-0.48808,-1.08078,-1.24758,-1.29444,-0.64958,1.06291,-0.15215,0.57096,2.1586,1.06425,-0.78471,-1.62529,0,0,0,0,0,1,0,1,0,0,0,0,1,0,0,0
-0.89688,-0.48808,-1.2964,1.6733,-0.97511,-0.64958,-0.94022,-0.15215,0.30457,1.36992,1.06425,1.27355,-0.94384,0,0,0,0,0,1,0,1,0,0,0,0,0,0,1,0
-1.47644,-0.48808,1.50663,-1.24758,1.26025,-0.64958,-0.94022,-0.51293,-0.82793,-1.72191,-0.93904,1.27355,1.03787,0,0,1,0,0,0,0,0,0,1,0,1,0,0,0,0
-1.47644,0.99002,-1.51202,-0.6634,-1.61378,1.53849,-0.94022,1.92233,0.4043,-1.07353,1.06425,1.27355,0.68539,1,0,0,0,0,0,0,0,0,1,0,1,0,0,0,0
0.84182,0.99002,0.21292,0.50495,0.30224,1.53849,-0.94022,-1.05409,-0.89485,-0.56824,-0.93904,-0.78471,-0.30938,0,0,0,0,1,0,1,0,0,0,0,1,0,0,0,0
-0.31731,-1.47349,-1.2964,-1.24758,-1.50733,-0.64958,-0.94022,1.92233,0.56834,-0.90712,1.06425,-0.78471,0.13709,1,0,0,0,0,0,1,0,0,0,0,0,1,0,0,0
-0.89688,1.48273,0.85978,-0.07923,0.83447,1.53849,-0.94022,1.92233,0.90165,-0.56871,1.06425,-0.78471,0.66189,1,0,0,0,0,0,1,0,0,0,0,0,0,0,1,0
-0.31731,-1.47349,-0.0027,-1.24758,-0.22999,-0.64958,-0.94022,-0.15215,-0.62977,-1.39562,-0.93904,-0.78471,-1.24932,0,0,0,0,0,1,0,0,0,1,0,0,1,0,0,0
-1.47644,0.00462,1.29101,-0.07923,1.26025,-0.64958,1.06291,-0.15215,-0.29908,-0.41675,1.06425,-0.78471,-1.49213,0,0,0,0,0,1,0,0,0,1,0,1,0,0,0,0
-0.31731,-1.47349,1.07539,1.6733,1.36669,-0.64958,1.06291,-1.05409,-0.803,1.0632,-0.93904,-0.78471,-0.03523,0,0,0,0,1,0,0,0,0,1,0,0,0,0,0,1
1.42139,0.99002,-1.08078,-0.6634,-1.188,1.53849,1.06291,-1.05409,-0.85417,0.15426,-0.93904,-0.78471,-0.74802,0,0,0,0,1,0,0,0,0,0,1,0,0,0,0,1
0.26225,0.49732,-1.08078,0.50495,-0.97511,-0.64958,1.06291,0.6596,0.33213,-0.24289,1.06425,-0.78471,1.08487,0,0,0,1,0,0,0,0,0,1,0,0,0,1,0,0
-0.31731,-0.98079,1.50663,1.6733,1.79248,-0.64958,-0.94022,-0.51293,-0.82399,-1.7042,-0.93904,1.27355,1.01437,0,0,1,0,0,0,1,0,0,0,0,0,0,0,0,1
-0.89688,-0.98079,-0.64955,-1.24758,-0.86866,-0.64958,-0.94022,-0.78351,-0.60484,0.33138,-0.93904,1.27355,-0.26238,0,1,0,0,0,0,0,0,1,0,0,0,0,0,0,1
1.42139,0.00462,-0.0027,0.50495,0.08935,-0.64958,-0.94022,-1.05409,-0.93816,-1.33735,-0.93904,-0.78471,-0.27021,0,0,0,0,1,0,1,0,0,0,0,1,0,0,0,0
1.42139,-0.98079,1.50663,-0.07923,1.47314,-0.64958,-0.94022,1.92233,2.23755,0.78679,1.06425,1.27355,0.84988,1,0,0,0,0,0,0,1,0,0,0,0,0,0,1,0
0.26225,-0.98079,1.50663,-1.24758,1.26025,-0.64958,-0.94022,-0.15215,-0.42637,-0.79338,-0.93904,-0.78471,-1.97777,0,0,0,0,0,1,1,0,0,0,0,0,1,0,0,0
0.84182,0.00462,0.21292,-0.07923,0.19579,-0.64958,-0.94022,1.92233,0.91084,-0.55939,1.06425,-0.78471,0.18409,1,0,0,0,0,0,1,0,0,0,0,0,1,0,0,0
1.42139,-0.98079,1.29101,-0.6634,1.1538,-0.64958,1.06291,-0.78351,-0.50642,1.03058,-0.93904,1.27355,-0.83418,0,1,0,0,0,0,0,0,1,0,0,0,0,0,0,1
0.26225,-0.48808,-1.2964,0.50495,-1.188,-0.64958,-0.94022,1.92233,1.01713,-0.45171,1.06425,-0.78471,-0.18405,1,0,0,0,0,0,1,0,0,0,0,0,0,0,1,0
-0.31731,0.49732,0.85978,-1.24758,0.62158,-0.64958,-0.94022,-0.15215,-0.67308,-1.5238,-0.93904,-0.78471,-1.17099,0,0,0,0,0,1,1,0,0,0,0,1,0,0,0,0
-1.47644,-1.47349,-0.0027,-1.24758,-0.22999,-0.64958,-0.94022,0.6596,1.54073,1.80108,1.06425,1.27355,0.30158,0,0,0,1,0,0,0,1,0,0,0,0,0,0,0,1
-0.31731,0.99002,0.85978,-1.24758,0.62158,1.53849,-0.94022,-0.15215,-0.58122,-1.25205,-0.93904,-0.78471,-1.81328,0,0,0,0,0,1,0,0,0,1,0,0,1,0,0,0
-0.31731,-1.47349,0.64416,-1.24758,0.40868,-0.64958,1.06291,-0.51293,-0.38963,0.22417,-0.93904,-0.78471,1.98564,0,0,1,0,0,0,0,0,0,0,1,0,0,0,0,1
-1.47644,0.49732,-1.08078,0.50495,-0.97511,-0.64958,1.06291,-0.51293,-0.34895,0.40503,-0.93904,-0.78471,1.76632,0,0,1,0,0,0,0,0,0,1,0,0,0,0,0,1
0.26225,0.00462,1.50663,-1.24758,1.26025,-0.64958,-0.94022,-0.15215,-0.23084,-0.21492,1.06425,-0.78471,-1.42164,0,0,0,0,0,1,0,0,0,1,0,1,0,0,0,0
-0.31731,1.48273,-1.08078,-0.07923,-1.08155,1.53849,1.06291,-0.15215,0.2547,1.22262,1.06425,1.27355,-1.46864,0,0,0,0,0,1,0,1,0,0,0,1,0,0,0,0
0.26225,0.99002,-0.0027,-1.24758,-0.22999,1.53849,-0.94022,-0.78351,-0.50248,1.05854,-0.93904,1.27355,-0.76368,0,1,0,0,0,0,0,0,1,0,0,0,0,0,1,0
1.42139,1.48273,-0.86517,1.6733,-0.54933,1.53849,1.06291,-0.51293,-0.06943,1.64586,1.06425,-0.78471,1.44518,0,0,1,0,0,0,0,0,0,1,0,0,0,1,0,0
-0.31731,0.49732,1.07539,-1.24758,0.83447,-0.64958,1.06291,-0.51293,-0.16785,1.20864,1.06425,-0.78471,1.38251,0,0,1,0,0,0,1,0,0,0,0,0,0,1,0,0
0.84182,-0.48808,-1.08078,-0.6634,-1.188,-0.64958,1.06291,-0.15215,0.02374,0.53881,1.06425,-0.78471,-0.9595,0,0,0,0,0,1,0,0,0,1,0,1,0,0,0,0
1.42139,0.00462,-1.08078,-0.07923,-1.08155,-0.64958,1.06291,-1.05409,-0.82268,0.71361,-0.93904,-0.78471,-0.12139,0,0,0,0,1,0,0,0,0,1,0,0,0,0,0,1
-0.31731,0.49732,-1.2964,-0.6634,-1.40089,-0.64958,-0.94022,0.6596,-0.47886,-1.6147,-0.93904,-0.78471,0.99087,0,0,0,1,0,0,0,0,0,1,0,0,0,1,0,0
0.26225,-0.98079,0.21292,0.50495,0.30224,-0.64958,-0.94022,-0.78351,-0.60484,0.33138,-0.93904,1.27355,-0.4112,0,1,0,0,0,0,0,0,1,0,0,0,0,0,0,1
0.84182,1.48273,1.29101,1.6733,1.57958,1.53849,1.06291,-0.78351,-0.52479,0.90006,-0.93904,-0.78471,-0.67752,0,1,0,0,0,0,0,0,1,0,0,0,1,0,0,0
0.26225,0.00462,0.64416,0.50495,0.72802,-0.64958,1.06291,-0.15215,-0.04975,0.32113,1.06425,1.27355,-1.86811,0,0,0,0,0,1,1,0,0,0,0,0,0,0,1,0
0.84182,0.99002,-1.51202,-1.24758,-1.72023,1.53849,-0.94022,0.6596,0.2114,-0.44705,1.06425,-0.78471,0.5914,0,0,0,1,0,0,0,0,0,1,0,0,0,0,0,1
-0.31731,-0.98079,-1.51202,-1.24758,-1.72023,-0.64958,-0.94022,-0.15215,-0.38044,-0.65774,-0.93904,-0.78471,-1.35898,0,0,0,0,0,1,1,0,0,0,0,1,0,0,0,0
0.84182,0.49732,-0.0027,0.50495,0.08935,-0.64958,-0.94022,1.92233,0.69038,-0.78313,1.06425,-0.78471,-0.04306,1,0,0,0,0,0,1,0,0,0,0,0,1,0,0,0
0.26225,-0.48808,-1.2964,-0.6634,-1.40089,-0.64958,-0.94022,-0.15215,-0.05237,0.31367,1.06425,1.27355,-1.81328,0,0,0,0,0,1,0,1,0,0,0,0,0,0,1,0
-0.89688,-1.47349,1.29101,-1.24758,1.04736,-0.64958,1.06291,-0.78351,-0.61534,0.2568,-0.93904,-0.78471,-0.81851,0,1,0,0,0,0,1,0,0,0,0,0,1,0,0,0
-1.47644,0.99002,-1.51202,-0.6634,-1.61378,1.53849,-0.94022,0.6596,1.088,1.03524,1.06425,1.27355,0.94388,0,0,0,1,0,0,0,1,0,0,0,0,0,1,0,0
0.26225,-0.48808,0.85978,0.50495,0.94091,-0.64958,-0.94022,-0.51293,-0.59041,-0.66706,-0.93904,-0.78471,1.28852,0,0,1,0,0,0,0,0,0,1,0,0,0,0,0,1
0.84182,0.99002,1.29101,-1.24758,1.04736,1.53849,1.06291,-0.51293,-0.11405,1.44776,1.06425,-0.78471,1.22586,0,0,1,0,0,0,0,0,0,1,0,0,0,1,0,0
-0.31731,-0.48808,0.21292,1.6733,0.51513,-0.64958,-0.94022,-1.05409,-0.95391,-1.61703,-0.93904,-0.78471,-0.77935,0,0,0,0,1,0,0,0,0,1,0,1,0,0,0,0
0.84182,0.99002,-1.51202,1.6733,-1.188,1.53849,-0.94022,-0.78351,-0.63634,0.10764,-0.93904,1.27355,-0.16055,0,1,0,0,0,0,0,0,1,0,0,0,0,0,1,0
-0.89688,-0.98079,-1.51202,1.6733,-1.188,-0.64958,-0.94022,0.6596,0.84785,0.62924,1.06425,-0.78471,0.75589,0,0,0,1,0,0,0,1,0,0,0,0,0,0,0,1
0.84182,0.00462,-1.08078,0.50495,-0.97511,-0.64958,1.06291,0.6596,0.97908,0.85112,1.06425,1.27355,0.21542,0,0,0,1,0,0,0,0,0,0,1,0,0,0,0,1
0.26225,-1.47349,1.29101,1.6733,1.57958,-0.64958,1.06291,-1.05409,-0.84893,0.24748,-0.93904,1.27355,-0.4582,0,0,0,0,1,0,0,0,0,0,1,1,0,0,0,0
0.84182,-0.48808,0.42854,-0.07923,0.40868,-0.64958,1.06291,-0.51293,-0.52348,-0.37014,-0.93904,-0.78471,2.00131,0,0,1,0,0,0,1,0,0,0,0,0,0,0,0,1
-0.89688,1.48273,1.50663,-0.07923,1.47314,1.53849,-0.94022,-0.15215,-0.52479,-1.08471,-0.93904,1.27355,-1.45297,0,0,0,0,0,1,1,0,0,0,0,0,0,0,1,0
-0.89688,0.99002,-1.08078,0.50495,-0.97511,1.53849,1.06291,-0.15215,0.13922,0.88048,1.06425,-0.78471,-1.72712,0,0,0,0,0,1,0,0,0,1,0,0,0,0,1,0
-0.31731,0.00462,-1.08078,-0.07923,-1.08155,-0.64958,1.06291,-0.15215,0.38724,1.61463,1.06425,1.27355,-1.5078,0,0,0,0,0,1,0,1,0,0,0,0,1,0,0,0
-0.31731,-0.98079,0.42854,0.50495,0.51513,-0.64958,1.06291,0.6596,1.55254,1.82113,1.06425,1.27355,0.70106,0,0,0,1,0,0,0,1,0,0,0,0,0,0,0,1
-0.31731,0.00462,-0.64955,-0.6634,-0.76222,-0.64958,-0.94022,1.92233,3.27032,1.83511,1.06425,1.27355,0.37208,1,0,0,0,0,0,0,1,0,0,0,0,0,0,1,0
0.26225,0.00462,-0.86517,-0.07923,-0.86866,-0.64958,1.06291,-0.15215,-0.055,0.30575,1.06425,-0.78471,-1.33548,0,0,0,0,0,1,0,0,0,1,0,0,0,0,1,0
-0.31731,-1.47349,-0.86517,1.6733,-0.54933,-0.64958,1.06291,-0.78351,-0.56022,0.64835,-0.93904,1.27355,-0.16055,0,1,0,0,0,0,0,0,1,0,0,0,0,0,1,0
0.26225,-1.47349,1.07539,-0.6634,0.94091,-0.64958,1.06291,-1.05409,-0.8778,-0.26526,-0.93904,-0.78471,-0.30154,0,0,0,0,1,0,0,0,0,1,0,1,0,0,0,0
-0.89688,-0.98079,-1.08078,0.50495,-0.97511,-0.64958,1.06291,-0.15215,-0.29646,-0.40883,1.06425,-0.78471,-1.68796,0,0,0,0,0,1,1,0,0,0,0,0,1,0,0,0
-0.31731,0.49732,-1.08078,-1.24758,-1.29444,-0.64958,1.06291,-0.78351,-0.56285,0.62971,-0.93904,1.27355,-0.38771,0,1,0,0,0,0,0,0,1,0,0,0,0,0,1,0
0.26225,-0.48808,-0.0027,-0.07923,-0.0171,-0.64958,-0.94022,1.92233,0.87147,-0.59947,1.06425,-0.78471,0.15276,1,0,0,0,0,0,0,0,0,1,0,0,0,0,1,0
-0.89688,0.49732,1.07539,-1.24758,0.83447,-0.64958,1.06291,-0.78351,-0.51429,0.97464,-0.93904,1.27355,-1.10833,0,1,0,0,0,0,0,0,1,0,0,0,0,0,0,1
-0.31731,-1.47349,0.64416,-0.6634,0.51513,-0.64958,1.06291,0.6596,0.19171,-0.48061,1.06425,-0.78471,0.12926,0,0,0,1,0,0,0,0,0,1,0,0,0,0,0,1
0.84182,-1.47349,1.50663,0.50495,1.57958,-0.64958,-0.94022,0.6596,-0.06549,-0.91551,1.06425,-0.78471,0.78722,0,0,0,1,0,0,0,0,0,0,1,0,0,1,0,0
1.42139,0.99002,1.07539,-0.07923,1.04736,1.53849,1.06291,0.6596,1.41344,1.58573,1.06425,-0.78471,0.27025,0,0,0,1,0,0,0,0,0,0,1,0,0,0,0,1
-0.31731,1.48273,0.21292,-0.07923,0.19579,1.53849,-0.94022,1.92233,-0.08124,-1.56622,1.06425,-0.78471,0.55223,1,0,0,0,0,0,1,0,0,0,0,0,1,0,0,0
0.84182,-1.47349,-0.86517,-1.24758,-1.08155,-0.64958,1.06291,-0.15215,0.0303,0.55839,1.06425,-0.78471,-1.17099,0,0,0,0,0,1,1,0,0,0,0,0,0,0,1,0
-1.47644,0.49732,-1.08078,0.50495,-0.97511,-0.64958,1.06291,-0.15215,0.17072,0.97371,1.06425,1.27355,-2.1031,0,0,0,0,0,1,0,1,0,0,0,1,0,0,0,0
1.42139,0.00462,-0.64955,0.50495,-0.54933,-0.64958,-0.94022,-0.15215,-0.43818,-0.82834,-0.93904,-0.78471,-1.35898,0,0,0,0,0,1,0,0,0,1,0,0,0,0,1,0
-0.31731,0.99002,1.29101,0.50495,1.36669,1.53849,1.06291,0.6596,0.80061,0.54953,1.06425,-0.78471,0.21542,0,0,0,1,0,0,0,0,0,1,0,1,0,0,0,0
-0.31731,1.48273,0.85978,1.6733,1.1538,1.53849,-0.94022,0.6596,-0.4618,-1.5858,-0.93904,-0.78471,0.6384,0,0,0,1,0,0,0,0,0,0,1,0,0,1,0,0
1.42139,-0.48808,-0.86517,-1.24758,-1.08155,-0.64958,1.06291,-1.05409,-0.87648,-0.24195,-0.93904,1.27355,-0.23105,0,0,0,0,1,0,0,0,0,1,0,0,0,1,0,0
-0.31731,-1.47349,-1.2964,-1.24758,-1.50733,-0.64958,-0.94022,-0.51293,-0.60222,-0.71973,-0.93904,-0.78471,1.31202,0,0,1,0,0,0,0,0,0,1,0,1,0,0,0,0
-0.89688,-0.48808,-0.86517,-1.24758,-1.08155,-0.64958,1.06291,-0.15215,-0.2794,-0.35849,1.06425,-0.78471,-1.65662,0,0,0,0,0,1,1,0,0,0,0,0,1,0,0,0
-1.47644,0.00462,-1.51202,1.6733,-1.188,-0.64958,-0.94022,-1.05409,-0.9001,-0.66147,-0.93904,1.27355,0.23109,0,0,0,0,1,0,1,0,0,0,0,0,0,1,0,0
1.42139,0.00462,0.42854,0.50495,0.51513,-0.64958,1.06291,1.92233,2.09583,0.64322,1.06425,1.27355,0.64623,1,0,0,0,0,0,0,0,0,1,0,0,0,0,1,0
-1.47644,1.48273,-1.2964,-1.24758,-1.50733,1.53849,-0.94022,-0.78351,-0.71639,-0.46103,-0.93904,-0.78471,-0.22322,0,1,0,0,0,0,1,0,0,0,0,0,1,0,0,0
-0.31731,-0.98079,-0.64955,1.6733,-0.33643,-0.64958,-0.94022,-0.78351,-0.73476,-0.59155,-0.93904,-0.78471,-0.72452,0,1,0,0,0,0,1,0,0,0,0,0,0,0,0,1
1.42139,0.49732,0.21292,-1.24758,-0.0171,-0.64958,-0.94022,-0.15215,-0.37519,-0.64189,-0.93904,-0.78471,-2.0796,0,0,0,0,0,1,0,0,0,1,0,0,0,0,1,0
1.42139,1.48273,-1.08078,0.50495,-0.97511,1.53849,1.06291,-0.51293,-0.32139,0.52716,1.06425,-0.78471,0.86555,0,0,1,0,0,0,0,0,0,0,1,0,0,0,0,1
0.26225,-1.47349,-1.51202,0.50495,-1.40089,-0.64958,-0.94022,-0.51293,-0.63502,-0.86563,-0.93904,-0.78471,1.08487,0,0,1,0,0,0,0,0,0,0,1,0,0,1,0,0
-0.31731,1.48273,-1.2964,-0.6634,-1.40089,1.53849,-0.94022,-0.78351,-0.60353,0.34071,-0.93904,1.27355,-0.30154,0,1,0,0,0,0,0,0,1,0,0,0,0,0,0,1
-1.47644,0.99002,1.29101,0.50495,1.36669,1.53849,1.06291,-1.05409,-0.83187,0.55046,-0.93904,1.27355,-0.4112,0,0,0,0,1,0,0,0,0,1,0,0,0,1,0,0
-1.47644,-0.48808,0.85978,-0.6634,0.72802,-0.64958,-0.94022,-0.51293,-0.48017,-0.17763,-0.93904,1.27355,2.02481,0,0,1,0,0,0,0,0,0,1,0,1,0,0,0,0
-0.31731,0.00462,1.50663,-0.07923,1.47314,-0.64958,-0.94022,-1.05409,-0.94735,-1.5005,-0.93904,-0.78471,-0.37987,0,0,0,0,1,0,0,0,0,0,1,0,0,0,0,1
-0.89688,0.99002,1.29101,1.6733,1.57958,1.53849,1.06291,-0.15215,0.04867,0.61246,1.06425,1.27355,-1.61746,0,0,0,0,0,1,1,0,0,0,0,1,0,0,0,0
1.42139,1.48273,-1.08078,1.6733,-0.76222,1.53849,1.06291,-0.15215,0.30326,1.36619,1.06425,1.27355,-1.94644,0,0,0,0,0,1,0,1,0,0,0,0,0,0,1,0
-0.89688,0.00462,-0.0027,-0.6634,-0.12354,-0.64958,-0.94022,-1.05409,-0.96834,-1.8734,-0.93904,1.27355,-0.29371,0,0,0,0,1,0,0,0,0,0,1,0,0,0,0,1
0.84182,-0.98079,-1.51202,1.6733,-1.188,-0.64958,-0.94022,1.92233,1.15624,-0.31047,1.06425,-0.78471,0.62273,1,0,0,0,0,0,0,0,0,1,0,0,0,0,1,0
1.42139,0.99002,-1.08078,0.50495,-0.97511,1.53849,1.06291,0.6596,0.75862,0.47821,1.06425,-0.78471,0.41124,0,0,0,1,0,0,0,0,0,1,0,1,0,0,0,0
1.42139,1.48273,-0.86517,-0.6634,-0.97511,1.53849,1.06291,0.6596,0.82948,0.59801,1.06425,-0.78471,0.19192,0,0,0,1,0,0,0,0,0,0,1,1,0,0,0,0
-1.47644,-0.48808,-1.2964,-0.6634,-1.40089,-0.64958,-0.94022,-0.15215,0.06573,0.66327,1.06425,1.27355,-1.79761,0,0,0,0,0,1,0,1,0,0,0,0,0,0,1,0
0.26225,0.49732,-1.08078,-0.6634,-1.188,-0.64958,1.06291,-0.51293,-0.27808,0.7192,1.06425,-0.78471,1.63316,0,0,1,0,0,0,0,0,0,0,1,0,0,1,0,0
-0.89688,-0.98079,0.64416,1.6733,0.94091,-0.64958,1.06291,-0.51293,-0.4723,-0.14313,-0.93904,-0.78471,1.68016,0,0,1,0,0,0,1,0,0,0,0,0,0,0,0,1
0.26225,-0.48808,0.42854,-0.6634,0.30224,-0.64958,1.06291,-0.15215,-0.14423,0.04145,1.06425,1.27355,-1.49997,0,0,0,0,0,1,1,0,0,0,0,1,0,0,0,0
-0.89688,-0.98079,-0.0027,-1.24758,-0.22999,-0.64958,-0.94022,-0.78351,-0.44606,1.45941,-0.93904,1.27355,-0.39554,0,1,0,0,0,0,0,0,1,0,0,0,0,0,1,0
0.84182,0.99002,0.64416,-0.07923,0.62158,1.53849,1.06291,-1.05409,-0.82137,0.73691,-0.93904,-0.78471,-0.66185,0,0,0,0,1,0,0,0,0,0,1,0,0,0,0,1
-0.89688,-0.48808,-0.86517,-1.24758,-1.08155,-0.64958,1.06291,-0.51293,-0.37126,0.30575,-0.93904,-0.78471,1.39818,0,0,1,0,0,0,1,0,0,0,0,0,0,0,0,1
-0.89688,0.00462,0.42854,-1.24758,0.19579,-0.64958,1.06291,-0.15215,-0.25184,-0.27691,1.06425,-0.78471,-1.18665,0,0,0,0,0,1,1,0,0,0,0,0,0,0,1,0
-0.89688,1.48273,0.85978,-0.6634,0.72802,1.53849,-0.94022,0.6596,0.16415,-0.52722,1.06425,-0.78471,0.88905,0,0,0,1,0,0,0,0,0,1,0,1,0,0,0,0
-0.89688,-0.48808,0.42854,0.50495,0.51513,-0.64958,1.06291,-0.15215,0.03161,0.56212,1.06425,-0.78471,-1.60179,0,0,0,0,0,1,0,0,0,1,0,0,1,0,0,0
-0.31731,0.49732,-0.64955,0.50495,-0.54933,-0.64958,-0.94022,0.6596,1.1523,1.14431,1.06425,1.27355,1.17886,0,0,0,1,0,0,0,1,0,0,0,0,0,1,0,0
0.84182,0.49732,0.21292,-0.6634,0.08935,-0.64958,-0.94022,-0.78351,-0.5038,1.04922,-0.93904,1.27355,-0.70885,0,1,0,0,0,0,0,0,1,0,0,0,0,0,1,0
0.26225,1.48273,-1.51202,0.50495,-1.40089,1.53849,-0.94022,-0.15215,-0.429,-0.80131,-0.93904,-0.78471,-1.97777,0,0,0,0,0,1,0,0,0,1,0,0,1,0,0,0
-1.47644,-0.48808,-1.2964,0.50495,-1.188,-0.64958,-0.94022,1.92233,0.08673,-1.39609,1.06425,-0.78471,0.74805,1,0,0,0,0,0,0,0,0,1,0,1,0,0,0,0
-1.47644,0.99002,0.85978,1.6733,1.1538,1.53849,-0.94022,0.6596,-0.14948,-1.05768,1.06425,-0.78471,0.93604,0,0,0,1,0,0,0,0,0,0,1,0,0,1,0,0
0.26225,1.48273,-0.0027,1.6733,0.30224,1.53849,-0.94022,-0.51293,-0.70326,-1.16862,-0.93904,-0.78471,1.31202,0,0,1,0,0,0,0,0,0,0,1,1,0,0,0,0
0.84182,1.48273,-1.2964,-0.07923,-1.29444,1.53849,-0.94022,0.6596,1.31896,1.42632,1.06425,-0.78471,0.75589,0,0,0,1,0,0,0,1,0,0,0,0,0,0,0,1
0.26225,1.48273,-1.08078,0.50495,-0.97511,1.53849,1.06291,-0.15215,0.00668,0.48847,1.06425,-0.78471,-1.01433,0,0,0,0,0,1,1,0,0,0,0,0,1,0,0,0
-1.47644,0.49732,0.85978,0.50495,0.94091,-0.64958,-0.94022,-0.78351,-0.81743,-1.17887,-0.93904,-0.78471,-0.42687,0,1,0,0,0,0,1,0,0,0,0,0,1,0,0,0
-0.31731,-1.47349,-0.86517,-0.6634,-0.97511,-0.64958,1.06291,-0.78351,-0.5471,0.74158,-0.93904,1.27355,-1.18665,0,1,0,0,0,0,0,0,1,0,0,0,1,0,0,0
0.26225,0.99002,-0.64955,-1.24758,-0.86866,1.53849,-0.94022,-0.78351,-0.76625,-0.81529,-0.93904,-0.78471,-0.62269,0,1,0,0,0,0,1,0,0,0,0,0,0,0,0,1
-0.89688,-1.47349,0.21292,-0.6634,0.08935,-0.64958,-0.94022,-0.51293,-0.61534,-0.778,-0.93904,1.27355,0.92821,0,0,1,0,0,0,0,0,0,0,1,0,0,1,0,0
-1.47644,0.99002,0.42854,-0.6634,0.30224,1.53849,1.06291,1.92233,1.78219,0.32486,1.06425,-0.78471,0.65406,1,0,0,0,0,0,0,0,0,1,0,0,0,0,1,0
1.42139,0.99002,1.50663,-0.07923,1.47314,1.53849,-0.94022,0.6596,0.39905,-0.13008,1.06425,1.27355,0.44257,0,0,0,1,0,0,0,0,0,0,1,0,0,0,0,1
0.84182,0.99002,1.50663,-0.6634,1.36669,1.53849,-0.94022,-0.78351,-0.69801,-0.33052,-0.93904,-0.78471,-0.19188,0,1,0,0,0,0,1,0,0,0,0,0,0,0,1,0
-1.47644,0.00462,0.21292,1.6733,0.51513,-0.64958,-0.94022,0.6596,-0.49199,-1.63707,-0.93904,1.27355,1.1162,0,0,0,1,0,0,0,0,0,0,1,0,0,1,0,0
1.42139,0.49732,-1.2964,-1.24758,-1.50733,-0.64958,-0.94022,1.92233,-0.09174,-1.57694,1.06425,1.27355,-0.25455,1,0,0,0,0,0,1,0,0,0,0,0,0,0,1,0
-0.89688,-0.98079,0.21292,1.6733,0.51513,-0.64958,-0.94022,1.92233,0.9279,-0.54214,1.06425,1.27355,0.58357,1,0,0,0,0,0,0,0,0,1,0,0,0,0,1,0
0.84182,0.00462,-1.2964,1.6733,-0.97511,-0.64958,-0.94022,0.6596,-0.10355,-0.97983,1.06425,-0.78471,0.83422,0,0,0,1,0,0,0,0,0,0,1,0,0,1,0,0
1.42139,1.48273,-0.0027,-0.6634,-0.12354,1.53849,-0.94022,-0.15215,-0.41719,-0.76635,-0.93904,1.27355,-0.95167,0,0,0,0,0,1,1,0,0,0,0,0,0,0,1,0
1.42139,-1.47349,1.07539,1.6733,1.36669,-0.64958,1.06291,0.6596,0.12216,-0.59808,1.06425,-0.78471,1.14753,0,0,0,1,0,0,0,0,0,1,0,0,0,1,0,0
-0.89688,0.99002,0.85978,-0.6634,0.72802,1.53849,-0.94022,-0.15215,-0.30302,-0.4284,1.06425,-0.78471,-1.02216,0,0,0,0,0,1,1,0,0,0,0,1,0,0,0,0
-1.47644,0.00462,0.42854,1.6733,0.72802,-0.64958,1.06291,1.92233,2.06827,0.61526,1.06425,1.27355,-0.15272,1,0,0,0,0,0,0,0,0,1,0,0,1,0,0,0
0.26225,0.99002,-1.2964,0.50495,-1.188,1.53849,-0.94022,-0.51293,-0.49592,-0.24755,-0.93904,-0.78471,1.75066,0,0,1,0,0,0,0,0,0,1,0,0,0,0,0,1
0.84182,0.99002,0.21292,0.50495,0.30224,1.53849,-0.94022,-0.51293,-0.79906,-1.59372,-0.93904,1.27355,1.82115,0,0,1,0,0,0,1,0,0,0,0,0,0,0,0,1
0.26225,-1.47349,1.29101,-1.24758,1.04736,-0.64958,1.06291,0.6596,1.26516,1.33496,1.06425,1.27355,0.0666,0,0,0,1,0,0,0,1,0,0,0,1,0,0,0,0
-0.31731,0.49732,0.85978,0.50495,0.94091,-0.64958,-0.94022,-1.05409,-0.94866,-1.5238,-0.93904,-0.78471,-0.72452,0,0,0,0,1,0,0,0,0,0,1,1,0,0,0,0
-0.31731,-0.98079,-1.08078,1.6733,-0.76222,-0.64958,1.06291,-1.05409,-0.8358,0.48054,-0.93904,-0.78471,-0.34071,0,0,0,0,1,0,0,0,0,1,0,0,0,0,0,1
1.42139,0.49732,-0.86517,-0.07923,-0.86866,-0.64958,1.06291,-1.05409,-0.82924,0.59708,-0.93904,-0.78471,0.19192,0,0,0,0,1,0,0,0,0,1,0,0,0,1,0,0
0.84182,0.49732,-1.2964,-1.24758,-1.50733,-0.64958,-0.94022,1.92233,2.7874,1.34475,1.06425,1.27355,0.82638,1,0,0,0,0,0,0,1,0,0,0,0,0,0,1,0
-0.31731,0.49732,-0.86517,-0.6634,-0.97511,-0.64958,1.06291,-0.15215,-0.21247,-0.16038,1.06425,1.27355,-2.11093,0,0,0,0,0,1,1,0,0,0,0,0,1,0,0,0
-1.47644,0.49732,0.85978,1.6733,1.1538,-0.64958,-0.94022,-1.05409,-0.94735,-1.5005,-0.93904,-0.78471,0.23892,0,0,0,0,1,0,1,0,0,0,0,0,0,0,0,1
-0.89688,1.48273,-1.08078,0.50495,-0.97511,1.53849,1.06291,0.6596,1.48431,1.70599,1.06425,-0.78471,0.75589,0,0,0,1,0,0,0,1,0,0,0,0,0,0,0,1
1.42139,0.00462,1.07539,0.50495,1.1538,-0.64958,1.06291,-0.15215,0.56046,2.12737,1.06425,1.27355,-1.77412,0,0,0,0,0,1,0,1,0,0,0,0,0,0,1,0
-0.89688,-1.47349,1.07539,-1.24758,0.83447,-0.64958,1.06291,0.6596,0.82685,0.59381,1.06425,-0.78471,0.5444,0,0,0,1,0,0,0,0,0,1,0,0,0,0,0,1
1.42139,-1.47349,1.07539,-0.6634,0.94091,-0.64958,1.06291,-0.78351,-0.72295,-0.50765,-0.93904,-0.78471,-1.33548,0,1,0,0,0,0,1,0,0,0,0,0,0,0,0,1
-1.47644,1.48273,0.42854,0.50495,0.51513,1.53849,1.06291,-0.15215,0.31638,1.40488,1.06425,-0.78471,-1.46864,0,0,0,0,0,1,1,0,0,0,0,0,1,0,0,0
0.26225,0.49732,0.64416,-0.07923,0.62158,-0.64958,1.06291,-0.15215,0.22321,1.12939,1.06425,1.27355,-0.90467,0,0,0,0,0,1,1,0,0,0,0,0,1,0,0,0
0.84182,-1.47349,0.64416,-0.6634,0.51513,-0.64958,1.06291,0.6596,1.64309,1.97448,1.06425,1.27355,0.88905,0,0,0,1,0,0,0,1,0,0,0,1,0,0,0,0
0.26225,-1.47349,0.64416,-0.6634,0.51513,-0.64958,1.06291,0.6596,0.36362,-0.18975,1.06425,1.27355,0.97521,0,0,0,1,0,0,0,0,0,0,1,0,0,1,0,0
-1.47644,0.99002,1.07539,-1.24758,0.83447,1.53849,1.06291,-0.15215,0.3505,1.50603,1.06425,1.27355,-1.53913,0,0,0,0,0,1,0,1,0,0,0,1,0,0,0,0
-1.47644,0.99002,0.42854,-0.07923,0.40868,1.53849,1.06291,1.92233,3.21258,1.77638,1.06425,1.27355,0.56007,1,0,0,0,0,0,0,1,0,0,0,0,0,0,1,0
0.26225,0.49732,-0.0027,-0.07923,-0.0171,-0.64958,-0.94022,-0.51293,-0.52348,-0.37014,-0.93904,-0.78471,1.1397,0,0,1,0,0,0,1,0,0,0,0,0,0,1,0,0
0.26225,0.99002,1.50663,-0.07923,1.47314,1.53849,-0.94022,-0.15215,-0.71114,-1.63661,-0.93904,1.27355,-2.11876,0,0,0,0,0,1,0,0,0,1,0,0,0,0,1,0
0.26225,-0.48808,0.85978,1.6733,1.1538,-0.64958,-0.94022,0.6596,0.2547,-0.37387,1.06425,-0.78471,0.6149,0,0,0,1,0,0,0,0,0,1,0,0,0,1,0,0
1.42139,0.00462,0.21292,-0.6634,0.08935,-0.64958,-0.94022,-0.78351,-0.48542,1.17974,-0.93904,-0.78471,-1.08483,0,1,0,0,0,0,0,0,1,0,0,0,1,0,0,0
-1.47644,-1.47349,1.29101,0.50495,1.36669,-0.64958,1.06291,-1.05409,-0.85942,0.06103,-0.93904,-0.78471,-0.63836,0,0,0,0,1,0,0,0,0,1,0,0,0,1,0,0
-0.89688,1.48273,0.21292,0.50495,0.30224,1.53849,-0.94022,1.92233,2.49738,1.05062,1.06425,-0.78471,0.30942,1,0,0,0,0,0,0,1,0,0,0,0,0,0,1,0
-1.47644,-1.47349,-1.51202,-0.6634,-1.61378,-0.64958,-0.94022,-0.51293,-0.67308,-1.03437,-0.93904,-0.78471,1.46084,0,0,1,0,0,0,0,0,0,1,0,1,0,0,0,0
0.26225,1.48273,-1.51202,1.6733,-1.188,1.53849,-0.94022,-0.15215,-0.28465,-0.37387,1.06425,-0.78471,-1.01433,0,0,0,0,0,1,1,0,0,0,0,0,1,0,0,0
-1.47644,-0.48808,0.42854,0.50495,0.51513,-0.64958,1.06291,-0.51293,-0.36732,0.32299,-0.93904,-0.78471,1.6645,0,0,1,0,0,0,0,0,0,0,1,1,0,0,0,0
-0.89688,0.49732,0.21292,0.50495,0.30224,-0.64958,-0.94022,1.92233,3.20208,1.76566,1.06425,1.27355,-0.25455,1,0,0,0,0,0,0,1,0,0,0,0,1,0,0,0
0.84182,0.99002,1.29101,-0.6634,1.1538,1.53849,1.06291,0.6596,1.40294,1.56802,1.06425,1.27355,0.21542,0,0,0,1,0,0,0,1,0,0,0,1,0,0,0,0
1.42139,0.00462,-1.08078,1.6733,-0.76222,-0.64958,1.06291,-0.78351,-0.64159,0.07035,-0.93904,1.27355,-0.88117,0,1,0,0,0,0,0,0,1,0,0,0,1,0,0,0
1.42139,0.99002,1.29101,0.50495,1.36669,1.53849,1.06291,0.6596,1.25991,1.3261,1.06425,-0.78471,0.33291,0,0,0,1,0,0,0,0,0,1,0,1,0,0,0,0
-0.31731,-1.47349,0.21292,-0.07923,0.19579,-0.64958,-0.94022,-1.05409,-0.96441,-1.80348,-0.93904,-0.78471,-0.4112,0,0,0,0,1,0,0,0,0,1,0,0,0,0,0,1
0.26225,0.99002,-0.86517,-0.6634,-0.97511,1.53849,1.06291,-0.15215,0.04474,0.60081,1.06425,1.27355,-1.80545,0,0,0,0,0,1,1,0,0,0,0,0,0,0,1,0
-1.47644,0.99002,-1.2964,-1.24758,-1.50733,1.53849,-0.94022,0.6596,0.16415,-0.52722,1.06425,-0.78471,0.35641,0,0,0,1,0,0,0,0,0,1,0,1,0,0,0,0
-1.47644,0.99002,-1.51202,-1.24758,-1.72023,1.53849,-0.94022,-0.51293,-0.82662,-1.71585,-0.93904,1.27355,1.50784,0,0,1,0,0,0,0,0,0,0,1,0,0,0,0,1
0.84182,-0.48808,0.42854,-1.24758,0.19579,-0.64958,1.06291,-0.15215,0.15366,0.92337,1.06425,1.27355,-1.5313,0,0,0,0,0,1,0,1,0,0,0,0,1,0,0,0
0.84182,0.49732,-0.86517,-1.24758,-1.08155,-0.64958,1.06291,-0.15215,-0.32139,-0.48294,1.06425,-0.78471,-1.45297,0,0,0,0,0,1,0,0,0,1,0,0,0,0,1,0
1.42139,-1.47349,0.42854,-0.6634,0.30224,-0.64958,1.06291,1.92233,1.34783,-0.1161,1.06425,-0.78471,0.74805,1,0,0,0,0,0,0,0,0,1,0,1,0,0,0,0
-0.89688,-1.47349,1.50663,1.6733,1.79248,-0.64958,-0.94022,-0.15215,-0.75969,-1.78018,-0.93904,1.27355,-1.5548,0,0,0,0,0,1,0,0,0,1,0,1,0,0,0,0
0.84182,0.00462,1.07539,0.50495,1.1538,-0.64958,1.06291,-1.05409,-0.85155,0.20087,-0.93904,-0.78471,0.13709,0,0,0,0,1,0,0,0,0,0,1,0,0,0,0,1
1.42139,-0.98079,-1.08078,0.50495,-0.97511,-0.64958,1.06291,-0.51293,-0.55629,-0.51604,-0.93904,1.27355,1.641,0,0,1,0,0,0,0,0,0,0,1,0,0,1,0,0
1.42139,0.49732,-1.08078,1.6733,-0.76222,-0.64958,1.06291,-0.51293,-0.39488,0.20087,-0.93904,-0.78471,1.60183,0,0,1,0,0,0,0,0,0,1,0,1,0,0,0,0
-1.47644,0.00462,-1.08078,-0.6634,-1.188,-0.64958,1.06291,-0.51293,-0.51036,-0.31187,-0.93904,-0.78471,1.21802,0,0,1,0,0,0,1,0,0,0,0,1,0,0,0,0
-0.89688,0.99002,0.85978,-0.07923,0.83447,1.53849,-0.94022,-1.05409,-0.94078,-1.38397,-0.93904,-0.78471,-0.19188,0,0,0,0,1,0,0,0,0,0,1,0,0,0,0,1
-1.47644,0.49732,0.21292,-1.24758,-0.0171,-0.64958,-0.94022,-0.51293,-0.65733,-0.96445,-0.93904,-0.78471,1.26502,0,0,1,0,0,0,0,0,0,0,1,0,0,0,0,1
1.42139,-0.48808,1.29101,-0.6634,1.1538,-0.64958,1.06291,-0.51293,-0.48149,-0.18369,-0.93904,1.27355,1.89165,0,0,1,0,0,0,0,0,0,1,0,0,0,0,0,1
0.26225,0.49732,0.64416,1.6733,0.94091,-0.64958,1.06291,0.6596,1.00664,0.89773,1.06425,1.27355,0.82638,0,0,0,1,0,0,0,1,0,0,0,1,0,0,0,0
0.26225,-0.48808,1.50663,0.50495,1.57958,-0.64958,-0.94022,1.92233,-0.06418,-1.54898,1.06425,-0.78471,0.33291,1,0,0,0,0,0,0,0,0,1,0,1,0,0,0,0
1.42139,-0.98079,-1.2964,-0.6634,-1.40089,-0.64958,-0.94022,-0.51293,-0.72426,-1.26184,-0.93904,-0.78471,0.82638,0,0,1,0,0,0,0,0,0,0,1,0,0,1,0,0
0.84182,0.99002,-0.0027,0.50495,0.08935,1.53849,-0.94022,-0.15215,-0.66389,-1.49677,-0.93904,-0.78471,-2.11876,0,0,0,0,0,1,1,0,0,0,0,0,1,0,0,0
-1.47644,1.48273,0.64416,1.6733,0.94091,1.53849,1.06291,-1.05409,-0.78856,1.31957,-0.93904,1.27355,-0.52086,0,0,0,0,1,0,0,0,0,1,0,0,0,0,0,1
-1.47644,0.99002,-1.2964,0.50495,-1.188,1.53849,-0.94022,-0.78351,-0.83449,-1.30006,-0.93904,-0.78471,-0.84201,0,1,0,0,0,0,1,0,0,0,0,0,1,0,0,0
-1.47644,1.48273,1.29101,0.50495,1.36669,1.53849,1.06291,-0.78351,-0.59041,0.43393,-0.93904,-0.78471,-0.83418,0,1,0,0,0,0,1,0,0,0,0,0,0,0,0,1
0.26225,-1.47349,-1.08078,-1.24758,-1.29444,-0.64958,1.06291,-0.15215,0.00537,0.48427,1.06425,-0.78471,-1.31198,0,0,0,0,0,1,0,1,0,0,0,0,0,0,1,0
1.42139,0.00462,0.85978,1.6733,1.1538,-0.64958,-0.94022,-0.15215,-0.72426,-1.6753,-0.93904,1.27355,-1.41381,0,0,0,0,0,1,0,0,0,1,0,1,0,0,0,0
-0.89688,1.48273,0.42854,0.50495,0.51513,1.53849,1.06291,-0.15215,0.39511,1.63794,1.06425,-0.78471,-1.34331,0,0,0,0,0,1,0,0,0,1,0,0,1,0,0,0
1.42139,0.99002,-0.64955,0.50495,-0.54933,1.53849,-0.94022,0.6596,0.97383,0.84226,1.06425,1.27355,0.4974,0,0,0,1,0,0,0,1,0,0,0,1,0,0,0,0
0.84182,1.48273,-0.0027,-1.24758,-0.22999,1.53849,-0.94022,-0.15215,-0.39225,-0.6927,-0.93904,1.27355,-0.99083,0,0,0,0,0,1,0,0,0,1,0,0,0,0,1,0
-0.89688,1.48273,-0.86517,-1.24758,-1.08155,1.53849,1.06291,1.92233,2.11682,0.6642,1.06425,1.27355,0.65406,1,0,0,0,0,0,1,0,0,0,0,1,0,0,0,0
-0.89688,-0.48808,1.07539,0.50495,1.1538,-0.64958,1.06291,-1.05409,-0.85942,0.06103,-0.93904,-0.78471,-0.60702,0,0,0,0,1,0,0,0,0,0,1,1,0,0,0,0
-1.47644,0.99002,-1.2964,-0.07923,-1.29444,1.53849,-0.94022,-0.15215,-0.44081,-0.83627,-0.93904,-0.78471,-2.0796,0,0,0,0,0,1,1,0,0,0,0,0,0,0,1,0
1.42139,-0.48808,-1.2964,-1.24758,-1.50733,-0.64958,-0.94022,0.6596,1.53024,1.78337,1.06425,-0.78471,0.19192,0,0,0,1,0,0,0,1,0,0,0,1,0,0,0,0
-0.89688,-0.98079,0.64416,0.50495,0.72802,-0.64958,1.06291,0.6596,0.98039,0.85345,1.06425,1.27355,0.34858,0,0,0,1,0,0,0,1,0,0,0,1,0,0,0,0
-0.31731,-0.98079,1.29101,-0.6634,1.1538,-0.64958,1.06291,-1.05409,-0.86861,-0.10212,-0.93904,1.27355,-0.16055,0,0,0,0,1,0,0,0,0,0,1,1,0,0,0,0
-0.89688,0.99002,0.42854,0.50495,0.51513,1.53849,1.06291,-0.15215,0.46467,1.84397,1.06425,-0.78471,-1.14749,0,0,0,0,0,1,0,1,0,0,0,1,0,0,0,0
0.84182,-1.47349,-1.2964,-0.07923,-1.29444,-0.64958,-0.94022,-0.15215,0.20221,1.06693,1.06425,1.27355,-1.71145,0,0,0,0,0,1,0,1,0,0,0,0,0,0,1,0
-0.31731,0.00462,-0.64955,-0.07923,-0.65577,-0.64958,-0.94022,-0.78351,-0.55497,0.68564,-0.93904,1.27355,-1.0535,0,1,0,0,0,0,0,0,1,0,0,0,0,0,0,1
-0.31731,0.00462,0.42854,1.6733,0.72802,-0.64958,1.06291,-0.51293,-0.43293,0.03213,-0.93904,-0.78471,0.81855,0,0,1,0,0,0,0,0,0,1,0,0,0,0,0,1
-1.47644,-0.98079,0.21292,-0.07923,0.19579,-0.64958,-0.94022,-0.15215,0.51847,2.00338,1.06425,-0.78471,-1.19449,0,0,0,0,0,1,0,1,0,0,0,0,1,0,0,0
-1.47644,-0.48808,-1.51202,0.50495,-1.40089,-0.64958,-0.94022,-0.51293,-0.73213,-1.29633,-0.93904,-0.78471,1.74282,0,0,1,0,0,0,1,0,0,0,0,1,0,0,0,0
1.42139,-0.98079,-0.0027,-0.6634,-0.12354,-0.64958,-0.94022,-0.51293,-0.51167,-0.31747,-0.93904,1.27355,1.31202,0,0,1,0,0,0,0,0,0,1,0,0,0,1,0,0
-0.31731,-1.47349,-0.64955,-0.07923,-0.65577,-0.64958,-0.94022,0.6596,-0.21247,-1.16442,1.06425,-0.78471,0.5209,0,0,0,1,0,0,0,0,0,0,1,0,0,1,0,0
0.84182,0.99002,-1.2964,0.50495,-1.188,1.53849,-0.94022,-0.51293,-0.66914,-1.01666,-0.93904,-0.78471,1.50784,0,0,1,0,0,0,0,0,0,1,0,1,0,0,0,0
1.42139,0.00462,-0.64955,-0.6634,-0.76222,-0.64958,-0.94022,-1.05409,-0.92241,-1.05768,-0.93904,-0.78471,-0.46603,0,0,0,0,1,0,1,0,0,0,0,0,0,0,0,1
-0.31731,-1.47349,-0.86517,-0.07923,-0.86866,-0.64958,1.06291,1.92233,1.65884,0.19947,1.06425,-0.78471,0.66189,1,0,0,0,0,0,0,0,0,1,0,0,0,0,1,0
-1.47644,-0.48808,0.85978,1.6733,1.1538,-0.64958,-0.94022,-0.78351,-0.67308,-0.15339,-0.93904,-0.78471,-1.17099,0,1,0,0,0,0,1,0,0,0,0,0,1,0,0,0
-0.89688,1.48273,-1.08078,-0.07923,-1.08155,1.53849,1.06291,1.92233,2.35828,0.90938,1.06425,-0.78471,-0.01956,1,0,0,0,0,0,0,0,0,1,0,1,0,0,0,0
-0.89688,0.49732,0.85978,-0.07923,0.83447,-0.64958,-0.94022,0.6596,-0.19147,-1.12853,1.06425,-0.78471,0.51307,0,0,0,1,0,0,0,0,0,0,1,0,0,0,0,1
0.84182,0.99002,-0.86517,-0.6634,-0.97511,1.53849,1.06291,-1.05409,-0.80562,1.01659,-0.93904,-0.78471,-0.45037,0,0,0,0,1,0,0,0,0,1,0,0,0,1,0,0
1.42139,0.00462,-1.51202,1.6733,-1.188,-0.64958,-0.94022,-0.78351,-0.88567,-1.66364,-0.93904,-0.78471,-0.51303,0,1,0,0,0,0,1,0,0,0,0,0,1,0,0,0
0.84182,1.48273,1.50663,0.50495,1.57958,1.53849,-0.94022,-0.78351,-0.66127,-0.06949,-0.93904,1.27355,-1.15532,0,1,0,0,0,0,0,0,1,0,0,0,0,0,1,0
0.84182,0.00462,-0.64955,-0.6634,-0.76222,-0.64958,-0.94022,-1.05409,-0.91323,-0.89453,-0.93904,-0.78471,-0.92034,0,0,0,0,1,0,0,0,0,1,0,0,0,0,0,1
-0.89688,-0.98079,-0.0027,1.6733,0.30224,-0.64958,-0.94022,0.6596,1.35308,1.48365,1.06425,1.27355,1.08487,0,0,0,1,0,0,0,1,0,0,0,0,0,1,0,0
-0.31731,0.99002,1.50663,0.50495,1.57958,1.53849,-0.94022,1.92233,2.99868,1.55916,1.06425,1.27355,0.4974,1,0,0,0,0,0,0,1,0,0,0,0,1,0,0,0
0.84182,0.49732,1.07539,-0.07923,1.04736,-0.64958,1.06291,0.6596,1.40819,1.57688,1.06425,-0.78471,0.85771,0,0,0,1,0,0,0,1,0,0,0,1,0,0,0,0
1.42139,0.49732,0.42854,-0.07923,0.40868,-0.64958,1.06291,-0.15215,0.13791,0.87675,1.06425,1.27355,-1.85244,0,0,0,0,0,1,0,1,0,0,0,1,0,0,0,0
0.84182,0.00462,0.64416,-1.24758,0.40868,-0.64958,1.06291,-1.05409,-0.83449,0.50385,-0.93904,-0.78471,-0.0039,0,0,0,0,1,0,1,0,0,0,0,0,0,1,0,0
-0.89688,1.48273,-0.64955,0.50495,-0.54933,1.53849,-0.94022,-0.51293,-0.64552,-0.91225,-0.93904,-0.78471,1.33552,0,0,1,0,0,0,0,0,0,0,1,0,0,1,0,0
-0.31731,0.99002,-1.08078,0.50495,-0.97511,1.53849,1.06291,-0.51293,-0.39881,0.18315,-0.93904,-0.78471,1.78982,0,0,1,0,0,0,0,0,0,1,0,0,0,1,0,0
-1.47644,-0.98079,1.50663,-0.07923,1.47314,-0.64958,-0.94022,-0.51293,-0.56416,-0.55053,-0.93904,-0.78471,1.25719,0,0,1,0,0,0,0,0,0,1,0,1,0,0,0,0
0.26225,-1.47349,-1.2964,0.50495,-1.188,-0.64958,-0.94022,-0.78351,-0.74263,-0.64748,-0.93904,1.27355,-0.68535,0,1,0,0,0,0,1,0,0,0,0,0,0,0,1,0
0.84182,0.00462,-0.0027,0.50495,0.08935,-0.64958,-0.94022,-0.78351,-0.71114,-0.42374,-0.93904,-0.78471,-1.11616,0,1,0,0,0,0,1,0,0,0,0,0,1,0,0,0
-0.89688,-1.47349,-0.86517,0.50495,-0.76222,-0.64958,1.06291,1.92233,2.26905,0.81895,1.06425,1.27355,0.64623,1,0,0,0,0,0,1,0,0,0,0,1,0,0,0,0
-0.89688,1.48273,-1.2964,-0.6634,-1.40089,1.53849,-0.94022,-0.78351,-0.52217,0.9187,-0.93904,1.27355,-0.87334,0,1,0,0,0,0,0,0,1,0,0,0,1,0,0,0
1.42139,-1.47349,-0.86517,0.50495,-0.76222,-0.64958,1.06291,-0.15215,-0.03138,0.37567,1.06425,1.27355,-0.99867,0,0,0,0,0,1,0,0,0,1,0,1,0,0,0,0
1.42139,0.49732,0.64416,-1.24758,0.40868,-0.64958,1.06291,-0.78351,-0.67702,-0.18136,-0.93904,-0.78471,-0.17622,0,1,0,0,0,0,1,0,0,0,0,0,0,0,0,1
-0.31731,-0.98079,-1.51202,-0.6634,-1.61378,-0.64958,-0.94022,0.6596,1.15492,1.14851,1.06425,-0.78471,0.92821,0,0,0,1,0,0,0,1,0,0,0,0,0,0,0,1
1.42139,0.99002,0.64416,-0.07923,0.62158,1.53849,1.06291,-0.51293,-0.12717,1.38949,1.06425,-0.78471,1.46868,0,0,1,0,0,0,1,0,0,0,0,0,0,1,0,0
-0.31731,0.00462,-0.0027,0.50495,0.08935,-0.64958,-0.94022,0.6596,-0.55891,-1.75034,-0.93904,1.27355,0.67756,0,0,0,1,0,0,0,0,0,1,0,0,0,0,0,1
0.84182,0.49732,-0.0027,0.50495,0.08935,-0.64958,-0.94022,-0.78351,-0.57072,0.57377,-0.93904,1.27355,-0.64619,0,1,0,0,0,0,0,0,1,0,0,0,0,0,0,1
-0.89688,1.48273,1.07539,-0.6634,0.94091,1.53849,1.06291,-1.05409,-0.82662,0.64369,-0.93904,1.27355,0.27025,0,0,0,0,1,0,1,0,0,0,0,1,0,0,0,0
-1.47644,0.99002,0.64416,0.50495,0.72802,1.53849,1.06291,-0.78351,-0.43293,1.55264,-0.93904,-0.78471,-1.28065,0,1,0,0,0,0,1,0,0,0,0,0,0,0,1,0
1.42139,0.99002,-1.51202,-0.07923,-1.50733,1.53849,-0.94022,1.92233,2.27299,0.82268,1.06425,1.27355,0.41124,1,0,0,0,0,0,0,1,0,0,0,1,0,0,0,0
1.42139,0.49732,0.42854,1.6733,0.72802,-0.64958,1.06291,-0.51293,-0.57728,-0.60926,-0.93904,-0.78471,1.20236,0,0,1,0,0,0,1,0,0,0,0,0,0,1,0,0
-0.89688,1.48273,0.64416,-0.6634,0.51513,1.53849,1.06291,-0.78351,-0.5681,0.59242,-0.93904,-0.78471,-1.29631,0,1,0,0,0,0,1,0,0,0,0,0,0,0,0,1
-0.31731,0.00462,-0.86517,1.6733,-0.54933,-0.64958,1.06291,1.92233,0.80848,-0.66333,1.06425,-0.78471,-0.01173,1,0,0,0,0,0,1,0,0,0,0,0,0,0,1,0
0.26225,0.00462,1.07539,0.50495,1.1538,-0.64958,1.06291,-1.05409,-0.90273,-0.70808,-0.93904,1.27355,-0.31721,0,0,0,0,1,0,0,0,0,0,1,1,0,0,0,0
-1.47644,-0.48808,-0.64955,1.6733,-0.33643,-0.64958,-0.94022,-0.78351,-0.55235,0.70429,-0.93904,1.27355,-0.58353,0,1,0,0,0,0,0,0,1,0,0,0,1,0,0,0
0.26225,1.48273,1.07539,-0.6634,0.94091,1.53849,1.06291,-0.51293,-0.3122,0.56771,1.06425,-0.78471,0.83422,0,0,1,0,0,0,1,0,0,0,0,0,0,0,0,1
1.42139,-1.47349,1.50663,0.50495,1.57958,-0.64958,-0.94022,-0.51293,-0.44868,-0.03779,-0.93904,-0.78471,0.95954,0,0,1,0,0,0,0,0,0,0,1,1,0,0,0,0
-0.89688,0.00462,-0.86517,-0.6634,-0.97511,-0.64958,1.06291,-0.51293,-0.34107,0.43953,1.06425,-0.78471,0.88905,0,0,1,0,0,0,0,0,0,1,0,1,0,0,0,0
-1.47644,-0.48808,-1.51202,-0.6634,-1.61378,-0.64958,-0.94022,-0.15215,0.46335,1.84024,1.06425,1.27355,-1.4608,0,0,0,0,0,1,0,1,0,0,0,1,0,0,0,0
-0.89688,-0.98079,0.42854,-1.24758,0.19579,-0.64958,1.06291,0.6596,1.28221,1.36386,1.06425,-0.78471,0.4974,0,0,0,1,0,0,0,1,0,0,0,1,0,0,0,0
1.42139,1.48273,-0.86517,-0.07923,-0.86866,1.53849,1.06291,0.6596,1.23366,1.28182,1.06425,-0.78471,0.42691,0,0,0,1,0,0,0,0,0,0,1,1,0,0,0,0
0.26225,-1.47349,0.21292,-0.6634,0.08935,-0.64958,-0.94022,-1.05409,-0.92373,-1.08098,-0.93904,1.27355,-0.11356,0,0,0,0,1,0,0,0,0,0,1,0,0,1,0,0
1.42139,-0.48808,-1.51202,-0.07923,-1.50733,-0.64958,-0.94022,-1.05409,-0.94866,-1.5238,-0.93904,-0.78471,0.08226,0,0,0,0,1,0,0,0,0,1,0,0,0,1,0,0
-1.47644,0.99002,-0.0027,-1.24758,-0.22999,1.53849,-0.94022,0.6596,-0.42506,-1.5238,-0.93904,-0.78471,0.30158,0,0,0,1,0,0,0,0,0,0,1,1,0,0,0,0
-0.31731,0.00462,-0.64955,-0.6634,-0.76222,-0.64958,-0.94022,-0.51293,-0.6219,-0.8069,-0.93904,-0.78471,0.91254,0,0,1,0,0,0,1,0,0,0,0,0,0,0,0,1
-1.47644,1.48273,0.42854,-1.24758,0.19579,1.53849,1.06291,-0.78351,-0.45655,1.38483,-0.93904,1.27355,-0.85768,0,1,0,0,0,0,0,0,1,0,0,0,1,0,0,0
0.84182,0.99002,-0.64955,-0.6634,-0.76222,1.53849,-0.94022,-0.15215,-0.7177,-1.65572,-0.93904,-0.78471,-1.52347,0,0,0,0,0,1,0,0,0,1,0,0,1,0,0,0
1.42139,-1.47349,0.64416,-1.24758,0.40868,-0.64958,1.06291,1.92233,1.72052,0.26193,1.06425,-0.78471,0.16843,1,0,0,0,0,0,0,0,0,1,0,0,1,0,0,0
1.42139,0.49732,1.29101,-0.07923,1.26025,-0.64958,1.06291,0.6596,0.65495,0.30295,1.06425,1.27355,0.13709,0,0,0,1,0,0,0,1,0,0,0,0,0,1,0,0
1.42139,0.99002,-1.08078,1.6733,-0.76222,1.53849,1.06291,-0.51293,-0.29252,0.65534,1.06425,-0.78471,0.86555,0,0,1,0,0,0,0,0,0,0,1,1,0,0,0,0
-0.31731,0.49732,0.64416,-0.07923,0.62158,-0.64958,1.06291,-0.15215,0.06967,0.67492,1.06425,-0.78471,-1.11616,0,0,0,0,0,1,1,0,0,0,0,0,1,0,0,0
1.42139,1.48273,1.50663,-0.07923,1.47314,1.53849,-0.94022,1.92233,2.5092,1.06274,1.06425,1.27355,0.5209,1,0,0,0,0,0,0,1,0,0,0,1,0,0,0,0
0.84182,-1.47349,0.21292,1.6733,0.51513,-0.64958,-0.94022,0.6596,0.11035,-0.61812,1.06425,-0.78471,0.29375,0,0,0,1,0,0,0,0,0,1,0,0,0,1,0,0
-1.47644,1.48273,-0.86517,0.50495,-0.76222,1.53849,1.06291,0.6596,0.92659,0.76255,1.06425,-0.78471,1.10053,0,0,0,1,0,0,0,0,0,0,1,1,0,0,0,0
-0.89688,0.99002,0.64416,0.50495,0.72802,1.53849,1.06291,1.92233,2.01709,0.56305,1.06425,1.27355,-0.27805,1,0,0,0,0,0,0,1,0,0,0,1,0,0,0,0
1.42139,1.48273,-0.86517,0.50495,-0.76222,1.53849,1.06291,-1.05409,-0.78856,1.31957,-0.93904,-0.78471,-0.01956,0,0,0,0,1,0,0,0,0,1,0,1,0,0,0,0
0.26225,0.99002,0.64416,-0.6634,0.51513,1.53849,1.06291,-0.78351,-0.5576,0.667,-0.93904,-0.78471,-0.79501,0,1,0,0,0,0,1,0,0,0,0,0,1,0,0,0
-1.47644,-1.47349,0.42854,-0.6634,0.30224,-0.64958,1.06291,1.92233,2.20606,0.75509,1.06425,1.27355,0.71672,1,0,0,0,0,0,0,1,0,0,0,0,1,0,0,0
-0.31731,0.99002,-0.86517,0.50495,-0.76222,1.53849,1.06291,-0.15215,-0.07731,0.23956,1.06425,-0.78471,-1.76628,0,0,0,0,0,1,1,0,0,0,0,0,0,0,1,0
-0.89688,0.00462,-0.86517,-0.6634,-0.97511,-0.64958,1.06291,0.6596,1.29665,1.38856,1.06425,-0.78471,0.63056,0,0,0,1,0,0,0,1,0,0,0,1,0,0,0,0
0.84182,-0.98079,1.50663,0.50495,1.57958,-0.64958,-0.94022,0.6596,0.91609,0.74484,1.06425,1.27355,1.10836,0,0,0,1,0,0,0,1,0,0,0,0,0,1,0,0
0.84182,-0.48808,-1.08078,-1.24758,-1.29444,-0.64958,1.06291,-0.51293,-0.41981,0.08993,-0.93904,-0.78471,1.34335,0,0,1,0,0,0,0,0,0,0,1,1,0,0,0,0
-0.89688,-0.98079,0.85978,-0.07923,0.83447,-0.64958,-0.94022,-0.78351,-0.87648,-1.59839,-0.93904,1.27355,-0.54436,0,1,0,0,0,0,1,0,0,0,0,0,1,0,0,0
-1.47644,-1.47349,1.50663,1.6733,1.79248,-0.64958,-0.94022,-1.05409,-0.94603,-1.47719,-0.93904,1.27355,-0.4582,0,0,0,0,1,0,0,0,0,1,0,0,0,1,0,0
-0.89688,0.49732,1.07539,-0.07923,1.04736,-0.64958,1.06291,-1.05409,-0.87255,-0.17203,-0.93904,-0.78471,0.16843,0,0,0,0,1,0,1,0,0,0,0,1,0,0,0,0
0.84182,1.48273,-0.64955,1.6733,-0.33643,1.53849,-0.94022,-1.05409,-0.93947,-1.36066,-0.93904,-0.78471,-0.83418,0,0,0,0,1,0,0,0,0,0,1,0,0,0,0,1
0.84182,1.48273,-0.0027,-0.07923,-0.0171,1.53849,-0.94022,-1.05409,-0.9421,-1.40727,-0.93904,-0.78471,-0.62269,0,0,0,0,1,0,0,0,0,0,1,0,0,1,0,0
1.42139,1.48273,-1.51202,0.50495,-1.40089,1.53849,-0.94022,-0.78351,-0.57991,0.50851,-0.93904,1.27355,-0.45037,0,1,0,0,0,0,0,0,1,0,0,0,0,0,0,1
0.84182,0.00462,0.42854,-0.07923,0.40868,-0.64958,1.06291,-0.78351,-0.60615,0.32206,-0.93904,-0.78471,-1.31198,0,1,0,0,0,0,1,0,0,0,0,0,1,0,0,0
1.42139,0.49732,-1.51202,-0.07923,-1.50733,-0.64958,-0.94022,-0.51293,-0.6534,-0.94674,-0.93904,1.27355,1.21019,0,0,1,0,0,0,1,0,0,0,0,1,0,0,0,0
0.84182,1.48273,0.42854,-1.24758,0.19579,1.53849,1.06291,-0.78351,-0.48542,1.17974,-0.93904,-0.78471,-0.19188,0,1,0,0,0,0,0,0,1,0,0,0,0,0,0,1
0.84182,-0.48808,1.07539,1.6733,1.36669,-0.64958,1.06291,-0.51293,-0.32664,0.50385,1.06425,-0.78471,1.21019,0,0,1,0,0,0,0,0,0,0,1,0,0,1,0,0
0.84182,0.99002,0.85978,-1.24758,0.62158,1.53849,-0.94022,-0.15215,-0.35026,-0.56824,-0.93904,-0.78471,-1.84461,0,0,0,0,0,1,0,0,0,1,0,0,0,0,1,0
-1.47644,0.99002,0.42854,-0.6634,0.30224,1.53849,1.06291,-0.15215,0.17728,0.99329,1.06425,1.27355,-0.96733,0,0,0,0,0,1,0,1,0,0,0,0,0,0,1,0
-1.47644,-1.47349,-0.64955,1.6733,-0.33643,-0.64958,-0.94022,0.6596,0.0408,-0.73605,1.06425,-0.78471,0.5914,0,0,0,1,0,0,0,0,0,0,1,0,0,0,0,1
0.84182,0.49732,-0.0027,-0.07923,-0.0171,-0.64958,-0.94022,1.92233,0.05523,-1.42778,1.06425,1.27355,0.10576,1,0,0,0,0,0,0,0,0,1,0,0,0,0,1,0
-1.47644,-0.98079,0.85978,-0.07923,0.83447,-0.64958,-0.94022,0.6596,-0.59697,-1.81467,-0.93904,-0.78471,0.30942,0,0,0,1,0,0,0,0,0,0,1,0,0,0,0,1
1.42139,-1.47349,1.50663,-0.6634,1.36669,-0.64958,-0.94022,-0.51293,-0.54973,-0.48667,-0.93904,-0.78471,1.26502,0,0,1,0,0,0,1,0,0,0,0,0,0,0,0,1
0.84182,-0.98079,1.07539,-0.6634,0.94091,-0.64958,1.06291,-0.15215,0.30457,1.36992,1.06425,1.27355,-2.00127,0,0,0,0,0,1,0,1,0,0,0,0,1,0,0,0
-0.89688,-0.98079,1.50663,-1.24758,1.26025,-0.64958,-0.94022,-0.78351,-0.75444,-0.73139,-0.93904,-0.78471,-0.34854,0,1,0,0,0,0,1,0,0,0,0,0,0,0,1,0
0.26225,-1.47349,1.50663,0.50495,1.57958,-0.64958,-0.94022,0.6596,1.12343,1.09537,1.06425,1.27355,1.14753,0,0,0,1,0,0,0,1,0,0,0,0,0,1,0,0
0.84182,-0.98079,0.85978,1.6733,1.1538,-0.64958,-0.94022,-0.51293,-0.60222,-0.71973,-0.93904,-0.78471,0.92821,0,0,1,0,0,0,0,0,0,0,1,0,0,0,0,1
1.42139,-0.98079,0.64416,-0.07923,0.62158,-0.64958,1.06291,1.92233,1.73495,0.27685,1.06425,1.27355,0.91254,1,0,0,0,0,0,1,0,0,0,0,1,0,0,0,0
-0.31731,0.99002,-0.0027,1.6733,0.30224,1.53849,-0.94022,-0.15215,-0.60353,-1.31778,-0.93904,-0.78471,-1.59396,0,0,0,0,0,1,0,0,0,1,0,0,0,0,1,0
-1.47644,1.48273,0.64416,-0.6634,0.51513,1.53849,1.06291,-0.51293,-0.21509,0.99888,1.06425,-0.78471,1.71933,0,0,1,0,0,0,0,0,0,0,1,1,0,0,0,0
-0.89688,1.48273,-1.51202,0.50495,-1.40089,1.53849,-0.94022,-0.15215,-0.27152,-0.33518,1.06425,-0.78471,-0.99867,0,0,0,0,0,1,1,0,0,0,0,0,0,0,1,0
-0.31731,-1.47349,-0.0027,-0.07923,-0.0171,-0.64958,-0.94022,-0.51293,-0.53529,-0.42281,-0.93904,-0.78471,0.94388,0,0,1,0,0,0,1,0,0,0,0,0,0,1,0,0
1.42139,1.48273,1.29101,0.50495,1.36669,1.53849,1.06291,1.92233,2.16013,0.70848,1.06425,-0.78471,0.80288,1,0,0,0,0,0,0,1,0,0,0,1,0,0,0,0
-1.47644,-0.48808,1.50663,0.50495,1.57958,-0.64958,-0.94022,-0.15215,0.2337,1.16016,1.06425,1.27355,-1.24932,0,0,0,0,0,1,0,1,0,0,0,0,1,0,0,0
-0.31731,0.99002,-0.0027,-1.24758,-0.22999,1.53849,-0.94022,1.92233,3.24145,1.80575,1.06425,1.27355,0.84988,1,0,0,0,0,0,0,1,0,0,0,1,0,0,0,0
0.26225,-0.48808,0.64416,-0.07923,0.62158,-0.64958,1.06291,1.92233,1.43313,-0.0294,1.06425,-0.78471,0.81855,1,0,0,0,0,0,1,0,0,0,0,0,1,0,0,0
0.84182,0.00462,0.42854,-0.07923,0.40868,-0.64958,1.06291,1.92233,2.73622,1.29301,1.06425,1.27355,-0.30154,1,0,0,0,0,0,0,1,0,0,0,0,0,0,1,0
1.42139,1.48273,-1.2964,1.6733,-0.97511,1.53849,-0.94022,1.92233,-0.16916,-1.65572,1.06425,1.27355,-0.19972,1,0,0,0,0,0,0,0,0,1,0,0,0,0,1,0
-0.89688,0.99002,1.07539,-0.07923,1.04736,1.53849,1.06291,-0.78351,-0.52742,0.88141,-0.93904,1.27355,-0.90467,0,1,0,0,0,0,0,0,1,0,0,0,0,0,1,0
0.26225,-0.48808,1.07539,1.6733,1.36669,-0.64958,1.06291,1.92233,2.20868,0.75742,1.06425,-0.78471,0.12926,1,0,0,0,0,0,0,0,0,1,0,0,1,0,0,0
-0.31731,1.48273,1.50663,1.6733,1.79248,1.53849,-0.94022,-0.15215,0.2547,1.22262,1.06425,-0.78471,-1.03783,0,0,0,0,0,1,0,1,0,0,0,0,1,0,0,0
0.84182,-1.47349,0.21292,1.6733,0.51513,-0.64958,-0.94022,-0.15215,-0.1836,-0.07508,1.06425,1.27355,-1.4373,0,0,0,0,0,1,0,0,0,1,0,0,0,0,1,0
0.84182,1.48273,-1.2964,-0.07923,-1.29444,1.53849,-0.94022,0.6596,-0.20066,-1.14438,1.06425,-0.78471,0.27809,0,0,0,1,0,0,0,0,0,0,1,0,0,1,0,0
0.26225,0.00462,0.42854,1.6733,0.72802,-0.64958,1.06291,1.92233,0.96596,-0.50345,1.06425,-0.78471,0.50524,1,0,0,0,0,0,1,0,0,0,0,0,0,0,1,0
-0.89688,-0.48808,1.50663,-0.07923,1.47314,-0.64958,-0.94022,-0.15215,-0.32401,-0.4904,1.06425,-0.78471,-1.9856,0,0,0,0,0,1,0,0,0,1,0,1,0,0,0,0
-1.47644,0.00462,-0.0027,-0.07923,-0.0171,-0.64958,-0.94022,1.92233,3.17452,1.73769,1.06425,1.27355,0.19976,1,0,0,0,0,0,0,1,0,0,0,0,0,0,1,0
-1.47644,-0.48808,-1.08078,-0.6634,-1.188,-0.64958,1.06291,0.6596,0.98695,0.86463,1.06425,1.27355,0.5914,0,0,0,1,0,0,0,1,0,0,0,1,0,0,0,0
0.26225,0.49732,-0.0027,-0.07923,-0.0171,-0.64958,-0.94022,-1.05409,-0.88961,-0.47502,-0.93904,-0.78471,-0.63052,0,0,0,0,1,0,0,0,0,0,1,0,0,1,0,0
-0.31731,0.99002,-0.0027,-0.6634,-0.12354,1.53849,-0.94022,-0.15215,0.00012,0.46889,1.06425,1.27355,-1.97777,0,0,0,0,0,1,0,1,0,0,0,0,0,0,1,0
0.84182,0.00462,-0.86517,-1.24758,-1.08155,-0.64958,1.06291,1.92233,2.32154,0.87209,1.06425,-0.78471,0.60706,1,0,0,0,0,0,0,0,0,1,0,1,0,0,0,0
0.84182,-0.48808,1.50663,-1.24758,1.26025,-0.64958,-0.94022,-0.51293,-0.72163,-1.24972,-0.93904,-0.78471,1.74282,0,0,1,0,0,0,0,0,0,0,1,0,0,1,0,0
0.26225,0.49732,1.07539,1.6733,1.36669,-0.64958,1.06291,-0.51293,-0.34501,0.42228,1.06425,-0.78471,1.17103,0,0,1,0,0,0,0,0,0,1,0,0,0,1,0,0
-0.89688,-0.98079,-1.2964,-0.07923,-1.29444,-0.64958,-0.94022,-0.15215,-0.59172,-1.28282,-0.93904,1.27355,-1.33548,0,0,0,0,0,1,1,0,0,0,0,1,0,0,0,0
-1.47644,-0.98079,0.42854,1.6733,0.72802,-0.64958,1.06291,0.6596,0.22058,-0.43167,1.06425,1.27355,0.91254,0,0,0,1,0,0,0,0,0,1,0,1,0,0,0,0
-0.31731,1.48273,1.29101,0.50495,1.36669,1.53849,1.06291,-0.51293,-0.17966,1.15643,1.06425,-0.78471,0.95954,0,0,1,0,0,0,0,0,0,0,1,1,0,0,0,0
-1.47644,0.49732,1.07539,1.6733,1.36669,-0.64958,1.06291,0.6596,0.88328,0.68937,1.06425,1.27355,0.53657,0,0,0,1,0,0,0,0,0,0,1,1,0,0,0,0
0.84182,0.99002,1.07539,0.50495,1.1538,1.53849,1.06291,0.6596,0.99089,0.87116,1.06425,-0.78471,0.40341,0,0,0,1,0,0,0,0,0,0,1,0,0,1,0,0
-0.31731,-0.98079,0.21292,0.50495,0.30224,-0.64958,-0.94022,-1.05409,-0.93554,-1.29074,-0.93904,-0.78471,0.15276,0,0,0,0,1,0,0,0,0,0,1,0,0,0,0,1
-1.47644,0.00462,-1.2964,-0.6634,-1.40089,-0.64958,-0.94022,-1.05409,-0.90667,-0.778,-0.93904,1.27355,-0.91251,0,0,0,0,1,0,0,0,0,0,1,1,0,0,0,0
0.84182,-0.98079,0.85978,-1.24758,0.62158,-0.64958,-0.94022,-0.51293,-0.56285,-0.54494,-0.93904,-0.78471,0.93604,0,0,1,0,0,0,0,0,0,0,1,1,0,0,0,0
-0.31731,1.48273,0.42854,-1.24758,0.19579,1.53849,1.06291,1.92233,2.11157,0.65907,1.06425,-0.78471,-0.22322,1,0,0,0,0,0,0,0,0,1,0,1,0,0,0,0
0.84182,1.48273,0.64416,0.50495,0.72802,1.53849,1.06291,-0.51293,-0.19279,1.09816,1.06425,-0.78471,1.77416,0,0,1,0,0,0,1,0,0,0,0,0,0,0,0,1
-0.89688,-0.48808,1.29101,-0.07923,1.26025,-0.64958,1.06291,0.6596,1.11556,1.08185,1.06425,-0.78471,0.19192,0,0,0,1,0,0,0,0,0,1,0,1,0,0,0,0
1.42139,-0.48808,-1.08078,0.50495,-0.97511,-0.64958,1.06291,-0.51293,-0.49723,-0.25361,-0.93904,-0.78471,1.40601,0,0,1,0,0,0,0,0,0,1,0,1,0,0,0,0
-1.47644,0.00462,-1.2964,0.50495,-1.188,-0.64958,-0.94022,0.6596,0.90297,0.72246,1.06425,1.27355,0.46607,0,0,0,1,0,0,0,1,0,0,0,0,0,0,0,1
0.26225,-1.47349,1.29101,0.50495,1.36669,-0.64958,1.06291,-1.05409,-0.83974,0.41063,-0.93904,-0.78471,-0.936,0,0,0,0,1,0,0,0,0,1,0,0,0,1,0,0
-0.89688,-0.48808,-1.08078,-0.07923,-1.08155,-0.64958,1.06291,-0.15215,-0.05106,0.3174,1.06425,-0.78471,-1.82895,0,0,0,0,0,1,0,0,0,1,0,1,0,0,0,0
0.26225,1.48273,0.85978,-0.6634,0.72802,1.53849,-0.94022,0.6596,-0.50642,-1.66131,-0.93904,-0.78471,0.42691,0,0,0,1,0,0,0,0,0,1,0,0,0,1,0,0
0.84182,-0.98079,1.29101,-1.24758,1.04736,-0.64958,1.06291,-0.78351,-0.57335,0.55512,-0.93904,-0.78471,-0.36421,0,1,0,0,0,0,1,0,0,0,0,0,0,0,0,1
0.84182,0.99002,0.85978,-0.6634,0.72802,1.53849,-0.94022,-1.05409,-0.9526,-1.59372,-0.93904,-0.78471,-0.63836,0,0,0,0,1,0,0,0,0,1,0,0,0,1,0,0
-0.89688,-1.47349,-0.64955,1.6733,-0.33643,-0.64958,-0.94022,-0.15215,-0.41587,-0.76262,-0.93904,-0.78471,-1.21015,0,0,0,0,0,1,0,0,0,1,0,0,1,0,0,0
1.42139,0.49732,1.07539,-1.24758,0.83447,-0.64958,1.06291,1.92233,2.92781,1.48738,1.06425,1.27355,0.36425,1,0,0,0,0,0,0,1,0,0,0,0,0,0,1,0
-1.47644,0.00462,-0.0027,-0.07923,-0.0171,-0.64958,-0.94022,-0.51293,-0.7925,-1.56436,-0.93904,-0.78471,1.79765,0,0,1,0,0,0,1,0,0,0,0,0,0,0,0,1
-1.47644,-0.48808,0.21292,0.50495,0.30224,-0.64958,-0.94022,-1.05409,-0.87517,-0.21865,-0.93904,-0.78471,0.16059,0,0,0,0,1,0,0,0,0,1,0,0,0,0,0,1
-1.47644,0.49732,-1.08078,-0.6634,-1.188,-0.64958,1.06291,-0.51293,-0.53267,-0.41069,-0.93904,-0.78471,1.38251,0,0,1,0,0,0,1,0,0,0,0,0,0,1,0,0
-0.31731,1.48273,1.50663,-0.07923,1.47314,1.53849,-0.94022,1.92233,0.3085,-1.17095,1.06425,-0.78471,0.4974,1,0,0,0,0,0,1,0,0,0,0,0,0,0,1,0
0.84182,-0.98079,-0.0027,-1.24758,-0.22999,-0.64958,-0.94022,0.6596,-0.46574,-1.59279,-0.93904,-0.78471,0.47391,0,0,0,1,0,0,0,0,0,1,0,0,0,0,0,1
-0.31731,0.99002,0.42854,1.6733,0.72802,1.53849,1.06291,-0.51293,-0.29514,0.64369,1.06425,-0.78471,0.77155,0,0,1,0,0,0,0,0,0,1,0,0,0,1,0,0
0.26225,0.00462,-0.64955,1.6733,-0.33643,-0.64958,-0.94022,-0.51293,-0.53004,-0.3995,-0.93904,-0.78471,1.73499,0,0,1,0,0,0,0,0,0,0,1,0,0,0,0,1
1.42139,0.00462,-1.51202,0.50495,-1.40089,-0.64958,-0.94022,0.6596,-0.53135,-1.70373,-0.93904,-0.78471,0.29375,0,0,0,1,0,0,0,0,0,0,1,0,0,1,0,0
-0.89688,0.49732,-0.64955,0.50495,-0.54933,-0.64958,-0.94022,-0.78351,-0.5786,0.51783,-0.93904,1.27355,-0.4347,0,1,0,0,0,0,0,0,1,0,0,0,0,0,0,1
1.42139,-1.47349,-1.2964,-1.24758,-1.50733,-0.64958,-0.94022,0.6596,-0.18229,-1.11315,1.06425,-0.78471,0.93604,0,0,0,1,0,0,0,0,0,1,0,0,0,0,0,1
-0.31731,-0.98079,-0.86517,-0.07923,-0.86866,-0.64958,1.06291,-0.15215,-0.21509,-0.16831,1.06425,-0.78471,-1.96994,0,0,0,0,0,1,0,0,0,1,0,0,0,0,1,0
0.26225,1.48273,-0.86517,-0.07923,-0.86866,1.53849,1.06291,-0.15215,0.17334,0.98163,1.06425,1.27355,-2.0796,0,0,0,0,0,1,0,1,0,0,0,0,0,0,1,0
1.42139,-0.98079,-0.0027,-1.24758,-0.22999,-0.64958,-0.94022,-1.05409,-0.88304,-0.35849,-0.93904,1.27355,-0.40337,0,0,0,0,1,0,0,0,0,1,0,1,0,0,0,0
0.26225,-0.48808,1.07539,0.50495,1.1538,-0.64958,1.06291,0.6596,0.37412,-0.17203,1.06425,-0.78471,0.34858,0,0,0,1,0,0,0,0,0,0,1,1,0,0,0,0
-1.47644,-0.98079,1.50663,-0.07923,1.47314,-0.64958,-0.94022,0.6596,0.10904,-0.62045,1.06425,-0.78471,1.06137,0,0,0,1,0,0,0,0,0,1,0,0,0,0,0,1
-0.89688,0.99002,-0.86517,0.50495,-0.76222,1.53849,1.06291,-1.05409,-0.80431,1.0399,-0.93904,-0.78471,0.24675,0,0,0,0,1,0,1,0,0,0,0,1,0,0,0,0
1.42139,1.48273,0.21292,-1.24758,-0.0171,1.53849,-0.94022,0.6596,0.04211,-0.73372,1.06425,-0.78471,0.55223,0,0,0,1,0,0,0,0,0,1,0,0,0,1,0,0
-0.89688,-0.98079,-0.86517,-1.24758,-1.08155,-0.64958,1.06291,-0.78351,-0.47886,1.22635,-0.93904,1.27355,-0.56003,0,1,0,0,0,0,0,0,1,0,0,0,0,0,1,0
1.42139,0.99002,-1.2964,-0.6634,-1.40089,1.53849,-0.94022,1.92233,0.319,-1.16023,1.06425,1.27355,0.52874,1,0,0,0,0,0,1,0,0,0,0,1,0,0,0,0
-1.47644,1.48273,-1.51202,-0.07923,-1.50733,1.53849,-0.94022,-1.05409,-0.8778,-0.26526,-0.93904,-0.78471,-0.4582,0,0,0,0,1,0,0,0,0,0,1,0,0,0,0,1
0.84182,0.49732,-1.08078,-0.07923,-1.08155,-0.64958,1.06291,0.6596,1.07619,1.01566,1.06425,1.27355,0.58357,0,0,0,1,0,0,0,1,0,0,0,1,0,0,0,0
0.84182,1.48273,-0.86517,0.50495,-0.76222,1.53849,1.06291,-1.05409,-0.75969,1.83232,-0.93904,-0.78471,-0.38771,0,0,0,0,1,0,0,0,0,1,0,1,0,0,0,0
0.26225,0.00462,1.07539,-0.6634,0.94091,-0.64958,1.06291,-0.15215,0.19696,1.05155,1.06425,1.27355,-2.11876,0,0,0,0,0,1,0,1,0,0,0,0,1,0,0,0
0.26225,0.99002,-0.0027,1.6733,0.30224,1.53849,-0.94022,-0.78351,-0.81874,-1.18819,-0.93904,-0.78471,-0.12922,0,1,0,0,0,0,1,0,0,0,0,0,0,0,0,1
-1.47644,-0.48808,0.85978,-0.07923,0.83447,-0.64958,-0.94022,-0.15215,-0.57072,-1.22082,-0.93904,-0.78471,-1.4373,0,0,0,0,0,1,0,0,0,1,0,0,0,0,1,0
1.42139,-0.98079,-0.0027,-1.24758,-0.22999,-0.64958,-0.94022,-0.51293,-0.61796,-0.78965,-0.93904,-0.78471,1.92298,0,0,1,0,0,0,0,0,0,1,0,1,0,0,0,0
1.42139,0.00462,-1.08078,-1.24758,-1.29444,-0.64958,1.06291,-0.15215,0.03161,0.56212,1.06425,1.27355,-1.31981,0,0,0,0,0,1,0,0,0,1,0,0,0,0,1,0
-1.47644,0.99002,0.85978,1.6733,1.1538,1.53849,-0.94022,0.6596,-0.16916,-1.09077,1.06425,-0.78471,0.07443,0,0,0,1,0,0,0,0,0,0,1,1,0,0,0,0
-0.31731,-0.48808,-1.2964,1.6733,-0.97511,-0.64958,-0.94022,-0.78351,-0.71114,-0.42374,-0.93904,-0.78471,-0.92817,0,1,0,0,0,0,1,0,0,0,0,0,0,0,0,1
-1.47644,0.49732,-1.2964,-1.24758,-1.50733,-0.64958,-0.94022,-0.51293,-0.75444,-1.39562,-0.93904,-0.78471,1.78199,0,0,1,0,0,0,0,0,0,0,1,0,0,0,0,1
1.42139,-1.47349,-1.51202,1.6733,-1.188,-0.64958,-0.94022,0.6596,1.11293,1.07765,1.06425,1.27355,0.23892,0,0,0,1,0,0,0,1,0,0,0,1,0,0,0,0
-0.31731,-1.47349,0.42854,-1.24758,0.19579,-0.64958,1.06291,-0.51293,-0.33714,0.45724,1.06425,-0.78471,0.98304,0,0,1,0,0,0,0,0,0,0,1,0,0,1,0,0
0.26225,0.00462,-1.08078,1.6733,-0.76222,-0.64958,1.06291,-1.05409,-0.79906,1.13312,-0.93904,-0.78471,0.01177,0,0,0,0,1,0,0,0,0,1,0,0,0,1,0,0
-0.31731,0.00462,0.85978,0.50495,0.94091,-0.64958,-0.94022,0.6596,-0.47361,-1.60584,-0.93904,-0.78471,0.0901,0,0,0,1,0,0,0,0,0,0,1,0,0,1,0,0
-1.47644,-0.48808,-0.86517,-0.6634,-0.97511,-0.64958,1.06291,-0.78351,-0.70326,-0.36781,-0.93904,-0.78471,-1.33548,0,1,0,0,0,0,1,0,0,0,0,0,0,0,1,0
0.84182,0.99002,-1.2964,-0.07923,-1.29444,1.53849,-0.94022,0.6596,0.78224,0.5183,1.06425,1.27355,0.97521,0,0,0,1,0,0,0,1,0,0,0,1,0,0,0,0
-1.47644,-0.98079,-0.86517,-0.6634,-0.97511,-0.64958,1.06291,-1.05409,-0.88829,-0.45171,-0.93904,-0.78471,-0.54436,0,0,0,0,1,0,1,0,0,0,0,0,0,1,0,0
1.42139,0.49732,1.07539,-0.6634,0.94091,-0.64958,1.06291,-0.15215,-0.01563,0.42228,1.06425,-0.78471,-1.10049,0,0,0,0,0,1,0,0,0,1,0,0,0,0,1,0
1.42139,-0.48808,-1.08078,-1.24758,-1.29444,-0.64958,1.06291,-1.05409,-0.82268,0.71361,-0.93904,-0.78471,0.0196,0,0,0,0,1,0,1,0,0,0,0,0,0,1,0,0
-1.47644,-0.48808,1.29101,0.50495,1.36669,-0.64958,1.06291,-0.15215,-0.01432,0.42601,1.06425,-0.78471,-1.85244,0,0,0,0,0,1,0,0,0,1,0,0,0,0,1,0
0.84182,-1.47349,-1.51202,-1.24758,-1.72023,-0.64958,-0.94022,-1.05409,-0.96178,-1.75687,-0.93904,-0.78471,-0.89684,0,0,0,0,1,0,1,0,0,0,0,0,0,1,0,0
0.84182,0.49732,1.50663,0.50495,1.57958,-0.64958,-0.94022,1.92233,0.85835,-0.61299,1.06425,-0.78471,0.0666,1,0,0,0,0,0,0,0,0,1,0,0,0,0,1,0
-0.31731,0.99002,1.29101,-1.24758,1.04736,1.53849,1.06291,1.92233,2.88976,1.44869,1.06425,-0.78471,-0.10572,1,0,0,0,0,0,0,0,0,1,0,1,0,0,0,0
-0.89688,0.99002,-1.51202,-1.24758,-1.72023,1.53849,-0.94022,-1.05409,-0.94341,-1.43058,-0.93904,1.27355,0.29375,0,0,0,0,1,0,0,0,0,0,1,1,0,0,0,0
0.84182,0.00462,-0.64955,-0.6634,-0.76222,-0.64958,-0.94022,1.92233,0.48041,-0.99661,1.06425,1.27355,-0.26238,1,0,0,0,0,0,0,0,0,1,0,1,0,0,0,0
-1.47644,-0.48808,1.07539,-1.24758,0.83447,-0.64958,1.06291,-0.15215,0.16678,0.96205,1.06425,1.27355,-1.91511,0,0,0,0,0,1,0,1,0,0,0,0,0,0,1,0
0.26225,1.48273,-1.08078,0.50495,-0.97511,1.53849,1.06291,-1.05409,-0.78725,1.34288,-0.93904,1.27355,-0.13705,0,0,0,0,1,0,1,0,0,0,0,1,0,0,0,0
-0.31731,-1.47349,-1.08078,-0.07923,-1.08155,-0.64958,1.06291,-0.78351,-0.48936,1.15177,-0.93904,1.27355,-0.32504,0,1,0,0,0,0,0,0,1,0,0,0,0,0,1,0
0.26225,-0.98079,-0.64955,1.6733,-0.33643,-0.64958,-0.94022,-0.15215,-0.33451,-0.52163,1.06425,-0.78471,-1.0535,0,0,0,0,0,1,0,0,0,1,0,0,1,0,0,0
0.84182,0.00462,0.21292,-0.6634,0.08935,-0.64958,-0.94022,1.92233,-0.1731,-1.65945,1.06425,-0.78471,0.46607,1,0,0,0,0,0,1,0,0,0,0,0,0,0,1,0
1.42139,-0.98079,-0.86517,-0.07923,-0.86866,-0.64958,1.06291,-1.05409,-0.87255,-0.17203,-0.93904,-0.78471,-0.30154,0,0,0,0,1,0,0,0,0,0,1,0,0,1,0,0
-0.89688,0.99002,-0.64955,-0.6634,-0.76222,1.53849,-0.94022,-1.05409,-0.94866,-1.5238,-0.93904,-0.78471,-0.32504,0,0,0,0,1,0,1,0,0,0,0,0,0,1,0,0
-0.89688,0.49732,-0.86517,1.6733,-0.54933,-0.64958,1.06291,-1.05409,-0.90142,-0.68477,-0.93904,-0.78471,-0.94384,0,0,0,0,1,0,0,0,0,0,1,1,0,0,0,0
1.42139,0.00462,-1.51202,-0.07923,-1.50733,-0.64958,-0.94022,-0.78351,-0.81481,-1.16023,-0.93904,-0.78471,-0.38771,0,1,0,0,0,0,1,0,0,0,0,0,0,0,0,1
-1.47644,-0.48808,-0.64955,-0.6634,-0.76222,-0.64958,-0.94022,-1.05409,-0.92766,-1.1509,-0.93904,-0.78471,-0.81068,0,0,0,0,1,0,0,0,0,0,1,1,0,0,0,0
0.26225,-0.98079,-1.2964,-0.6634,-1.40089,-0.64958,-0.94022,0.6596,1.28484,1.36852,1.06425,1.27355,0.43474,0,0,0,1,0,0,0,1,0,0,0,0,0,1,0,0
0.26225,-1.47349,1.07539,-0.6634,0.94091,-0.64958,1.06291,1.92233,0.97383,-0.49553,1.06425,-0.78471,-0.16839,1,0,0,0,0,0,0,0,0,1,0,0,1,0,0,0
-0.89688,-0.48808,-0.64955,-1.24758,-0.86866,-0.64958,-0.94022,-1.05409,-0.95128,-1.57042,-0.93904,-0.78471,-0.09006,0,0,0,0,1,0,1,0,0,0,0,0,0,1,0,0
0.84182,-1.47349,0.21292,-1.24758,-0.0171,-0.64958,-0.94022,1.92233,0.9712,-0.49832,1.06425,-0.78471,0.19192,1,0,0,0,0,0,1,0,0,0,0,0,1,0,0,0
1.42139,-0.48808,-0.86517,-0.07923,-0.86866,-0.64958,1.06291,1.92233,1.38195,-0.08161,1.06425,-0.78471,-0.0039,1,0,0,0,0,0,1,0,0,0,0,0,0,0,1,0
0.26225,-0.48808,-0.0027,-0.6634,-0.12354,-0.64958,-0.94022,-0.15215,0.34,1.4748,1.06425,-0.78471,-1.35114,0,0,0,0,0,1,0,1,0,0,0,0,0,0,1,0
-0.31731,1.48273,0.85978,-1.24758,0.62158,1.53849,-0.94022,0.6596,-0.42112,-1.51728,-0.93904,-0.78471,0.95171,0,0,0,1,0,0,0,0,0,1,0,1,0,0,0,0
0.84182,1.48273,-1.2964,-0.6634,-1.40089,1.53849,-0.94022,-1.05409,-0.89617,-0.59155,-0.93904,-0.78471,-0.72452,0,0,0,0,1,0,0,0,0,0,1,0,0,0,0,1
-0.89688,1.48273,1.07539,-0.07923,1.04736,1.53849,1.06291,-0.51293,-0.41325,0.1193,-0.93904,-0.78471,1.55484,0,0,1,0,0,0,1,0,0,0,0,0,0,0,0,1
1.42139,0.99002,-0.64955,1.6733,-0.33643,1.53849,-0.94022,0.6596,-0.30433,-1.31964,1.06425,-0.78471,1.10053,0,0,0,1,0,0,0,0,0,1,0,0,0,1,0,0
-0.31731,0.00462,0.85978,0.50495,0.94091,-0.64958,-0.94022,-0.15215,-0.59566,-1.29447,-0.93904,-0.78471,-1.26498,0,0,0,0,0,1,0,0,0,1,0,0,1,0,0,0
-1.47644,0.00462,1.29101,0.50495,1.36669,-0.64958,1.06291,-0.51293,-0.41981,0.08993,-0.93904,-0.78471,1.96214,0,0,1,0,0,0,0,0,0,0,1,0,0,0,0,1
0.84182,1.48273,-1.08078,0.50495,-0.97511,1.53849,1.06291,1.92233,3.77817,2.35018,1.06425,1.27355,0.79505,1,0,0,0,0,0,0,1,0,0,0,0,0,0,1,0
-0.89688,-1.47349,-0.0027,1.6733,0.30224,-0.64958,-0.94022,-0.78351,-0.65733,-0.04152,-0.93904,-0.78471,-0.68535,0,1,0,0,0,0,0,0,1,0,0,0,1,0,0,0
-0.89688,0.00462,1.50663,-0.6634,1.36669,-0.64958,-0.94022,1.92233,0.60377,-0.87123,1.06425,1.27355,0.45824,1,0,0,0,0,0,0,0,0,1,0,1,0,0,0,0
1.42139,0.00462,-0.86517,1.6733,-0.54933,-0.64958,1.06291,-0.51293,-0.33058,0.48614,1.06425,-0.78471,1.41385,0,0,1,0,0,0,0,0,0,0,1,1,0,0,0,0
-1.47644,-0.48808,-0.86517,0.50495,-0.76222,-0.64958,1.06291,-0.51293,-0.21378,1.00494,1.06425,-0.78471,0.82638,0,0,1,0,0,0,0,0,0,0,1,0,0,0,0,1
-1.47644,-0.98079,-1.08078,0.50495,-0.97511,-0.64958,1.06291,-1.05409,-0.8568,0.10764,-0.93904,1.27355,0.21542,0,0,0,0,1,0,0,0,0,0,1,1,0,0,0,0
1.42139,-1.47349,0.64416,-0.6634,0.51513,-0.64958,1.06291,-0.78351,-0.67308,-0.15339,-0.93904,1.27355,-0.89684,0,1,0,0,0,0,1,0,0,0,0,0,1,0,0,0
1.42139,-0.48808,1.07539,-0.6634,0.94091,-0.64958,1.06291,-1.05409,-0.82662,0.64369,-0.93904,-0.78471,-0.86551,0,0,0,0,1,0,0,0,0,0,1,0,0,1,0,0
-1.47644,-0.98079,-1.08078,-1.24758,-1.29444,-0.64958,1.06291,1.92233,1.18117,-0.2853,1.06425,-0.78471,0.84205,1,0,0,0,0,0,1,0,0,0,0,0,1,0,0,0
-1.47644,-0.48808,0.21292,-1.24758,-0.0171,-0.64958,-0.94022,-0.78351,-0.57728,0.52716,-0.93904,1.27355,-0.88117,0,1,0,0,0,0,0,0,1,0,0,0,0,0,1,0
0.84182,1.48273,0.21292,-1.24758,-0.0171,1.53849,-0.94022,-0.51293,-0.78594,-1.53546,-0.93904,1.27355,1.71149,0,0,1,0,0,0,1,0,0,0,0,0,0,1,0,0
0.26225,-0.98079,0.42854,-1.24758,0.19579,-0.64958,1.06291,-0.51293,-0.43556,0.02001,-0.93904,1.27355,0.95171,0,0,1,0,0,0,1,0,0,0,0,0,0,1,0,0
0.26225,-1.47349,-1.2964,-0.07923,-1.29444,-0.64958,-0.94022,-0.78351,-0.68227,-0.21865,-0.93904,-0.78471,-0.76368,0,1,0,0,0,0,1,0,0,0,0,0,0,0,1,0
0.84182,-0.98079,-1.51202,-0.6634,-1.61378,-0.64958,-0.94022,1.92233,2.44489,0.99748,1.06425,1.27355,0.63056,1,0,0,0,0,0,0,1,0,0,0,0,1,0,0,0
0.84182,0.99002,-0.0027,-0.07923,-0.0171,1.53849,-0.94022,-0.51293,-0.53529,-0.42281,-0.93904,-0.78471,1.29635,0,0,1,0,0,0,1,0,0,0,0,0,0,1,0,0
1.42139,0.00462,1.07539,-1.24758,0.83447,-0.64958,1.06291,0.6596,1.10506,1.06414,1.06425,1.27355,0.70889,0,0,0,1,0,0,0,0,0,1,0,0,0,0,0,1
1.42139,0.00462,-0.0027,-0.6634,-0.12354,-0.64958,-0.94022,0.6596,0.85835,0.64695,1.06425,1.27355,0.73239,0,0,0,1,0,0,0,1,0,0,0,0,0,1,0,0
0.26225,0.49732,0.42854,-0.6634,0.30224,-0.64958,1.06291,-0.15215,0.10379,0.7756,1.06425,-0.78471,-1.45297,0,0,0,0,0,1,1,0,0,0,0,1,0,0,0,0
-1.47644,-1.47349,-1.08078,1.6733,-0.76222,-0.64958,1.06291,-0.15215,0.49616,1.93719,1.06425,1.27355,-1.77412,0,0,0,0,0,1,0,1,0,0,0,0,1,0,0,0
-0.31731,0.49732,0.21292,-1.24758,-0.0171,-0.64958,-0.94022,-0.15215,0.48435,1.90223,1.06425,1.27355,-1.86028,0,0,0,0,0,1,0,1,0,0,0,0,1,0,0,0
0.84182,0.49732,0.42854,-0.6634,0.30224,-0.64958,1.06291,-0.51293,-0.43818,0.00836,-0.93904,-0.78471,1.16319,0,0,1,0,0,0,0,0,0,0,1,0,0,1,0,0
-0.89688,0.99002,-0.64955,-0.07923,-0.65577,1.53849,-0.94022,-1.05409,-0.88304,-0.35849,-0.93904,-0.78471,-0.35637,0,0,0,0,1,0,0,0,0,0,1,0,0,1,0,0
1.42139,-0.98079,-1.08078,-0.07923,-1.08155,-0.64958,1.06291,-0.51293,-0.53923,-0.44006,-0.93904,-0.78471,0.83422,0,0,1,0,0,0,0,0,0,1,0,0,0,0,0,1
-0.31731,0.00462,-1.08078,-1.24758,-1.29444,-0.64958,1.06291,-0.51293,-0.47099,-0.13707,-0.93904,-0.78471,1.15536,0,0,1,0,0,0,0,0,0,0,1,0,0,1,0,0
-0.31731,-1.47349,0.21292,-0.07923,0.19579,-0.64958,-0.94022,1.92233,1.06175,-0.4065,1.06425,1.27355,0.26242,1,0,0,0,0,0,0,0,0,1,0,0,1,0,0,0
0.84182,0.49732,1.29101,1.6733,1.57958,-0.64958,1.06291,-1.05409,-0.82924,0.59708,-0.93904,-0.78471,-0.92817,0,0,0,0,1,0,1,0,0,0,0,0,0,1,0,0
0.84182,0.00462,-0.64955,-1.24758,-0.86866,-0.64958,-0.94022,-1.05409,-0.96178,-1.75687,-0.93904,1.27355,-0.78718,0,0,0,0,1,0,0,0,0,1,0,0,0,1,0,0
-1.47644,1.48273,0.42854,-1.24758,0.19579,1.53849,1.06291,-0.51293,-0.35945,0.35842,-0.93904,-0.78471,1.24152,0,0,1,0,0,0,0,0,0,0,1,1,0,0,0,0
0.84182,1.48273,-1.2964,0.50495,-1.188,1.53849,-0.94022,-1.05409,-0.93029,-1.19752,-0.93904,-0.78471,-0.48953,0,0,0,0,1,0,0,0,0,0,1,1,0,0,0,0
1.42139,0.49732,0.21292,1.6733,0.51513,-0.64958,-0.94022,-1.05409,-0.94472,-1.45389,-0.93904,-0.78471,-0.41904,0,0,0,0,1,0,0,0,0,0,1,0,0,1,0,0
-1.47644,-1.47349,0.21292,-1.24758,-0.0171,-0.64958,-0.94022,1.92233,2.54594,1.10003,1.06425,1.27355,0.60706,1,0,0,0,0,0,0,1,0,0,0,1,0,0,0,0
-0.89688,0.99002,0.64416,-0.07923,0.62158,1.53849,1.06291,0.6596,1.59454,1.89245,1.06425,1.27355,0.31725,0,0,0,1,0,0,0,1,0,0,0,0,0,1,0,0
0.26225,-0.98079,0.42854,-0.07923,0.40868,-0.64958,1.06291,-0.78351,-0.52086,0.92803,-0.93904,-0.78471,-0.18405,0,1,0,0,0,0,1,0,0,0,0,0,0,0,0,1
0.26225,0.00462,1.50663,-1.24758,1.26025,-0.64958,-0.94022,-0.78351,-0.51298,0.98396,-0.93904,1.27355,-0.66185,0,1,0,0,0,0,0,0,1,0,0,0,0,0,1,0
0.26225,0.99002,-0.0027,-0.6634,-0.12354,1.53849,-0.94022,-0.78351,-0.80824,-1.11361,-0.93904,1.27355,-0.37987,0,1,0,0,0,0,1,0,0,0,0,0,0,0,1,0
-0.31731,0.49732,0.85978,-0.6634,0.72802,-0.64958,-0.94022,-1.05409,-0.94603,-1.47719,-0.93904,-0.78471,-0.13705,0,0,0,0,1,0,1,0,0,0,0,1,0,0,0,0
-0.31731,0.49732,0.42854,1.6733,0.72802,-0.64958,1.06291,-0.51293,-0.51429,-0.32959,-0.93904,-0.78471,1.0927,0,0,1,0,0,0,1,0,0,0,0,0,0,1,0,0
0.84182,0.99002,0.64416,1.6733,0.94091,1.53849,1.06291,1.92233,3.11022,1.67243,1.06425,-0.78471,0.36425,1,0,0,0,0,0,0,0,0,1,0,1,0,0,0,0
0.84182,-0.98079,-0.86517,-1.24758,-1.08155,-0.64958,1.06291,-0.78351,-0.56679,0.60174,-0.93904,-0.78471,-1.22582,0,1,0,0,0,0,1,0,0,0,0,0,1,0,0,0
1.42139,0.00462,0.85978,-1.24758,0.62158,-0.64958,-0.94022,-0.51293,-0.58778,-0.65587,-0.93904,-0.78471,1.0457,0,0,1,0,0,0,0,0,0,0,1,1,0,0,0,0
-0.31731,-0.98079,1.07539,-0.6634,0.94091,-0.64958,1.06291,-1.05409,-0.8673,-0.07881,-0.93904,-0.78471,-0.63836,0,0,0,0,1,0,0,0,0,0,1,0,0,1,0,0
0.26225,-0.48808,-1.08078,0.50495,-0.97511,-0.64958,1.06291,1.92233,2.18506,0.73365,1.06425,1.27355,0.31725,1,0,0,0,0,0,0,1,0,0,0,0,0,0,1,0
-0.89688,0.49732,0.85978,1.6733,1.1538,-0.64958,-0.94022,-0.15215,-0.28596,-0.37806,1.06425,1.27355,-1.17099,0,0,0,0,0,1,1,0,0,0,0,0,0,0,1,0
1.42139,-0.48808,-0.0027,0.50495,0.08935,-0.64958,-0.94022,-0.51293,-0.803,-1.61144,-0.93904,1.27355,1.22586,0,0,1,0,0,0,0,0,0,1,0,0,0,0,0,1
-1.47644,-0.48808,0.85978,-0.6634,0.72802,-0.64958,-0.94022,-0.51293,-0.61009,-0.75469,-0.93904,-0.78471,2.01697,0,0,1,0,0,0,0,0,0,1,0,0,0,1,0,0
0.84182,-0.98079,-0.0027,-0.6634,-0.12354,-0.64958,-0.94022,-0.51293,-0.76494,-1.44223,-0.93904,1.27355,1.38251,0,0,1,0,0,0,1,0,0,0,0,0,0,0,0,1
-1.47644,-0.98079,0.42854,-0.6634,0.30224,-0.64958,1.06291,1.92233,2.45146,1.00401,1.06425,-0.78471,0.19192,1,0,0,0,0,0,0,0,0,1,0,1,0,0,0,0
-0.89688,0.00462,-1.2964,-0.6634,-1.40089,-0.64958,-0.94022,-0.15215,-0.31876,-0.47502,1.06425,1.27355,-1.9621,0,0,0,0,0,1,1,0,0,0,0,1,0,0,0,0
1.42139,-1.47349,-0.0027,1.6733,0.30224,-0.64958,-0.94022,1.92233,0.82685,-0.64469,1.06425,-0.78471,0.37208,1,0,0,0,0,0,1,0,0,0,0,1,0,0,0,0
1.42139,1.48273,1.07539,-0.6634,0.94091,1.53849,1.06291,-0.51293,-0.12848,1.3839,1.06425,1.27355,1.64883,0,0,1,0,0,0,0,0,0,1,0,0,0,1,0,0
1.42139,-1.47349,-1.2964,0.50495,-1.188,-0.64958,-0.94022,-0.51293,-0.85286,-1.83238,-0.93904,-0.78471,1.98564,0,0,1,0,0,0,0,0,0,1,0,0,0,0,0,1
1.42139,0.49732,1.07539,-1.24758,0.83447,-0.64958,1.06291,-1.05409,-0.90535,-0.75469,-0.93904,-0.78471,0.01177,0,0,0,0,1,0,0,0,0,0,1,0,0,0,0,1
-0.89688,0.00462,-0.0027,-1.24758,-0.22999,-0.64958,-0.94022,-0.51293,-0.85024,-1.82119,-0.93904,1.27355,1.75849,0,0,1,0,0,0,0,0,0,1,0,0,0,0,0,1
-1.47644,-0.48808,1.07539,-0.6634,0.94091,-0.64958,1.06291,-1.05409,-0.86205,0.01442,-0.93904,-0.78471,-0.4817,0,0,0,0,1,0,1,0,0,0,0,0,0,0,0,1
-0.89688,0.00462,-1.2964,-0.6634,-1.40089,-0.64958,-0.94022,-0.15215,-0.34501,-0.55286,1.06425,-0.78471,-1.03783,0,0,0,0,0,1,1,0,0,0,0,1,0,0,0,0
-0.31731,1.48273,0.21292,-0.6634,0.08935,1.53849,-0.94022,-1.05409,-0.90404,-0.73139,-0.93904,-0.78471,-0.25455,0,0,0,0,1,0,0,0,0,1,0,0,0,0,0,1
-0.89688,-0.48808,-1.2964,1.6733,-0.97511,-0.64958,-0.94022,-0.78351,-0.88173,-1.63568,-0.93904,-0.78471,-0.33288,0,1,0,0,0,0,1,0,0,0,0,0,1,0,0,0
0.84182,1.48273,0.64416,-1.24758,0.40868,1.53849,1.06291,0.6596,0.83604,0.6092,1.06425,-0.78471,0.88905,0,0,0,1,0,0,0,0,0,1,0,0,0,1,0,0
0.84182,0.49732,1.07539,-1.24758,0.83447,-0.64958,1.06291,1.92233,1.96985,0.51504,1.06425,-0.78471,-0.12922,1,0,0,0,0,0,0,0,0,1,0,0,1,0,0,0
-0.89688,-0.48808,1.07539,-0.07923,1.04736,-0.64958,1.06291,-0.51293,-0.44868,-0.03779,-0.93904,-0.78471,1.78982,0,0,1,0,0,0,0,0,0,1,0,0,0,1,0,0
0.26225,-1.47349,1.50663,-0.6634,1.36669,-0.64958,-0.94022,-0.51293,-0.7505,-1.37837,-0.93904,-0.78471,1.13186,0,0,1,0,0,0,0,0,0,1,0,1,0,0,0,0
0.26225,0.00462,0.21292,0.50495,0.30224,-0.64958,-0.94022,0.6596,0.05392,-0.71367,1.06425,1.27355,1.12403,0,0,0,1,0,0,0,0,0,0,1,0,0,0,0,1
0.26225,-0.98079,0.85978,-1.24758,0.62158,-0.64958,-0.94022,-0.15215,-0.53529,-1.11594,-0.93904,1.27355,-1.5313,0,0,0,0,0,1,1,0,0,0,0,0,1,0,0,0
-1.47644,-0.98079,0.85978,0.50495,0.94091,-0.64958,-0.94022,0.6596,0.80323,0.55373,1.06425,1.27355,0.72456,0,0,0,1,0,0,0,1,0,0,0,0,0,1,0,0
0.84182,0.49732,0.85978,-0.07923,0.83447,-0.64958,-0.94022,1.92233,0.51584,-0.96026,1.06425,-0.78471,-0.23105,1,0,0,0,0,0,1,0,0,0,0,1,0,0,0,0
-1.47644,0.49732,-1.51202,-0.6634,-1.61378,-0.64958,-0.94022,0.6596,1.38195,1.53259,1.06425,1.27355,1.05354,0,0,0,1,0,0,0,1,0,0,0,0,0,0,0,1
-0.89688,-0.98079,-0.0027,-0.07923,-0.0171,-0.64958,-0.94022,-1.05409,-0.91454,-0.91784,-0.93904,1.27355,-0.09006,0,0,0,0,1,0,1,0,0,0,0,0,0,0,0,1
0.84182,-1.47349,-0.64955,-0.07923,-0.65577,-0.64958,-0.94022,-0.78351,-0.60747,0.31274,-0.93904,-0.78471,-1.22582,0,1,0,0,0,0,0,0,1,0,0,0,1,0,0,0
1.42139,-0.98079,0.64416,0.50495,0.72802,-0.64958,1.06291,-0.78351,-0.7282,-0.54494,-0.93904,1.27355,-0.52086,0,1,0,0,0,0,1,0,0,0,0,0,0,0,1,0
-0.89688,-0.98079,1.29101,0.50495,1.36669,-0.64958,1.06291,0.6596,0.16022,-0.53375,1.06425,-0.78471,1.23369,0,0,0,1,0,0,0,0,0,1,0,0,0,0,0,1
0.26225,0.99002,1.07539,-0.6634,0.94091,1.53849,1.06291,-0.51293,-0.24528,0.8651,1.06425,-0.78471,1.26502,0,0,1,0,0,0,0,0,0,1,0,0,0,0,0,1
-1.47644,-1.47349,1.07539,1.6733,1.36669,-0.64958,1.06291,1.92233,1.84912,0.39245,1.06425,1.27355,-0.0039,1,0,0,0,0,0,1,0,0,0,0,0,1,0,0,0
0.84182,0.99002,0.42854,0.50495,0.51513,1.53849,1.06291,1.92233,2.56956,1.1238,1.06425,-0.78471,0.48957,1,0,0,0,0,0,1,0,0,0,0,1,0,0,0,0
0.26225,0.49732,0.21292,1.6733,0.51513,-0.64958,-0.94022,-1.05409,-0.94603,-1.47719,-0.93904,-0.78471,0.12143,0,0,0,0,1,0,1,0,0,0,0,1,0,0,0,0
-1.47644,0.00462,-1.08078,1.6733,-0.76222,-0.64958,1.06291,1.92233,2.42652,0.97884,1.06425,1.27355,-0.15272,1,0,0,0,0,0,0,1,0,0,0,0,1,0,0,0
1.42139,0.00462,1.29101,-0.6634,1.1538,-0.64958,1.06291,-0.15215,-0.15342,0.01442,1.06425,1.27355,-1.53913,0,0,0,0,0,1,0,0,0,1,0,1,0,0,0,0
-0.31731,1.48273,1.50663,-1.24758,1.26025,1.53849,-0.94022,-0.15215,-0.56547,-1.20544,-0.93904,-0.78471,-1.44514,0,0,0,0,0,1,1,0,0,0,0,0,0,0,1,0
-0.89688,0.99002,0.21292,-1.24758,-0.0171,1.53849,-0.94022,-0.51293,-0.63765,-0.87682,-0.93904,-0.78471,1.62533,0,0,1,0,0,0,0,0,0,1,0,0,0,1,0,0
1.42139,0.00462,-0.64955,-1.24758,-0.86866,-0.64958,-0.94022,1.92233,3.65613,2.22666,1.06425,1.27355,0.83422,1,0,0,0,0,0,0,1,0,0,0,0,1,0,0,0
0.84182,1.48273,0.64416,0.50495,0.72802,1.53849,1.06291,-1.05409,-0.81612,0.83014,-0.93904,-0.78471,-0.34071,0,0,0,0,1,0,0,0,0,0,1,0,0,0,0,1
-1.47644,0.99002,1.50663,-0.6634,1.36669,1.53849,-0.94022,-0.51293,-0.64159,-0.89453,-0.93904,-0.78471,1.81332,0,0,1,0,0,0,0,0,0,1,0,1,0,0,0,0
1.42139,1.48273,1.50663,0.50495,1.57958,1.53849,-0.94022,-0.51293,-0.65733,-0.96445,-0.93904,1.27355,1.87598,0,0,1,0,0,0,0,0,0,1,0,1,0,0,0,0
-1.47644,0.99002,0.64416,-0.07923,0.62158,1.53849,1.06291,-0.78351,-0.53398,0.8348,-0.93904,1.27355,-0.66969,0,1,0,0,0,0,0,0,1,0,0,0,0,0,1,0
0.84182,-1.47349,-0.64955,0.50495,-0.54933,-0.64958,-0.94022,1.92233,2.4029,0.9546,1.06425,1.27355,0.10576,1,0,0,0,0,0,0,1,0,0,0,1,0,0,0,0
0.84182,-1.47349,0.21292,1.6733,0.51513,-0.64958,-0.94022,0.6596,1.36095,1.49717,1.06425,-0.78471,0.57573,0,0,0,1,0,0,0,1,0,0,0,0,0,0,0,1
1.42139,-0.98079,1.07539,-0.07923,1.04736,-0.64958,1.06291,-0.51293,-0.16916,1.20304,1.06425,-0.78471,0.77155,0,0,1,0,0,0,1,0,0,0,0,0,0,0,0,1
0.84182,0.99002,1.50663,-1.24758,1.26025,1.53849,-0.94022,-0.51293,-0.48936,-0.21865,-0.93904,-0.78471,1.46868,0,0,1,0,0,0,1,0,0,0,0,1,0,0,0,0
1.42139,-0.98079,-1.51202,-1.24758,-1.72023,-0.64958,-0.94022,-1.05409,-0.91454,-0.91784,-0.93904,-0.78471,-0.74802,0,0,0,0,1,0,0,0,0,1,0,0,0,1,0,0
0.84182,0.99002,-0.0027,1.6733,0.30224,1.53849,-0.94022,-0.15215,-0.33058,-0.50998,1.06425,-0.78471,-1.96994,0,0,0,0,0,1,1,0,0,0,0,1,0,0,0,0
0.26225,-1.47349,-0.0027,-0.07923,-0.0171,-0.64958,-0.94022,1.92233,0.96596,-0.50345,1.06425,-0.78471,-0.21538,1,0,0,0,0,0,1,0,0,0,0,1,0,0,0,0
-0.89688,-0.48808,0.64416,1.6733,0.94091,-0.64958,1.06291,-0.78351,-0.64027,0.07967,-0.93904,-0.78471,-0.27021,0,1,0,0,0,0,1,0,0,0,0,0,0,0,0,1
0.84182,0.00462,-1.2964,0.50495,-1.188,-0.64958,-0.94022,1.92233,0.07229,-1.41054,1.06425,1.27355,-0.0274,1,0,0,0,0,0,0,0,0,1,0,0,0,0,1,0
-1.47644,-1.47349,0.85978,-1.24758,0.62158,-0.64958,-0.94022,1.92233,0.99614,-0.47315,1.06425,-0.78471,0.39558,1,0,0,0,0,0,1,0,0,0,0,0,1,0,0,0
-1.47644,-1.47349,0.85978,1.6733,1.1538,-0.64958,-0.94022,-0.78351,-0.66258,-0.07881,-0.93904,1.27355,-1.02216,0,1,0,0,0,0,0,0,1,0,0,0,0,0,1,0
-0.89688,0.49732,-1.51202,-0.07923,-1.50733,-0.64958,-0.94022,1.92233,1.26647,-0.1986,1.06425,-0.78471,-0.15272,1,0,0,0,0,0,1,0,0,0,0,0,0,0,1,0
-0.31731,1.48273,0.85978,-0.07923,0.83447,1.53849,-0.94022,-0.15215,-0.35288,-0.57617,-0.93904,-0.78471,-0.88901,0,0,0,0,0,1,0,0,0,1,0,0,1,0,0,0
-0.89688,-0.48808,0.42854,-1.24758,0.19579,-0.64958,1.06291,0.6596,0.78092,0.51597,1.06425,-0.78471,0.90471,0,0,0,1,0,0,0,0,0,1,0,0,0,0,0,1
-1.47644,-0.48808,0.85978,0.50495,0.94091,-0.64958,-0.94022,-1.05409,-0.94866,-1.5238,-0.93904,-0.78471,0.23892,0,0,0,0,1,0,0,0,0,1,0,1,0,0,0,0
0.84182,-0.48808,1.50663,-1.24758,1.26025,-0.64958,-0.94022,-1.05409,-0.93685,-1.31405,-0.93904,-0.78471,-0.47387,0,0,0,0,1,0,0,0,0,1,0,0,0,1,0,0
0.84182,-0.48808,0.21292,-0.6634,0.08935,-0.64958,-0.94022,-0.78351,-0.54841,0.73225,-0.93904,1.27355,-0.28588,0,1,0,0,0,0,0,0,1,0,0,0,0,0,0,1
-0.31731,0.00462,-0.64955,-0.6634,-0.76222,-0.64958,-0.94022,-0.51293,-0.80562,-1.62262,-0.93904,-0.78471,1.26502,0,0,1,0,0,0,0,0,0,0,1,0,0,0,0,1
0.26225,-1.47349,-1.08078,-0.6634,-1.188,-0.64958,1.06291,0.6596,1.2809,1.36153,1.06425,1.27355,1.07703,0,0,0,1,0,0,0,1,0,0,0,0,0,1,0,0
-0.31731,0.99002,1.07539,-0.07923,1.04736,1.53849,1.06291,-0.51293,-0.32139,0.52716,1.06425,-0.78471,0.80288,0,0,1,0,0,0,0,0,0,0,1,1,0,0,0,0
-1.47644,-0.48808,-0.86517,1.6733,-0.54933,-0.64958,1.06291,-0.15215,0.18384,1.01286,1.06425,1.27355,-1.06133,0,0,0,0,0,1,0,1,0,0,0,0,1,0,0,0
-1.47644,0.49732,0.42854,-1.24758,0.19579,-0.64958,1.06291,-0.78351,-0.44737,1.45009,-0.93904,-0.78471,-1.24148,0,1,0,0,0,0,0,0,1,0,0,0,1,0,0,0
1.42139,-0.48808,1.29101,-0.6634,1.1538,-0.64958,1.06291,-0.78351,-0.54054,0.78819,-0.93904,1.27355,-0.81068,0,1,0,0,0,0,0,0,1,0,0,0,1,0,0,0
-1.47644,1.48273,1.50663,-0.6634,1.36669,1.53849,-0.94022,1.92233,1.10375,-0.36361,1.06425,-0.78471,0.60706,1,0,0,0,0,0,1,0,0,0,0,0,1,0,0,0
0.26225,-0.48808,1.07539,-1.24758,0.83447,-0.64958,1.06291,0.6596,0.19171,-0.48061,1.06425,-0.78471,0.67756,0,0,0,1,0,0,0,0,0,0,1,1,0,0,0,0
1.42139,-0.98079,1.07539,-0.6634,0.94091,-0.64958,1.06291,1.92233,0.9489,-0.52116,1.06425,-0.78471,0.67756,1,0,0,0,0,0,1,0,0,0,0,0,0,0,1,0
0.26225,0.99002,-0.86517,-0.07923,-0.86866,1.53849,1.06291,-1.05409,-0.78331,1.4128,-0.93904,1.27355,-0.74802,0,0,0,0,1,0,0,0,0,1,0,0,0,1,0,0
0.84182,-0.48808,-1.08078,-1.24758,-1.29444,-0.64958,1.06291,0.6596,1.22447,1.26644,1.06425,1.27355,0.68539,0,0,0,1,0,0,0,1,0,0,0,0,0,1,0,0
0.84182,-0.48808,0.42854,-0.07923,0.40868,-0.64958,1.06291,-0.78351,-0.43031,1.57128,-0.93904,1.27355,-0.52086,0,1,0,0,0,0,0,0,1,0,0,0,1,0,0,0
-0.89688,0.49732,0.85978,0.50495,0.94091,-0.64958,-0.94022,1.92233,0.50535,-0.97098,1.06425,1.27355,-0.14489,1,0,0,0,0,0,1,0,0,0,0,1,0,0,0,0
0.26225,0.49732,0.85978,1.6733,1.1538,-0.64958,-0.94022,-0.78351,-0.782,-0.92716,-0.93904,-0.78471,-0.37204,0,1,0,0,0,0,1,0,0,0,0,0,1,0,0,0
0.84182,1.48273,1.07539,-0.07923,1.04736,1.53849,1.06291,-0.51293,-0.19016,1.10982,1.06425,-0.78471,1.17103,0,0,1,0,0,0,1,0,0,0,0,1,0,0,0,0
0.26225,1.48273,-1.51202,1.6733,-1.188,1.53849,-0.94022,-1.05409,-0.9211,-1.03437,-0.93904,1.27355,-0.48953,0,0,0,0,1,0,0,0,0,0,1,0,0,0,0,1
-1.47644,-0.48808,1.50663,-0.6634,1.36669,-0.64958,-0.94022,-0.15215,-0.39225,-0.6927,-0.93904,-0.78471,-1.26498,0,0,0,0,0,1,1,0,0,0,0,0,1,0,0,0
1.42139,0.49732,1.07539,-1.24758,0.83447,-0.64958,1.06291,-0.15215,-0.27415,-0.3431,1.06425,-0.78471,-1.59396,0,0,0,0,0,1,1,0,0,0,0,0,1,0,0,0
1.42139,-0.48808,0.85978,1.6733,1.1538,-0.64958,-0.94022,-0.78351,-0.58909,0.44325,-0.93904,1.27355,-0.87334,0,1,0,0,0,0,0,0,1,0,0,0,0,0,0,1
0.84182,0.99002,0.64416,-0.07923,0.62158,1.53849,1.06291,-1.05409,-0.7925,1.24966,-0.93904,-0.78471,0.23892,0,0,0,0,1,0,0,0,0,1,0,1,0,0,0,0
0.84182,-1.47349,0.42854,-0.07923,0.40868,-0.64958,1.06291,-0.51293,-0.3332,0.47495,1.06425,1.27355,1.28852,0,0,1,0,0,0,0,0,0,1,0,1,0,0,0,0
0.84182,0.49732,0.42854,1.6733,0.72802,-0.64958,1.06291,-0.15215,0.1366,0.87302,1.06425,1.27355,-1.70362,0,0,0,0,0,1,0,1,0,0,0,0,0,0,1,0
1.42139,0.00462,-1.2964,-0.07923,-1.29444,-0.64958,-0.94022,-1.05409,-0.88961,-0.47502,-0.93904,1.27355,-0.0039,0,0,0,0,1,0,0,0,0,0,1,0,0,1,0,0
0.84182,0.99002,1.07539,-0.07923,1.04736,1.53849,1.06291,-0.78351,-0.59303,0.41529,-0.93904,-0.78471,-0.97517,0,1,0,0,0,0,1,0,0,0,0,0,0,0,0,1
0.84182,0.99002,0.85978,0.50495,0.94091,1.53849,-0.94022,1.92233,0.12085,-1.36113,1.06425,-0.78471,0.81855,1,0,0,0,0,0,0,0,0,1,0,0,1,0,0,0
1.42139,-0.48808,-1.51202,0.50495,-1.40089,-0.64958,-0.94022,1.92233,0.63526,-0.83906,1.06425,-0.78471,-0.19188,1,0,0,0,0,0,1,0,0,0,0,1,0,0,0,0
-0.31731,-0.98079,-0.0027,1.6733,0.30224,-0.64958,-0.94022,0.6596,-0.20722,-1.15556,1.06425,-0.78471,0.73239,0,0,0,1,0,0,0,0,0,0,1,1,0,0,0,0
-0.89688,0.00462,-0.86517,1.6733,-0.54933,-0.64958,1.06291,-0.51293,-0.22691,0.94667,1.06425,-0.78471,1.03787,0,0,1,0,0,0,0,0,0,1,0,0,0,0,0,1
-1.47644,-0.98079,0.42854,-1.24758,0.19579,-0.64958,1.06291,-1.05409,-0.83974,0.41063,-0.93904,-0.78471,0.05877,0,0,0,0,1,0,1,0,0,0,0,0,0,1,0,0
-1.47644,-0.48808,1.29101,0.50495,1.36669,-0.64958,1.06291,1.92233,1.98691,0.53228,1.06425,1.27355,0.23892,1,0,0,0,0,0,0,1,0,0,0,1,0,0,0,0
0.84182,0.00462,1.50663,0.50495,1.57958,-0.64958,-0.94022,-1.05409,-0.9526,-1.59372,-0.93904,-0.78471,-0.94384,0,0,0,0,1,0,0,0,0,0,1,1,0,0,0,0
-1.47644,-0.98079,-1.2964,1.6733,-0.97511,-0.64958,-0.94022,-1.05409,-0.94472,-1.45389,-0.93904,1.27355,-0.09006,0,0,0,0,1,0,0,0,0,0,1,1,0,0,0,0
-0.89688,-1.47349,0.85978,-0.07923,0.83447,-0.64958,-0.94022,0.6596,0.32688,-0.25174,1.06425,1.27355,0.00394,0,0,0,1,0,0,0,0,0,0,1,0,0,0,0,1
-0.89688,-0.48808,0.42854,-0.6634,0.30224,-0.64958,1.06291,0.6596,0.55128,0.12769,1.06425,-0.78471,0.37991,0,0,0,1,0,0,0,0,0,1,0,0,0,1,0,0
-1.47644,1.48273,-1.2964,-1.24758,-1.50733,1.53849,-0.94022,-0.78351,-0.51298,0.98396,-0.93904,1.27355,-0.56003,0,1,0,0,0,0,0,0,1,0,0,0,0,0,1,0
1.42139,1.48273,0.64416,-0.07923,0.62158,1.53849,1.06291,-0.51293,-0.20591,1.0399,1.06425,-0.78471,1.82899,0,0,1,0,0,0,1,0,0,0,0,0,0,0,0,1
-0.31731,1.48273,1.07539,-1.24758,0.83447,1.53849,1.06291,1.92233,3.16402,1.72697,1.06425,-0.78471,0.5914,1,0,0,0,0,0,1,0,0,0,0,0,1,0,0,0
0.26225,0.00462,0.42854,-0.07923,0.40868,-0.64958,1.06291,-0.15215,0.3295,1.44403,1.06425,1.27355,-1.5783,0,0,0,0,0,1,0,1,0,0,0,0,0,0,1,0
-1.47644,-0.48808,0.85978,-0.07923,0.83447,-0.64958,-0.94022,-0.51293,-0.761,-1.42499,-0.93904,-0.78471,0.90471,0,0,1,0,0,0,0,0,0,0,1,0,0,1,0,0
0.26225,0.49732,0.42854,1.6733,0.72802,-0.64958,1.06291,-1.05409,-0.85024,0.22417,-0.93904,-0.78471,-0.30938,0,0,0,0,1,0,0,0,0,0,1,1,0,0,0,0
1.42139,-0.48808,-1.51202,1.6733,-1.188,-0.64958,-0.94022,1.92233,0.49091,-0.98589,1.06425,-0.78471,-0.11356,1,0,0,0,0,0,0,0,0,1,0,0,1,0,0,0
-0.89688,1.48273,1.29101,1.6733,1.57958,1.53849,1.06291,0.6596,1.10375,1.06227,1.06425,-0.78471,0.85771,0,0,0,1,0,0,0,1,0,0,0,0,0,0,0,1
-0.31731,0.00462,1.07539,-1.24758,0.83447,-0.64958,1.06291,0.6596,1.1208,1.09117,1.06425,1.27355,0.12143,0,0,0,1,0,0,0,1,0,0,0,0,0,0,0,1
0.26225,0.00462,-0.86517,0.50495,-0.76222,-0.64958,1.06291,-1.05409,-0.83711,0.45724,-0.93904,-0.78471,-0.38771,0,0,0,0,1,0,0,0,0,1,0,0,0,0,0,1
-0.31731,1.48273,-1.08078,0.50495,-0.97511,1.53849,1.06291,0.6596,0.80192,0.5514,1.06425,1.27355,0.07443,0,0,0,1,0,0,0,1,0,0,0,0,0,0,0,1
-0.31731,0.00462,-1.08078,1.6733,-0.76222,-0.64958,1.06291,-1.05409,-0.89485,-0.56824,-0.93904,-0.78471,-0.11356,0,0,0,0,1,0,0,0,0,1,0,0,0,1,0,0
0.84182,0.49732,1.07539,1.6733,1.36669,-0.64958,1.06291,0.6596,1.50268,1.73676,1.06425,1.27355,0.26242,0,0,0,1,0,0,0,1,0,0,0,1,0,0,0,0
-0.89688,-1.47349,-1.51202,-1.24758,-1.72023,-0.64958,-0.94022,-0.78351,-0.81481,-1.16023,-0.93904,-0.78471,-0.86551,0,1,0,0,0,0,1,0,0,0,0,0,1,0,0,0
0.26225,-1.47349,-1.08078,-1.24758,-1.29444,-0.64958,1.06291,-0.78351,-0.47099,1.28228,-0.93904,1.27355,-0.64619,0,1,0,0,0,0,0,0,1,0,0,0,1,0,0,0
0.84182,1.48273,0.21292,-0.6634,0.08935,1.53849,-0.94022,-1.05409,-0.90535,-0.75469,-0.93904,-0.78471,-0.63836,0,0,0,0,1,0,1,0,0,0,0,0,0,0,0,1
-0.31731,0.00462,0.85978,-0.07923,0.83447,-0.64958,-0.94022,1.92233,1.21529,-0.25081,1.06425,-0.78471,-0.17622,1,0,0,0,0,0,1,0,0,0,0,0,0,0,1,0
0.84182,-0.98079,-1.2964,-0.6634,-1.40089,-0.64958,-0.94022,0.6596,-0.25971,-1.24413,1.06425,-0.78471,1.01437,0,0,0,1,0,0,0,0,0,1,0,0,0,1,0,0
1.42139,0.49732,-1.2964,-0.07923,-1.29444,-0.64958,-0.94022,-0.78351,-0.69408,-0.30255,-0.93904,1.27355,-0.73235,0,1,0,0,0,0,0,0,1,0,0,0,1,0,0,0
-1.47644,0.00462,0.64416,-0.07923,0.62158,-0.64958,1.06291,1.92233,2.82021,1.37831,1.06425,1.27355,0.65406,1,0,0,0,0,0,0,1,0,0,0,1,0,0,0,0
0.84182,1.48273,-1.08078,0.50495,-0.97511,1.53849,1.06291,-0.15215,0.4686,1.85562,1.06425,1.27355,-1.42164,0,0,0,0,0,1,1,0,0,0,0,0,0,0,1,0
1.42139,0.00462,-1.2964,1.6733,-0.97511,-0.64958,-0.94022,-0.78351,-0.52348,0.90938,-0.93904,-0.78471,-1.31981,0,1,0,0,0,0,0,0,1,0,0,0,0,0,0,1
0.84182,0.49732,1.07539,1.6733,1.36669,-0.64958,1.06291,-0.51293,-0.54448,-0.46336,-0.93904,1.27355,2.00914,0,0,1,0,0,0,0,0,0,0,1,0,0,0,0,1
0.26225,-1.47349,1.50663,-0.07923,1.47314,-0.64958,-0.94022,-1.05409,-0.93029,-1.19752,-0.93904,-0.78471,-0.40337,0,0,0,0,1,0,0,0,0,1,0,0,0,1,0,0
1.42139,0.99002,1.50663,1.6733,1.79248,1.53849,-0.94022,-0.51293,-0.76363,-1.43617,-0.93904,-0.78471,1.75849,0,0,1,0,0,0,0,0,0,1,0,0,0,1,0,0
1.42139,0.99002,0.64416,0.50495,0.72802,1.53849,1.06291,-0.78351,-0.56416,0.62038,-0.93904,1.27355,-0.47387,0,1,0,0,0,0,1,0,0,0,0,0,0,0,0,1
-0.31731,0.99002,0.21292,-1.24758,-0.0171,1.53849,-0.94022,-0.15215,0.15497,0.92709,1.06425,-0.78471,-1.82111,0,0,0,0,0,1,0,1,0,0,0,0,1,0,0,0
0.26225,0.99002,-1.08078,-1.24758,-1.29444,1.53849,1.06291,-0.51293,-0.20722,1.0343,1.06425,-0.78471,1.31985,0,0,1,0,0,0,1,0,0,0,0,1,0,0,0,0
-0.89688,0.99002,1.50663,-0.6634,1.36669,1.53849,-0.94022,0.6596,0.23764,-0.40277,1.06425,-0.78471,0.84988,0,0,0,1,0,0,0,0,0,0,1,1,0,0,0,0
-1.47644,-1.47349,-0.64955,1.6733,-0.33643,-0.64958,-0.94022,-0.51293,-0.48936,-0.21865,-0.93904,-0.78471,1.81332,0,0,1,0,0,0,0,0,0,1,0,0,0,0,0,1
-1.47644,0.99002,-0.0027,1.6733,0.30224,1.53849,-0.94022,-0.78351,-0.55497,0.68564,-0.93904,-0.78471,-1.15532,0,1,0,0,0,0,0,0,1,0,0,0,1,0,0,0
0.84182,-1.47349,0.42854,-1.24758,0.19579,-0.64958,1.06291,0.6596,0.27832,-0.33425,1.06425,1.27355,0.58357,0,0,0,1,0,0,0,0,0,1,0,1,0,0,0,0
-1.47644,0.49732,-1.51202,-1.24758,-1.72023,-0.64958,-0.94022,-1.05409,-0.92504,-1.10429,-0.93904,-0.78471,-0.79501,0,0,0,0,1,0,0,0,0,0,1,0,0,0,0,1
-0.31731,1.48273,-0.86517,-0.6634,-0.97511,1.53849,1.06291,1.92233,1.95804,0.50338,1.06425,1.27355,0.34858,1,0,0,0,0,0,0,0,0,1,0,1,0,0,0,0
0.26225,0.99002,-0.0027,0.50495,0.08935,1.53849,-0.94022,-0.51293,-0.74657,-1.36066,-0.93904,-0.78471,1.96214,0,0,1,0,0,0,0,0,0,1,0,0,0,0,0,1
1.42139,-0.48808,-0.86517,0.50495,-0.76222,-0.64958,1.06291,-1.05409,-0.8673,-0.07881,-0.93904,-0.78471,-0.71668,0,0,0,0,1,0,0,0,0,1,0,0,0,0,0,1
0.84182,-0.48808,0.21292,-0.07923,0.19579,-0.64958,-0.94022,1.92233,0.25339,-1.22688,1.06425,-0.78471,0.01177,1,0,0,0,0,0,1,0,0,0,0,0,1,0,0,0
-1.47644,0.00462,-1.2964,-0.07923,-1.29444,-0.64958,-0.94022,-0.51293,-0.51298,-0.32353,-0.93904,1.27355,1.71933,0,0,1,0,0,0,0,0,0,1,0,0,0,1,0,0
1.42139,-0.98079,-0.0027,1.6733,0.30224,-0.64958,-0.94022,-0.51293,-0.76756,-1.45389,-0.93904,1.27355,1.82115,0,0,1,0,0,0,0,0,0,1,0,0,0,0,0,1
-1.47644,-0.98079,1.29101,-0.07923,1.26025,-0.64958,1.06291,-0.78351,-0.48674,1.17041,-0.93904,-0.78471,-0.57569,0,1,0,0,0,0,0,0,1,0,0,0,1,0,0,0
0.84182,-0.98079,-0.64955,0.50495,-0.54933,-0.64958,-0.94022,-0.15215,-0.43425,-0.81669,-0.93904,-0.78471,-1.06133,0,0,0,0,0,1,0,0,0,1,0,0,0,0,1,0
-0.89688,0.00462,-0.86517,0.50495,-0.76222,-0.64958,1.06291,-0.78351,-0.59566,0.39664,-0.93904,1.27355,-1.26498,0,1,0,0,0,0,0,0,1,0,0,0,0,0,0,1
-0.89688,-0.98079,1.50663,-1.24758,1.26025,-0.64958,-0.94022,-1.05409,-0.88698,-0.4284,-0.93904,-0.78471,0.12143,0,0,0,0,1,0,0,0,0,1,0,0,0,1,0,0
0.26225,0.99002,0.85978,-1.24758,0.62158,1.53849,-0.94022,-0.51293,-0.66389,-0.99335,-0.93904,1.27355,1.56267,0,0,1,0,0,0,0,0,0,0,1,0,0,1,0,0
-0.31731,0.00462,1.07539,1.6733,1.36669,-0.64958,1.06291,-1.05409,-0.82137,0.73691,-0.93904,-0.78471,-0.27805,0,0,0,0,1,0,1,0,0,0,0,0,0,0,0,1
1.42139,1.48273,1.07539,-0.07923,1.04736,1.53849,1.06291,-0.78351,-0.4723,1.27296,-0.93904,-0.78471,-0.72452,0,1,0,0,0,0,1,0,0,0,0,0,0,0,0,1
1.42139,-0.48808,-1.2964,0.50495,-1.188,-0.64958,-0.94022,0.6596,-0.034,-0.86237,1.06425,1.27355,1.1162,0,0,0,1,0,0,0,0,0,1,0,1,0,0,0,0
0.84182,-1.47349,-0.0027,-1.24758,-0.22999,-0.64958,-0.94022,0.6596,-0.45655,-1.57694,-0.93904,-0.78471,0.27025,0,0,0,1,0,0,0,0,0,0,1,0,0,0,0,1
0.26225,1.48273,-1.08078,-0.6634,-1.188,1.53849,1.06291,0.6596,1.38982,1.54611,1.06425,-0.78471,0.0901,0,0,0,1,0,0,0,0,0,0,1,1,0,0,0,0
-0.89688,-1.47349,-1.51202,-0.6634,-1.61378,-0.64958,-0.94022,-0.78351,-0.62846,0.16358,-0.93904,1.27355,-0.88117,0,1,0,0,0,0,0,0,1,0,0,0,0,0,0,1
-0.89688,0.00462,-1.08078,0.50495,-0.97511,-0.64958,1.06291,-0.78351,-0.57072,0.57377,-0.93904,-0.78471,-0.72452,0,1,0,0,0,0,1,0,0,0,0,0,0,0,0,1
-0.31731,0.49732,0.85978,0.50495,0.94091,-0.64958,-0.94022,-0.78351,-0.5038,1.04922,-0.93904,1.27355,-0.58353,0,1,0,0,0,0,0,0,1,0,0,0,0,0,0,1
0.84182,-1.47349,-0.86517,0.50495,-0.76222,-0.64958,1.06291,-1.05409,-0.83187,0.55046,-0.93904,-0.78471,-0.64619,0,0,0,0,1,0,0,0,0,0,1,0,0,0,0,1
0.26225,0.99002,-0.0027,0.50495,0.08935,1.53849,-0.94022,1.92233,0.31769,-1.16162,1.06425,-0.78471,0.22326,1,0,0,0,0,0,0,0,0,1,0,1,0,0,0,0
-0.31731,-0.48808,1.50663,0.50495,1.57958,-0.64958,-0.94022,0.6596,-0.18754,-1.122,1.06425,1.27355,0.90471,0,0,0,1,0,0,0,0,0,0,1,1,0,0,0,0
0.26225,0.99002,1.50663,1.6733,1.79248,1.53849,-0.94022,-0.51293,-0.81743,-1.6753,-0.93904,-0.78471,1.21019,0,0,1,0,0,0,0,0,0,1,0,0,0,0,0,1
-0.31731,-1.47349,1.50663,-0.6634,1.36669,-0.64958,-0.94022,-0.78351,-0.6757,-0.17203,-0.93904,1.27355,-0.5052,0,1,0,0,0,0,1,0,0,0,0,0,0,0,1,0
-0.89688,1.48273,1.07539,1.6733,1.36669,1.53849,1.06291,0.6596,1.45544,1.65705,1.06425,-0.78471,0.10576,0,0,0,1,0,0,0,0,0,0,1,1,0,0,0,0
-1.47644,0.99002,-0.0027,1.6733,0.30224,1.53849,-0.94022,-0.51293,-0.84236,-1.78577,-0.93904,-0.78471,1.5235,0,0,1,0,0,0,0,0,0,0,1,1,0,0,0,0
-0.31731,0.49732,1.29101,-0.07923,1.26025,-0.64958,1.06291,-0.51293,-0.49986,-0.26526,-0.93904,-0.78471,1.45301,0,0,1,0,0,0,0,0,0,1,0,0,0,0,0,1
-0.31731,1.48273,-0.0027,-1.24758,-0.22999,1.53849,-0.94022,-1.05409,-0.89092,-0.49832,-0.93904,-0.78471,-0.55219,0,0,0,0,1,0,0,0,0,1,0,0,0,1,0,0
1.42139,-0.98079,-0.0027,1.6733,0.30224,-0.64958,-0.94022,-0.78351,-0.45262,1.4128,-0.93904,1.27355,-1.26498,0,1,0,0,0,0,0,0,1,0,0,0,0,0,1,0
-0.89688,0.99002,1.07539,-1.24758,0.83447,1.53849,1.06291,-0.51293,-0.08387,1.58154,1.06425,-0.78471,1.0692,0,0,1,0,0,0,0,0,0,0,1,1,0,0,0,0
-0.89688,1.48273,-1.2964,0.50495,-1.188,1.53849,-0.94022,1.92233,0.90428,-0.56638,1.06425,1.27355,0.44257,1,0,0,0,0,0,0,0,0,1,0,0,0,0,1,0
-0.89688,0.00462,-1.51202,0.50495,-1.40089,-0.64958,-0.94022,0.6596,-0.43687,-1.54385,-0.93904,-0.78471,1.21802,0,0,0,1,0,0,0,0,0,0,1,0,0,0,0,1
-1.47644,0.00462,-1.51202,0.50495,-1.40089,-0.64958,-0.94022,-0.78351,-0.72295,-0.50765,-0.93904,1.27355,-1.11616,0,1,0,0,0,0,1,0,0,0,0,0,0,0,1,0
0.84182,0.99002,-0.64955,-0.6634,-0.76222,1.53849,-0.94022,1.92233,2.44227,0.99468,1.06425,-0.78471,0.17626,1,0,0,0,0,0,0,1,0,0,0,0,0,0,1,0
-0.31731,-0.48808,0.21292,-0.6634,0.08935,-0.64958,-0.94022,1.92233,0.15759,-1.32384,1.06425,-0.78471,0.77155,1,0,0,0,0,0,1,0,0,0,0,1,0,0,0,0
0.26225,-0.48808,-1.08078,-0.07923,-1.08155,-0.64958,1.06291,-0.78351,-0.73082,-0.56358,-0.93904,-0.78471,-0.74018,0,1,0,0,0,0,1,0,0,0,0,0,1,0,0,0
-0.89688,-1.47349,-1.08078,-1.24758,-1.29444,-0.64958,1.06291,0.6596,0.74024,0.44745,1.06425,1.27355,1.0457,0,0,0,1,0,0,0,0,0,1,0,1,0,0,0,0
-1.47644,-1.47349,1.29101,-0.07923,1.26025,-0.64958,1.06291,1.92233,1.98428,0.52995,1.06425,-0.78471,0.55223,1,0,0,0,0,0,1,0,0,0,0,0,0,0,1,0
-1.47644,-1.47349,0.64416,1.6733,0.94091,-0.64958,1.06291,-0.51293,-0.34501,0.42228,1.06425,1.27355,1.28069,0,0,1,0,0,0,1,0,0,0,0,0,0,1,0,0
0.26225,0.99002,-1.08078,-1.24758,-1.29444,1.53849,1.06291,0.6596,0.714,0.4027,1.06425,1.27355,0.01177,0,0,0,1,0,0,0,0,0,1,0,0,0,0,0,1
1.42139,-1.47349,1.50663,0.50495,1.57958,-0.64958,-0.94022,-0.51293,-0.69539,-1.13319,-0.93904,1.27355,0.81855,0,0,1,0,0,0,1,0,0,0,0,0,0,1,0,0
0.26225,0.49732,-1.51202,0.50495,-1.40089,-0.64958,-0.94022,0.6596,-0.3122,-1.33269,1.06425,-0.78471,0.81072,0,0,0,1,0,0,0,0,0,1,0,0,0,1,0,0
0.26225,0.49732,-1.51202,-0.6634,-1.61378,-0.64958,-0.94022,-0.78351,-0.63109,0.14493,-0.93904,1.27355,-0.23888,0,1,0,0,0,0,0,0,1,0,0,0,0,0,1,0
0.26225,0.00462,1.50663,1.6733,1.79248,-0.64958,-0.94022,-0.51293,-0.51823,-0.34683,-0.93904,-0.78471,1.08487,0,0,1,0,0,0,0,0,0,0,1,0,0,1,0,0
0.26225,-1.47349,-0.0027,-0.07923,-0.0171,-0.64958,-0.94022,-0.51293,-0.57466,-0.59714,-0.93904,-0.78471,1.5705,0,0,1,0,0,0,0,0,0,0,1,0,0,1,0,0
-0.89688,-0.48808,0.42854,0.50495,0.51513,-0.64958,1.06291,-1.05409,-0.84105,0.38732,-0.93904,-0.78471,-0.22322,0,0,0,0,1,0,0,0,0,0,1,0,0,1,0,0
1.42139,0.49732,-0.86517,-0.6634,-0.97511,-0.64958,1.06291,-0.78351,-0.55235,0.70429,-0.93904,1.27355,-1.13182,0,1,0,0,0,0,1,0,0,0,0,0,0,0,0,1
1.42139,1.48273,-1.08078,-1.24758,-1.29444,1.53849,1.06291,-0.78351,-0.49067,1.14245,-0.93904,1.27355,-1.06916,0,1,0,0,0,0,0,0,1,0,0,0,0,0,1,0
1.42139,-1.47349,0.64416,-0.6634,0.51513,-0.64958,1.06291,-0.78351,-0.68227,-0.21865,-0.93904,1.27355,-0.11356,0,1,0,0,0,0,1,0,0,0,0,0,1,0,0,0
-1.47644,0.99002,-0.0027,1.6733,0.30224,1.53849,-0.94022,1.92233,0.52241,-0.95373,1.06425,-0.78471,0.70106,1,0,0,0,0,0,1,0,0,0,0,1,0,0,0,0
-1.47644,-0.98079,0.64416,-0.6634,0.51513,-0.64958,1.06291,-1.05409,-0.84893,0.24748,-0.93904,1.27355,-0.91251,0,0,0,0,1,0,1,0,0,0,0,0,0,1,0,0
0.26225,-0.98079,-1.08078,0.50495,-0.97511,-0.64958,1.06291,-0.78351,-0.5366,0.81616,-0.93904,1.27355,-0.4112,0,1,0,0,0,0,0,0,1,0,0,0,0,0,0,1
-0.89688,-0.98079,1.29101,-0.07923,1.26025,-0.64958,1.06291,-0.78351,-0.61796,0.23816,-0.93904,1.27355,-0.18405,0,1,0,0,0,0,0,0,1,0,0,0,0,0,0,1
-0.89688,-1.47349,-1.08078,-0.6634,-1.188,-0.64958,1.06291,-1.05409,-0.88698,-0.4284,-0.93904,-0.78471,-0.12139,0,0,0,0,1,0,1,0,0,0,0,1,0,0,0,0
-1.47644,0.99002,-1.51202,-0.6634,-1.61378,1.53849,-0.94022,-0.78351,-0.55497,0.68564,-0.93904,1.27355,-0.21538,0,1,0,0,0,0,0,0,1,0,0,0,1,0,0,0
-0.31731,0.49732,0.64416,-1.24758,0.40868,-0.64958,1.06291,-0.15215,-0.408,-0.73931,-0.93904,-0.78471,-1.75062,0,0,0,0,0,1,1,0,0,0,0,0,1,0,0,0
0.84182,-0.98079,-1.51202,1.6733,-1.188,-0.64958,-0.94022,-1.05409,-0.95784,-1.68695,-0.93904,1.27355,-0.01173,0,0,0,0,1,0,0,0,0,0,1,0,0,1,0,0
-1.47644,-0.98079,1.50663,-1.24758,1.26025,-0.64958,-0.94022,-0.78351,-0.89617,-1.73822,-0.93904,-0.78471,-0.96733,0,1,0,0,0,0,1,0,0,0,0,0,1,0,0,0
0.84182,0.49732,1.29101,-1.24758,1.04736,-0.64958,1.06291,-0.15215,0.02768,0.55046,1.06425,-0.78471,-1.65662,0,0,0,0,0,1,0,0,0,1,0,1,0,0,0,0
0.84182,-0.98079,1.29101,0.50495,1.36669,-0.64958,1.06291,-0.78351,-0.49855,1.08651,-0.93904,1.27355,-0.40337,0,1,0,0,0,0,1,0,0,0,0,0,0,0,1,0
-1.47644,-0.48808,-1.08078,-1.24758,-1.29444,-0.64958,1.06291,1.92233,1.27434,-0.19068,1.06425,1.27355,0.28592,1,0,0,0,0,0,1,0,0,0,0,0,0,0,1,0
0.26225,0.00462,-0.0027,0.50495,0.08935,-0.64958,-0.94022,-0.51293,-0.81087,-1.64593,-0.93904,-0.78471,1.12403,0,0,1,0,0,0,1,0,0,0,0,0,0,1,0,0
-1.47644,-0.98079,0.42854,1.6733,0.72802,-0.64958,1.06291,0.6596,0.81242,0.56911,1.06425,-0.78471,1.13186,0,0,0,1,0,0,0,0,0,0,1,1,0,0,0,0
-0.89688,-0.48808,-1.51202,-0.6634,-1.61378,-0.64958,-0.94022,-0.78351,-0.62977,0.15426,-0.93904,-0.78471,-0.53653,0,1,0,0,0,0,0,0,1,0,0,0,0,0,0,1
0.26225,-0.98079,-0.86517,1.6733,-0.54933,-0.64958,1.06291,-0.78351,-0.59959,0.36867,-0.93904,1.27355,-0.75585,0,1,0,0,0,0,1,0,0,0,0,0,0,0,1,0
-0.31731,-1.47349,0.42854,-1.24758,0.19579,-0.64958,1.06291,0.6596,0.07886,-0.67126,1.06425,-0.78471,0.50524,0,0,0,1,0,0,0,0,0,0,1,0,0,0,0,1
-0.89688,-1.47349,0.42854,-1.24758,0.19579,-0.64958,1.06291,-0.15215,0.01455,0.51178,1.06425,1.27355,-1.66446,0,0,0,0,0,1,1,0,0,0,0,0,1,0,0,0
1.42139,0.49732,-1.51202,-1.24758,-1.72023,-0.64958,-0.94022,-0.78351,-0.61534,0.2568,-0.93904,1.27355,-1.19449,0,1,0,0,0,0,0,0,1,0,0,0,0,0,1,0
0.26225,0.99002,0.85978,0.50495,0.94091,1.53849,-0.94022,-1.05409,-0.93029,-1.19752,-0.93904,-0.78471,-0.11356,0,0,0,0,1,0,0,0,0,1,0,0,0,1,0,0
-0.89688,-0.98079,1.29101,1.6733,1.57958,-0.64958,1.06291,-1.05409,-0.90273,-0.70808,-0.93904,-0.78471,-0.27021,0,0,0,0,1,0,0,0,0,1,0,0,0,1,0,0
-0.89688,-1.47349,0.21292,-0.6634,0.08935,-0.64958,-0.94022,-0.15215,-0.38963,-0.68477,-0.93904,-0.78471,-2.0326,0,0,0,0,0,1,0,0,0,1,0,0,1,0,0,0
-0.31731,0.99002,-1.51202,-0.07923,-1.50733,1.53849,-0.94022,-0.78351,-0.6534,-0.01355,-0.93904,1.27355,-0.85768,0,1,0,0,0,0,0,0,1,0,0,0,0,0,0,1
0.84182,-0.98079,-0.86517,-0.07923,-0.86866,-0.64958,1.06291,-0.78351,-0.57991,0.50851,-0.93904,-0.78471,-0.69319,0,1,0,0,0,0,1,0,0,0,0,0,1,0,0,0
1.42139,-0.98079,-0.64955,1.6733,-0.33643,-0.64958,-0.94022,1.92233,-0.17966,-1.66644,1.06425,-0.78471,0.59923,1,0,0,0,0,0,1,0,0,0,0,0,1,0,0,0
-0.89688,-0.48808,-0.64955,0.50495,-0.54933,-0.64958,-0.94022,-0.51293,-0.64946,-0.92949,-0.93904,-0.78471,1.73499,0,0,1,0,0,0,1,0,0,0,0,0,0,1,0,0
-1.47644,1.48273,-0.64955,1.6733,-0.33643,1.53849,-0.94022,-0.51293,-0.82793,-1.72191,-0.93904,-0.78471,1.85248,0,0,1,0,0,0,0,0,0,0,1,0,0,0,0,1
0.84182,0.49732,1.29101,-0.6634,1.1538,-0.64958,1.06291,-0.78351,-0.56154,0.63903,-0.93904,1.27355,-1.0065,0,1,0,0,0,0,1,0,0,0,0,0,0,0,0,1
0.84182,-0.98079,-0.64955,1.6733,-0.33643,-0.64958,-0.94022,-0.78351,-0.65864,-0.05084,-0.93904,1.27355,-0.12922,0,1,0,0,0,0,0,0,1,0,0,0,0,0,0,1
-0.89688,0.99002,-0.64955,0.50495,-0.54933,1.53849,-0.94022,-0.15215,-0.2794,-0.35849,1.06425,-0.78471,-2.04827,0,0,0,0,0,1,0,0,0,1,0,0,1,0,0,0
0.26225,1.48273,0.21292,-1.24758,-0.0171,1.53849,-0.94022,1.92233,3.59183,2.1614,1.06425,1.27355,0.76372,1,0,0,0,0,0,0,1,0,0,0,0,0,0,1,0
-1.47644,1.48273,-0.86517,-1.24758,-1.08155,1.53849,1.06291,-0.78351,-0.56679,0.60174,-0.93904,-0.78471,-0.83418,0,1,0,0,0,0,1,0,0,0,0,0,0,0,1,0
-0.31731,1.48273,-1.08078,-0.6634,-1.188,1.53849,1.06291,0.6596,1.54861,1.8146,1.06425,-0.78471,0.66189,0,0,0,1,0,0,0,0,0,0,1,1,0,0,0,0
0.84182,0.49732,1.29101,-0.6634,1.1538,-0.64958,1.06291,-0.78351,-0.44868,1.44077,-0.93904,1.27355,-0.4347,0,1,0,0,0,0,0,0,1,0,0,0,0,0,1,0
-0.89688,1.48273,-1.08078,-0.07923,-1.08155,1.53849,1.06291,-0.15215,0.28751,1.31957,1.06425,1.27355,-0.89684,0,0,0,0,0,1,0,1,0,0,0,0,0,0,1,0
0.26225,0.49732,1.07539,-0.07923,1.04736,-0.64958,1.06291,0.6596,0.56834,0.15659,1.06425,-0.78471,0.77155,0,0,0,1,0,0,0,0,0,0,1,0,0,1,0,0
1.42139,0.00462,-1.2964,-0.07923,-1.29444,-0.64958,-0.94022,0.6596,0.82292,0.58729,1.06425,1.27355,0.43474,0,0,0,1,0,0,0,1,0,0,0,1,0,0,0,0
0.84182,-1.47349,0.85978,1.6733,1.1538,-0.64958,-0.94022,-1.05409,-0.94603,-1.47719,-0.93904,-0.78471,-0.27805,0,0,0,0,1,0,0,0,0,1,0,0,0,1,0,0
-1.47644,0.00462,0.64416,-0.6634,0.51513,-0.64958,1.06291,0.6596,0.30457,-0.2895,1.06425,-0.78471,0.18409,0,0,0,1,0,0,0,0,0,0,1,0,0,0,0,1
1.42139,0.99002,-0.0027,1.6733,0.30224,1.53849,-0.94022,0.6596,0.20221,-0.4629,1.06425,-0.78471,0.93604,0,0,0,1,0,0,0,0,0,1,0,0,0,1,0,0
0.84182,-0.98079,-0.0027,-1.24758,-0.22999,-0.64958,-0.94022,-0.15215,0.27045,1.26923,1.06425,1.27355,-1.71145,0,0,0,0,0,1,0,1,0,0,0,1,0,0,0,0
0.84182,0.49732,-1.2964,-1.24758,-1.50733,-0.64958,-0.94022,-0.15215,-0.35157,-0.57197,-0.93904,-0.78471,-1.20232,0,0,0,0,0,1,1,0,0,0,0,0,0,0,1,0
